id,name,price,stock
1,Roasted Coffee Cappuccino Sticks #1,641.25,8
2,Sweet Tea Jasmine Pearls #2,484.49,11
3,Light Snack Trail Mix #3,138.99,14
4,Special Drink Sports Drink #4,172.99,17
5,Local Bakery Cinnamon Roll #5,164.50,20
6,Fresh Dairy Greek Yogurt #6,231.49,23
7,Classic Pantry Soy Sauce 1L #7,195.25,26
8,Original Frozen Frozen Pizza #8,116.49,29
9,Salted Produce Garlic Bulb #9,69.25,32
10,Spicy Meat Lamb Chops #10,187.99,35
11,Deluxe Bath Mouthwash #11,150.99,38
12,Imported Clean Floor Wax #12,413.00,41
13,Natural Office Highlighter #13,61.25,44
14,Organic Tech Earphones #14,1559.50,47
15,Premium Pet Cat Food 1kg #15,169.49,50
16,Roasted Coffee Espresso Beans #16,363.00,53
17,Sweet Tea Hibiscus Leaves #17,463.99,56
18,Light Snack Popcorn Bag #18,96.25,59
19,Special Drink Juice Box #19,174.49,62
20,Local Bakery Banana Bread #20,204.50,65
21,Fresh Dairy Cheddar Block #21,259.49,68
22,Classic Pantry Brown Sugar 1kg #22,116.75,71
23,Original Frozen Ice Cream Tub #23,522.99,74
24,Salted Produce Red Apple #24,29.50,77
25,Spicy Meat Turkey Slice #25,1207.75,80
26,Deluxe Bath Deodorant #26,197.00,83
27,Imported Clean Glass Cleaner #27,381.25,86
28,Natural Office Stapler #28,228.50,89
29,Organic Tech Power Bank #29,2248.49,92
30,Premium Pet Pet Treats #30,302.75,95
31,Roasted Coffee Arabica Grounds #31,587.75,98
32,Sweet Tea Green Tea Bags #32,216.50,6
33,Light Snack Beef Jerky #33,226.75,9
34,Special Drink Coconut Water #34,121.99,12
35,Local Bakery Muffin #35,27.25,15
36,Fresh Dairy Mozzarella Ball #36,281.75,18
37,Classic Pantry Iodized Salt #37,279.99,21
38,Original Frozen Frozen Berries #38,423.00,24
39,Salted Produce Banana Bunch #39,58.50,27
40,Spicy Meat Pork Belly #40,373.75,30
41,Deluxe Bath Hand Sanitizer #41,87.99,33
42,Imported Clean Trash Bags #42,411.25,36
43,Natural Office Tape Roll #43,18.50,39
44,Organic Tech HDMI Cable #44,2395.49,42
45,Premium Pet Cat Litter #45,571.75,45
46,Roasted Coffee Cold Brew Concentrate #46,318.99,48
47,Sweet Tea Black Tea Loose #47,377.75,51
48,Light Snack Potato Chips #48,167.25,54
49,Special Drink Lemonade Bottle #49,93.49,57
50,Local Bakery Bagel #50,52.00,60
51,Fresh Dairy Butter Stick #51,100.50,63
52,Classic Pantry Black Pepper #52,427.75,66
53,Original Frozen French Fries #53,520.75,69
54,Salted Produce Cavendish #54,29.75,72
55,Spicy Meat Chicken Breast #55,1358.00,75
56,Deluxe Bath Bar Soap #56,340.75,78
57,Imported Clean Sponge Pack #57,279.25,81
58,Natural Office Eraser #58,218.75,84
59,Organic Tech Wireless Mouse #59,1855.99,87
60,Premium Pet Dog Toy #60,354.99,90
61,Roasted Coffee Instant Sachets #61,231.75,93
62,Sweet Tea Chamomile Pouch #62,477.00,96
63,Light Snack Tortilla Chips #63,61.49,99
64,Special Drink Mineral Water 500ml #64,81.75,7
65,Local Bakery Donut #65,77.50,10
66,Fresh Dairy Cream Cheese #66,364.00,13
67,Classic Pantry Vinegar Bottle #67,31.00,16
68,Original Frozen Chicken Nuggets #68,90.25,19
69,Salted Produce Green Lettuce #69,139.99,22
70,Spicy Meat Ground Beef #70,1172.49,25
71,Deluxe Bath Shampoo 200ml #71,218.99,28
72,Imported Clean Laundry Pod #72,62.99,31
73,Natural Office Marker Pen #73,80.25,34
74,Organic Tech Keyboard #74,2069.75,37
75,Premium Pet Pet Shampoo #75,41.50,40
76,Roasted Coffee Decaf Pods #76,313.25,43
77,Sweet Tea Matcha Powder #77,289.00,46
78,Light Snack Pretzel Sticks #78,190.75,49
79,Special Drink Soda Can 330ml #79,42.99,52
80,Local Bakery Sourdough Loaf #80,95.00,55
81,Fresh Dairy Whipping Cream #81,268.99,58
82,Classic Pantry Tomato Sauce #82,103.50,61
83,Original Frozen Fish Fillet #83,111.99,64
84,Salted Produce Cherry Tomato #84,131.50,67
85,Spicy Meat Bacon Strips #85,611.00,70
86,Deluxe Bath Conditioner 200ml #86,272.50,73
87,Imported Clean Dish Soap #87,260.75,76
88,Natural Office Ballpen Black #88,145.99,79
89,Organic Tech Webcam #89,1881.50,82
90,Premium Pet Aquarium Pellets #90,742.50,85
91,Roasted Coffee Mocha Mix #91,487.49,88
92,Sweet Tea Oolong Tin #92,354.50,91
93,Light Snack Cheese Crackers #93,163.00,94
94,Special Drink Iced Tea Bottle #94,21.75,97
95,Local Bakery Baguette #95,144.50,5
96,Fresh Dairy Whole Milk 1L #96,132.25,8
97,Classic Pantry Pasta 500g #97,483.49,11
98,Original Frozen Veggie Mix #98,577.50,14
99,Salted Produce Carrot Pack #99,164.75,17
100,Spicy Meat Pork Loin #100,1471.00,20
101,Deluxe Bath Body Wash #101,194.00,23
102,Imported Clean All-Purpose Spray #102,309.50,26
103,Natural Office Notebook A5 #103,95.99,29
104,Organic Tech USB-C Cable #104,554.49,32
105,Premium Pet Bird Seed #105,51.75,35
106,Roasted Coffee Latte Powder #106,223.00,38
107,Sweet Tea Earl Grey Box #107,437.99,41
108,Light Snack Granola Bar #108,232.00,44
109,Special Drink Energy Drink #109,40.25,47
110,Local Bakery Croissant #110,63.50,50
111,Fresh Dairy Skim Milk 1L #111,340.75,53
112,Classic Pantry Olive Oil 500ml #112,463.75,56
113,Original Frozen Frozen Dumplings #113,336.99,59
114,Salted Produce Sweet Onion #114,44.25,62
115,Spicy Meat Sausage Pack #115,1281.25,65
116,Deluxe Bath Toothpaste #116,331.49,68
117,Imported Clean Bleach Bottle #117,145.75,71
118,Natural Office Sticky Notes #118,35.00,74
119,Organic Tech Phone Charger #119,1183.99,77
120,Premium Pet Dog Food 1kg #120,708.25,80
121,Roasted Coffee Cappuccino Sticks #121,624.50,83
122,Sweet Tea Jasmine Pearls #122,53.75,86
123,Light Snack Trail Mix #123,101.00,89
124,Special Drink Sports Drink #124,33.50,92
125,Local Bakery Cinnamon Roll #125,120.49,95
126,Fresh Dairy Greek Yogurt #126,129.50,98
127,Classic Pantry Soy Sauce 1L #127,255.99,6
128,Original Frozen Frozen Pizza #128,638.99,9
129,Salted Produce Garlic Bulb #129,90.00,12
130,Spicy Meat Lamb Chops #130,570.25,15
131,Deluxe Bath Mouthwash #131,292.50,18
132,Imported Clean Floor Wax #132,407.50,21
133,Natural Office Highlighter #133,114.00,24
134,Organic Tech Earphones #134,2147.49,27
135,Premium Pet Cat Food 1kg #135,801.49,30
136,Roasted Coffee Espresso Beans #136,140.75,33
137,Sweet Tea Hibiscus Leaves #137,387.00,36
138,Light Snack Popcorn Bag #138,126.75,39
139,Special Drink Juice Box #139,39.25,42
140,Local Bakery Banana Bread #140,86.99,45
141,Fresh Dairy Cheddar Block #141,93.50,48
142,Classic Pantry Brown Sugar 1kg #142,366.50,51
143,Original Frozen Ice Cream Tub #143,374.99,54
144,Salted Produce Red Apple #144,70.49,57
145,Spicy Meat Turkey Slice #145,501.99,60
146,Deluxe Bath Deodorant #146,160.50,63
147,Imported Clean Glass Cleaner #147,156.75,66
148,Natural Office Stapler #148,241.49,69
149,Organic Tech Power Bank #149,820.75,72
150,Premium Pet Pet Treats #150,513.75,75
151,Roasted Coffee Arabica Grounds #151,280.50,78
152,Sweet Tea Green Tea Bags #152,497.49,81
153,Light Snack Beef Jerky #153,79.50,84
154,Special Drink Coconut Water #154,158.99,87
155,Local Bakery Muffin #155,110.49,90
156,Fresh Dairy Mozzarella Ball #156,119.49,93
157,Classic Pantry Iodized Salt #157,227.50,96
158,Original Frozen Frozen Berries #158,105.25,99
159,Salted Produce Banana Bunch #159,52.25,7
160,Spicy Meat Pork Belly #160,1477.50,10
161,Deluxe Bath Hand Sanitizer #161,318.49,13
162,Imported Clean Trash Bags #162,328.99,16
163,Natural Office Tape Roll #163,159.49,19
164,Organic Tech HDMI Cable #164,970.49,22
165,Premium Pet Cat Litter #165,447.25,25
166,Roasted Coffee Cold Brew Concentrate #166,426.50,28
167,Sweet Tea Black Tea Loose #167,404.00,31
168,Light Snack Potato Chips #168,131.25,34
169,Special Drink Lemonade Bottle #169,150.50,37
170,Local Bakery Bagel #170,177.75,40
171,Fresh Dairy Butter Stick #171,228.00,43
172,Classic Pantry Black Pepper #172,133.50,46
173,Original Frozen French Fries #173,100.99,49
174,Salted Produce Cavendish #174,107.50,52
175,Spicy Meat Chicken Breast #175,550.49,55
176,Deluxe Bath Bar Soap #176,263.99,58
177,Imported Clean Sponge Pack #177,315.75,61
178,Natural Office Eraser #178,44.00,64
179,Organic Tech Wireless Mouse #179,678.99,67
180,Premium Pet Dog Toy #180,234.25,70
181,Roasted Coffee Instant Sachets #181,458.49,73
182,Sweet Tea Chamomile Pouch #182,218.00,76
183,Light Snack Tortilla Chips #183,139.99,79
184,Special Drink Mineral Water 500ml #184,35.99,82
185,Local Bakery Donut #185,131.50,85
186,Fresh Dairy Cream Cheese #186,69.49,88
187,Classic Pantry Vinegar Bottle #187,405.49,91
188,Original Frozen Chicken Nuggets #188,506.00,94
189,Salted Produce Green Lettuce #189,178.49,97
190,Spicy Meat Ground Beef #190,762.25,5
191,Deluxe Bath Shampoo 200ml #191,186.99,8
192,Imported Clean Laundry Pod #192,233.99,11
193,Natural Office Marker Pen #193,48.00,14
194,Organic Tech Keyboard #194,2058.50,17
195,Premium Pet Pet Shampoo #195,685.50,20
196,Roasted Coffee Decaf Pods #196,328.25,23
197,Sweet Tea Matcha Powder #197,188.49,26
198,Light Snack Pretzel Sticks #198,226.00,29
199,Special Drink Soda Can 330ml #199,148.50,32
200,Local Bakery Sourdough Loaf #200,192.25,35
201,Fresh Dairy Whipping Cream #201,283.50,38
202,Classic Pantry Tomato Sauce #202,140.00,41
203,Original Frozen Fish Fillet #203,268.50,44
204,Salted Produce Cherry Tomato #204,161.49,47
205,Spicy Meat Bacon Strips #205,262.49,50
206,Deluxe Bath Conditioner 200ml #206,272.75,53
207,Imported Clean Dish Soap #207,315.00,56
208,Natural Office Ballpen Black #208,53.00,59
209,Organic Tech Webcam #209,818.25,62
210,Premium Pet Aquarium Pellets #210,865.50,65
211,Roasted Coffee Mocha Mix #211,198.99,68
212,Sweet Tea Oolong Tin #212,68.00,71
213,Light Snack Cheese Crackers #213,74.75,74
214,Special Drink Iced Tea Bottle #214,95.00,77
215,Local Bakery Baguette #215,193.75,80
216,Fresh Dairy Whole Milk 1L #216,122.49,83
217,Classic Pantry Pasta 500g #217,115.75,86
218,Original Frozen Veggie Mix #218,105.00,89
219,Salted Produce Carrot Pack #219,25.00,92
220,Spicy Meat Pork Loin #220,1032.00,95
221,Deluxe Bath Body Wash #221,197.25,98
222,Imported Clean All-Purpose Spray #222,94.75,6
223,Natural Office Notebook A5 #223,32.75,9
224,Organic Tech USB-C Cable #224,1801.00,12
225,Premium Pet Bird Seed #225,789.50,15
226,Roasted Coffee Latte Powder #226,297.75,18
227,Sweet Tea Earl Grey Box #227,493.99,21
228,Light Snack Granola Bar #228,210.75,24
229,Special Drink Energy Drink #229,48.49,27
230,Local Bakery Croissant #230,59.75,30
231,Fresh Dairy Skim Milk 1L #231,161.50,33
232,Classic Pantry Olive Oil 500ml #232,52.25,36
233,Original Frozen Frozen Dumplings #233,544.49,39
234,Salted Produce Sweet Onion #234,23.25,42
235,Spicy Meat Sausage Pack #235,950.50,45
236,Deluxe Bath Toothpaste #236,224.00,48
237,Imported Clean Bleach Bottle #237,186.49,51
238,Natural Office Sticky Notes #238,160.25,54
239,Organic Tech Phone Charger #239,2361.75,57
240,Premium Pet Dog Food 1kg #240,540.00,60
241,Roasted Coffee Cappuccino Sticks #241,375.49,63
242,Sweet Tea Jasmine Pearls #242,182.49,66
243,Light Snack Trail Mix #243,66.49,69
244,Special Drink Sports Drink #244,29.99,72
245,Local Bakery Cinnamon Roll #245,186.99,75
246,Fresh Dairy Greek Yogurt #246,234.99,78
247,Classic Pantry Soy Sauce 1L #247,37.00,81
248,Original Frozen Frozen Pizza #248,628.25,84
249,Salted Produce Garlic Bulb #249,91.75,87
250,Spicy Meat Lamb Chops #250,610.75,90
251,Deluxe Bath Mouthwash #251,139.25,93
252,Imported Clean Floor Wax #252,129.75,96
253,Natural Office Highlighter #253,100.25,99
254,Organic Tech Earphones #254,2321.49,7
255,Premium Pet Cat Food 1kg #255,286.00,10
256,Roasted Coffee Espresso Beans #256,195.25,13
257,Sweet Tea Hibiscus Leaves #257,87.25,16
258,Light Snack Popcorn Bag #258,95.50,19
259,Special Drink Juice Box #259,125.99,22
260,Local Bakery Banana Bread #260,136.50,25
261,Fresh Dairy Cheddar Block #261,418.50,28
262,Classic Pantry Brown Sugar 1kg #262,405.75,31
263,Original Frozen Ice Cream Tub #263,532.00,34
264,Salted Produce Red Apple #264,23.00,37
265,Spicy Meat Turkey Slice #265,647.99,40
266,Deluxe Bath Deodorant #266,247.25,43
267,Imported Clean Glass Cleaner #267,103.00,46
268,Natural Office Stapler #268,55.50,49
269,Organic Tech Power Bank #269,398.25,52
270,Premium Pet Pet Treats #270,313.25,55
271,Roasted Coffee Arabica Grounds #271,132.75,58
272,Sweet Tea Green Tea Bags #272,128.00,61
273,Light Snack Beef Jerky #273,25.75,64
274,Special Drink Coconut Water #274,98.50,67
275,Local Bakery Muffin #275,96.75,70
276,Fresh Dairy Mozzarella Ball #276,235.49,73
277,Classic Pantry Iodized Salt #277,341.25,76
278,Original Frozen Frozen Berries #278,247.49,79
279,Salted Produce Banana Bunch #279,43.99,82
280,Spicy Meat Pork Belly #280,1494.99,85
281,Deluxe Bath Hand Sanitizer #281,110.25,88
282,Imported Clean Trash Bags #282,103.25,91
283,Natural Office Tape Roll #283,93.50,94
284,Organic Tech HDMI Cable #284,1192.49,97
285,Premium Pet Cat Litter #285,941.25,5
286,Roasted Coffee Cold Brew Concentrate #286,115.50,8
287,Sweet Tea Black Tea Loose #287,116.99,11
288,Light Snack Potato Chips #288,189.50,14
289,Special Drink Lemonade Bottle #289,31.25,17
290,Local Bakery Bagel #290,179.25,20
291,Fresh Dairy Butter Stick #291,120.49,23
292,Classic Pantry Black Pepper #292,75.25,26
293,Original Frozen French Fries #293,210.49,29
294,Salted Produce Cavendish #294,111.25,32
295,Spicy Meat Chicken Breast #295,289.75,35
296,Deluxe Bath Bar Soap #296,153.50,38
297,Imported Clean Sponge Pack #297,225.99,41
298,Natural Office Eraser #298,202.99,44
299,Organic Tech Wireless Mouse #299,189.75,47
300,Premium Pet Dog Toy #300,53.49,50
301,Roasted Coffee Instant Sachets #301,211.00,53
302,Sweet Tea Chamomile Pouch #302,149.25,56
303,Light Snack Tortilla Chips #303,21.25,59
304,Special Drink Mineral Water 500ml #304,149.75,62
305,Local Bakery Donut #305,44.75,65
306,Fresh Dairy Cream Cheese #306,119.75,68
307,Classic Pantry Vinegar Bottle #307,432.75,71
308,Original Frozen Chicken Nuggets #308,350.25,74
309,Salted Produce Green Lettuce #309,111.99,77
310,Spicy Meat Ground Beef #310,707.25,80
311,Deluxe Bath Shampoo 200ml #311,194.99,83
312,Imported Clean Laundry Pod #312,403.99,86
313,Natural Office Marker Pen #313,188.00,89
314,Organic Tech Keyboard #314,774.25,92
315,Premium Pet Pet Shampoo #315,792.99,95
316,Roasted Coffee Decaf Pods #316,204.25,98
317,Sweet Tea Matcha Powder #317,244.75,6
318,Light Snack Pretzel Sticks #318,94.99,9
319,Special Drink Soda Can 330ml #319,148.99,12
320,Local Bakery Sourdough Loaf #320,195.50,15
321,Fresh Dairy Whipping Cream #321,68.50,18
322,Classic Pantry Tomato Sauce #322,188.00,21
323,Original Frozen Fish Fillet #323,270.00,24
324,Salted Produce Cherry Tomato #324,153.00,27
325,Spicy Meat Bacon Strips #325,833.99,30
326,Deluxe Bath Conditioner 200ml #326,62.75,33
327,Imported Clean Dish Soap #327,385.50,36
328,Natural Office Ballpen Black #328,240.50,39
329,Organic Tech Webcam #329,1460.49,42
330,Premium Pet Aquarium Pellets #330,107.50,45
331,Roasted Coffee Mocha Mix #331,576.99,48
332,Sweet Tea Oolong Tin #332,435.49,51
333,Light Snack Cheese Crackers #333,226.49,54
334,Special Drink Iced Tea Bottle #334,66.00,57
335,Local Bakery Baguette #335,106.49,60
336,Fresh Dairy Whole Milk 1L #336,278.49,63
337,Classic Pantry Pasta 500g #337,258.75,66
338,Original Frozen Veggie Mix #338,535.99,69
339,Salted Produce Carrot Pack #339,63.25,72
340,Spicy Meat Pork Loin #340,1383.49,75
341,Deluxe Bath Body Wash #341,304.49,78
342,Imported Clean All-Purpose Spray #342,401.00,81
343,Natural Office Notebook A5 #343,228.49,84
344,Organic Tech USB-C Cable #344,2443.25,87
345,Premium Pet Bird Seed #345,569.50,90
346,Roasted Coffee Latte Powder #346,436.50,93
347,Sweet Tea Earl Grey Box #347,225.00,96
348,Light Snack Granola Bar #348,210.99,99
349,Special Drink Energy Drink #349,26.75,7
350,Local Bakery Croissant #350,98.99,10
351,Fresh Dairy Skim Milk 1L #351,117.00,13
352,Classic Pantry Olive Oil 500ml #352,210.00,16
353,Original Frozen Frozen Dumplings #353,217.00,19
354,Salted Produce Sweet Onion #354,37.99,22
355,Spicy Meat Sausage Pack #355,1445.99,25
356,Deluxe Bath Toothpaste #356,65.75,28
357,Imported Clean Bleach Bottle #357,216.99,31
358,Natural Office Sticky Notes #358,107.00,34
359,Organic Tech Phone Charger #359,2164.00,37
360,Premium Pet Dog Food 1kg #360,166.49,40
361,Roasted Coffee Cappuccino Sticks #361,558.00,43
362,Sweet Tea Jasmine Pearls #362,298.75,46
363,Light Snack Trail Mix #363,180.49,49
364,Special Drink Sports Drink #364,141.50,52
365,Local Bakery Cinnamon Roll #365,87.50,55
366,Fresh Dairy Greek Yogurt #366,418.75,58
367,Classic Pantry Soy Sauce 1L #367,447.00,61
368,Original Frozen Frozen Pizza #368,150.50,64
369,Salted Produce Garlic Bulb #369,94.50,67
370,Spicy Meat Lamb Chops #370,154.49,70
371,Deluxe Bath Mouthwash #371,156.25,73
372,Imported Clean Floor Wax #372,212.75,76
373,Natural Office Highlighter #373,204.49,79
374,Organic Tech Earphones #374,659.49,82
375,Premium Pet Cat Food 1kg #375,586.25,85
376,Roasted Coffee Espresso Beans #376,316.50,88
377,Sweet Tea Hibiscus Leaves #377,240.00,91
378,Light Snack Popcorn Bag #378,188.25,94
379,Special Drink Juice Box #379,28.50,97
380,Local Bakery Banana Bread #380,83.75,5
381,Fresh Dairy Cheddar Block #381,394.99,8
382,Classic Pantry Brown Sugar 1kg #382,391.00,11
383,Original Frozen Ice Cream Tub #383,361.75,14
384,Salted Produce Red Apple #384,112.00,17
385,Spicy Meat Turkey Slice #385,1057.25,20
386,Deluxe Bath Deodorant #386,103.00,23
387,Imported Clean Glass Cleaner #387,282.49,26
388,Natural Office Stapler #388,113.25,29
389,Organic Tech Power Bank #389,2455.49,32
390,Premium Pet Pet Treats #390,871.50,35
391,Roasted Coffee Arabica Grounds #391,277.49,38
392,Sweet Tea Green Tea Bags #392,137.75,41
393,Light Snack Beef Jerky #393,87.75,44
394,Special Drink Coconut Water #394,39.25,47
395,Local Bakery Muffin #395,119.75,50
396,Fresh Dairy Mozzarella Ball #396,176.99,53
397,Classic Pantry Iodized Salt #397,129.49,56
398,Original Frozen Frozen Berries #398,516.50,59
399,Salted Produce Banana Bunch #399,131.25,62
400,Spicy Meat Pork Belly #400,532.99,65
401,Deluxe Bath Hand Sanitizer #401,311.49,68
402,Imported Clean Trash Bags #402,161.99,71
403,Natural Office Tape Roll #403,246.75,74
404,Organic Tech HDMI Cable #404,1023.00,77
405,Premium Pet Cat Litter #405,519.25,80
406,Roasted Coffee Cold Brew Concentrate #406,296.49,83
407,Sweet Tea Black Tea Loose #407,163.49,86
408,Light Snack Potato Chips #408,213.99,89
409,Special Drink Lemonade Bottle #409,59.50,92
410,Local Bakery Bagel #410,66.00,95
411,Fresh Dairy Butter Stick #411,294.25,98
412,Classic Pantry Black Pepper #412,58.00,6
413,Original Frozen French Fries #413,297.25,9
414,Salted Produce Cavendish #414,97.50,12
415,Spicy Meat Chicken Breast #415,601.50,15
416,Deluxe Bath Bar Soap #416,284.75,18
417,Imported Clean Sponge Pack #417,120.00,21
418,Natural Office Eraser #418,163.75,24
419,Organic Tech Wireless Mouse #419,272.00,27
420,Premium Pet Dog Toy #420,93.49,30
421,Roasted Coffee Instant Sachets #421,420.25,33
422,Sweet Tea Chamomile Pouch #422,56.50,36
423,Light Snack Tortilla Chips #423,53.99,39
424,Special Drink Mineral Water 500ml #424,39.25,42
425,Local Bakery Donut #425,48.99,45
426,Fresh Dairy Cream Cheese #426,265.75,48
427,Classic Pantry Vinegar Bottle #427,119.49,51
428,Original Frozen Chicken Nuggets #428,598.00,54
429,Salted Produce Green Lettuce #429,62.49,57
430,Spicy Meat Ground Beef #430,427.50,60
431,Deluxe Bath Shampoo 200ml #431,289.50,63
432,Imported Clean Laundry Pod #432,396.25,66
433,Natural Office Marker Pen #433,25.75,69
434,Organic Tech Keyboard #434,644.99,72
435,Premium Pet Pet Shampoo #435,892.00,75
436,Roasted Coffee Decaf Pods #436,317.25,78
437,Sweet Tea Matcha Powder #437,443.49,81
438,Light Snack Pretzel Sticks #438,77.25,84
439,Special Drink Soda Can 330ml #439,176.25,87
440,Local Bakery Sourdough Loaf #440,127.75,90
441,Fresh Dairy Whipping Cream #441,352.50,93
442,Classic Pantry Tomato Sauce #442,60.25,96
443,Original Frozen Fish Fillet #443,157.75,99
444,Salted Produce Cherry Tomato #444,117.00,7
445,Spicy Meat Bacon Strips #445,1222.75,10
446,Deluxe Bath Conditioner 200ml #446,99.00,13
447,Imported Clean Dish Soap #447,349.50,16
448,Natural Office Ballpen Black #448,78.00,19
449,Organic Tech Webcam #449,1587.50,22
450,Premium Pet Aquarium Pellets #450,179.99,25
451,Roasted Coffee Mocha Mix #451,623.49,28
452,Sweet Tea Oolong Tin #452,214.99,31
453,Light Snack Cheese Crackers #453,24.25,34
454,Special Drink Iced Tea Bottle #454,132.75,37
455,Local Bakery Baguette #455,49.25,40
456,Fresh Dairy Whole Milk 1L #456,117.75,43
457,Classic Pantry Pasta 500g #457,242.99,46
458,Original Frozen Veggie Mix #458,408.99,49
459,Salted Produce Carrot Pack #459,129.75,52
460,Spicy Meat Pork Loin #460,184.50,55
461,Deluxe Bath Body Wash #461,259.00,58
462,Imported Clean All-Purpose Spray #462,161.75,61
463,Natural Office Notebook A5 #463,43.00,64
464,Organic Tech USB-C Cable #464,445.00,67
465,Premium Pet Bird Seed #465,239.00,70
466,Roasted Coffee Latte Powder #466,462.50,73
467,Sweet Tea Earl Grey Box #467,41.75,76
468,Light Snack Granola Bar #468,101.25,79
469,Special Drink Energy Drink #469,54.50,82
470,Local Bakery Croissant #470,104.25,85
471,Fresh Dairy Skim Milk 1L #471,106.00,88
472,Classic Pantry Olive Oil 500ml #472,170.25,91
473,Original Frozen Frozen Dumplings #473,463.49,94
474,Salted Produce Sweet Onion #474,176.50,97
475,Spicy Meat Sausage Pack #475,672.99,5
476,Deluxe Bath Toothpaste #476,60.49,8
477,Imported Clean Bleach Bottle #477,97.50,11
478,Natural Office Sticky Notes #478,99.25,14
479,Organic Tech Phone Charger #479,2205.49,17
480,Premium Pet Dog Food 1kg #480,91.25,20
481,Roasted Coffee Cappuccino Sticks #481,443.99,23
482,Sweet Tea Jasmine Pearls #482,47.50,26
483,Light Snack Trail Mix #483,63.50,29
484,Special Drink Sports Drink #484,166.99,32
485,Local Bakery Cinnamon Roll #485,144.25,35
486,Fresh Dairy Greek Yogurt #486,402.49,38
487,Classic Pantry Soy Sauce 1L #487,425.50,41
488,Original Frozen Frozen Pizza #488,299.99,44
489,Salted Produce Garlic Bulb #489,56.49,47
490,Spicy Meat Lamb Chops #490,935.25,50
491,Deluxe Bath Mouthwash #491,182.49,53
492,Imported Clean Floor Wax #492,144.99,56
493,Natural Office Highlighter #493,41.25,59
494,Organic Tech Earphones #494,2395.50,62
495,Premium Pet Cat Food 1kg #495,121.00,65
496,Roasted Coffee Espresso Beans #496,621.99,68
497,Sweet Tea Hibiscus Leaves #497,464.49,71
498,Light Snack Popcorn Bag #498,144.50,74
499,Special Drink Juice Box #499,33.49,77
500,Local Bakery Banana Bread #500,96.00,80
501,Fresh Dairy Cheddar Block #501,351.75,83
502,Classic Pantry Brown Sugar 1kg #502,346.50,86
503,Original Frozen Ice Cream Tub #503,174.99,89
504,Salted Produce Red Apple #504,40.50,92
505,Spicy Meat Turkey Slice #505,1409.75,95
506,Deluxe Bath Deodorant #506,161.99,98
507,Imported Clean Glass Cleaner #507,211.49,6
508,Natural Office Stapler #508,191.99,9
509,Organic Tech Power Bank #509,2027.00,12
510,Premium Pet Pet Treats #510,722.00,15
511,Roasted Coffee Arabica Grounds #511,161.49,18
512,Sweet Tea Green Tea Bags #512,371.25,21
513,Light Snack Beef Jerky #513,121.49,24
514,Special Drink Coconut Water #514,73.25,27
515,Local Bakery Muffin #515,73.00,30
516,Fresh Dairy Mozzarella Ball #516,217.75,33
517,Classic Pantry Iodized Salt #517,339.25,36
518,Original Frozen Frozen Berries #518,512.50,39
519,Salted Produce Banana Bunch #519,97.49,42
520,Spicy Meat Pork Belly #520,1289.49,45
521,Deluxe Bath Hand Sanitizer #521,77.99,48
522,Imported Clean Trash Bags #522,374.50,51
523,Natural Office Tape Roll #523,118.00,54
524,Organic Tech HDMI Cable #524,2348.75,57
525,Premium Pet Cat Litter #525,329.49,60
526,Roasted Coffee Cold Brew Concentrate #526,98.25,63
527,Sweet Tea Black Tea Loose #527,234.75,66
528,Light Snack Potato Chips #528,80.75,69
529,Special Drink Lemonade Bottle #529,97.00,72
530,Local Bakery Bagel #530,97.49,75
531,Fresh Dairy Butter Stick #531,210.99,78
532,Classic Pantry Black Pepper #532,280.49,81
533,Original Frozen French Fries #533,316.49,84
534,Salted Produce Cavendish #534,111.50,87
535,Spicy Meat Chicken Breast #535,533.99,90
536,Deluxe Bath Bar Soap #536,271.49,93
537,Imported Clean Sponge Pack #537,199.49,96
538,Natural Office Eraser #538,182.50,99
539,Organic Tech Wireless Mouse #539,1010.75,7
540,Premium Pet Dog Toy #540,801.99,10
541,Roasted Coffee Instant Sachets #541,327.99,13
542,Sweet Tea Chamomile Pouch #542,441.50,16
543,Light Snack Tortilla Chips #543,147.00,19
544,Special Drink Mineral Water 500ml #544,148.49,22
545,Local Bakery Donut #545,193.49,25
546,Fresh Dairy Cream Cheese #546,332.50,28
547,Classic Pantry Vinegar Bottle #547,109.99,31
548,Original Frozen Chicken Nuggets #548,293.25,34
549,Salted Produce Green Lettuce #549,58.49,37
550,Spicy Meat Ground Beef #550,869.49,40
551,Deluxe Bath Shampoo 200ml #551,58.00,43
552,Imported Clean Laundry Pod #552,316.49,46
553,Natural Office Marker Pen #553,104.00,49
554,Organic Tech Keyboard #554,905.99,52
555,Premium Pet Pet Shampoo #555,641.00,55
556,Roasted Coffee Decaf Pods #556,302.00,58
557,Sweet Tea Matcha Powder #557,53.75,61
558,Light Snack Pretzel Sticks #558,236.99,64
559,Special Drink Soda Can 330ml #559,110.75,67
560,Local Bakery Sourdough Loaf #560,110.49,70
561,Fresh Dairy Whipping Cream #561,298.99,73
562,Classic Pantry Tomato Sauce #562,286.99,76
563,Original Frozen Fish Fillet #563,299.99,79
564,Salted Produce Cherry Tomato #564,120.99,82
565,Spicy Meat Bacon Strips #565,1259.75,85
566,Deluxe Bath Conditioner 200ml #566,305.75,88
567,Imported Clean Dish Soap #567,85.00,91
568,Natural Office Ballpen Black #568,200.00,94
569,Organic Tech Webcam #569,603.25,97
570,Premium Pet Aquarium Pellets #570,774.00,5
571,Roasted Coffee Mocha Mix #571,355.00,8
572,Sweet Tea Oolong Tin #572,316.75,11
573,Light Snack Cheese Crackers #573,59.75,14
574,Special Drink Iced Tea Bottle #574,69.00,17
575,Local Bakery Baguette #575,207.49,20
576,Fresh Dairy Whole Milk 1L #576,78.00,23
577,Classic Pantry Pasta 500g #577,124.00,26
578,Original Frozen Veggie Mix #578,376.25,29
579,Salted Produce Carrot Pack #579,78.25,32
580,Spicy Meat Pork Loin #580,255.49,35
581,Deluxe Bath Body Wash #581,152.49,38
582,Imported Clean All-Purpose Spray #582,372.00,41
583,Natural Office Notebook A5 #583,118.49,44
584,Organic Tech USB-C Cable #584,1498.75,47
585,Premium Pet Bird Seed #585,457.00,50
586,Roasted Coffee Latte Powder #586,253.25,53
587,Sweet Tea Earl Grey Box #587,489.75,56
588,Light Snack Granola Bar #588,75.75,59
589,Special Drink Energy Drink #589,163.75,62
590,Local Bakery Croissant #590,91.00,65
591,Fresh Dairy Skim Milk 1L #591,305.75,68
592,Classic Pantry Olive Oil 500ml #592,388.50,71
593,Original Frozen Frozen Dumplings #593,452.50,74
594,Salted Produce Sweet Onion #594,126.99,77
595,Spicy Meat Sausage Pack #595,632.99,80
596,Deluxe Bath Toothpaste #596,151.00,83
597,Imported Clean Bleach Bottle #597,284.49,86
598,Natural Office Sticky Notes #598,198.50,89
599,Organic Tech Phone Charger #599,2482.49,92
600,Premium Pet Dog Food 1kg #600,622.50,95
601,Roasted Coffee Cappuccino Sticks #601,519.00,98
602,Sweet Tea Jasmine Pearls #602,233.00,6
603,Light Snack Trail Mix #603,38.25,9
604,Special Drink Sports Drink #604,156.99,12
605,Local Bakery Cinnamon Roll #605,177.00,15
606,Fresh Dairy Greek Yogurt #606,149.75,18
607,Classic Pantry Soy Sauce 1L #607,181.75,21
608,Original Frozen Frozen Pizza #608,391.49,24
609,Salted Produce Garlic Bulb #609,71.99,27
610,Spicy Meat Lamb Chops #610,907.75,30
611,Deluxe Bath Mouthwash #611,225.25,33
612,Imported Clean Floor Wax #612,215.99,36
613,Natural Office Highlighter #613,47.00,39
614,Organic Tech Earphones #614,310.99,42
615,Premium Pet Cat Food 1kg #615,142.50,45
616,Roasted Coffee Espresso Beans #616,469.50,48
617,Sweet Tea Hibiscus Leaves #617,348.50,51
618,Light Snack Popcorn Bag #618,216.49,54
619,Special Drink Juice Box #619,138.00,57
620,Local Bakery Banana Bread #620,55.50,60
621,Fresh Dairy Cheddar Block #621,298.75,63
622,Classic Pantry Brown Sugar 1kg #622,36.49,66
623,Original Frozen Ice Cream Tub #623,248.00,69
624,Salted Produce Red Apple #624,76.00,72
625,Spicy Meat Turkey Slice #625,1163.25,75
626,Deluxe Bath Deodorant #626,331.00,78
627,Imported Clean Glass Cleaner #627,196.25,81
628,Natural Office Stapler #628,62.00,84
629,Organic Tech Power Bank #629,1807.25,87
630,Premium Pet Pet Treats #630,339.25,90
631,Roasted Coffee Arabica Grounds #631,573.50,93
632,Sweet Tea Green Tea Bags #632,194.99,96
633,Light Snack Beef Jerky #633,196.49,99
634,Special Drink Coconut Water #634,71.75,7
635,Local Bakery Muffin #635,32.75,10
636,Fresh Dairy Mozzarella Ball #636,205.75,13
637,Classic Pantry Iodized Salt #637,181.75,16
638,Original Frozen Frozen Berries #638,314.49,19
639,Salted Produce Banana Bunch #639,15.99,22
640,Spicy Meat Pork Belly #640,459.49,25
641,Deluxe Bath Hand Sanitizer #641,300.00,28
642,Imported Clean Trash Bags #642,255.00,31
643,Natural Office Tape Roll #643,12.99,34
644,Organic Tech HDMI Cable #644,1019.25,37
645,Premium Pet Cat Litter #645,709.49,40
646,Roasted Coffee Cold Brew Concentrate #646,207.75,43
647,Sweet Tea Black Tea Loose #647,173.50,46
648,Light Snack Potato Chips #648,29.49,49
649,Special Drink Lemonade Bottle #649,86.75,52
650,Local Bakery Bagel #650,80.50,55
651,Fresh Dairy Butter Stick #651,408.49,58
652,Classic Pantry Black Pepper #652,329.75,61
653,Original Frozen French Fries #653,481.75,64
654,Salted Produce Cavendish #654,75.49,67
655,Spicy Meat Chicken Breast #655,242.99,70
656,Deluxe Bath Bar Soap #656,331.25,73
657,Imported Clean Sponge Pack #657,304.49,76
658,Natural Office Eraser #658,220.00,79
659,Organic Tech Wireless Mouse #659,1423.99,82
660,Premium Pet Dog Toy #660,600.00,85
661,Roasted Coffee Instant Sachets #661,370.49,88
662,Sweet Tea Chamomile Pouch #662,109.50,91
663,Light Snack Tortilla Chips #663,72.50,94
664,Special Drink Mineral Water 500ml #664,149.25,97
665,Local Bakery Donut #665,45.99,5
666,Fresh Dairy Cream Cheese #666,323.75,8
667,Classic Pantry Vinegar Bottle #667,490.49,11
668,Original Frozen Chicken Nuggets #668,139.99,14
669,Salted Produce Green Lettuce #669,26.99,17
670,Spicy Meat Ground Beef #670,1382.00,20
671,Deluxe Bath Shampoo 200ml #671,43.25,23
672,Imported Clean Laundry Pod #672,230.00,26
673,Natural Office Marker Pen #673,98.99,29
674,Organic Tech Keyboard #674,1362.00,32
675,Premium Pet Pet Shampoo #675,857.00,35
676,Roasted Coffee Decaf Pods #676,270.00,38
677,Sweet Tea Matcha Powder #677,268.99,41
678,Light Snack Pretzel Sticks #678,100.75,44
679,Special Drink Soda Can 330ml #679,95.00,47
680,Local Bakery Sourdough Loaf #680,186.49,50
681,Fresh Dairy Whipping Cream #681,340.75,53
682,Classic Pantry Tomato Sauce #682,111.00,56
683,Original Frozen Fish Fillet #683,559.75,59
684,Salted Produce Cherry Tomato #684,123.00,62
685,Spicy Meat Bacon Strips #685,958.00,65
686,Deluxe Bath Conditioner 200ml #686,180.00,68
687,Imported Clean Dish Soap #687,66.50,71
688,Natural Office Ballpen Black #688,89.75,74
689,Organic Tech Webcam #689,829.49,77
690,Premium Pet Aquarium Pellets #690,805.49,80
691,Roasted Coffee Mocha Mix #691,564.00,83
692,Sweet Tea Oolong Tin #692,341.00,86
693,Light Snack Cheese Crackers #693,164.00,89
694,Special Drink Iced Tea Bottle #694,147.75,92
695,Local Bakery Baguette #695,123.25,95
696,Fresh Dairy Whole Milk 1L #696,285.49,98
697,Classic Pantry Pasta 500g #697,343.25,6
698,Original Frozen Veggie Mix #698,467.25,9
699,Salted Produce Carrot Pack #699,124.99,12
700,Spicy Meat Pork Loin #700,1064.50,15
701,Deluxe Bath Body Wash #701,221.99,18
702,Imported Clean All-Purpose Spray #702,379.50,21
703,Natural Office Notebook A5 #703,54.49,24
704,Organic Tech USB-C Cable #704,212.50,27
705,Premium Pet Bird Seed #705,355.49,30
706,Roasted Coffee Latte Powder #706,193.25,33
707,Sweet Tea Earl Grey Box #707,359.49,36
708,Light Snack Granola Bar #708,195.00,39
709,Special Drink Energy Drink #709,145.49,42
710,Local Bakery Croissant #710,209.49,45
711,Fresh Dairy Skim Milk 1L #711,209.99,48
712,Classic Pantry Olive Oil 500ml #712,408.49,51
713,Original Frozen Frozen Dumplings #713,583.50,54
714,Salted Produce Sweet Onion #714,99.49,57
715,Spicy Meat Sausage Pack #715,1423.00,60
716,Deluxe Bath Toothpaste #716,135.99,63
717,Imported Clean Bleach Bottle #717,162.25,66
718,Natural Office Sticky Notes #718,161.99,69
719,Organic Tech Phone Charger #719,2227.25,72
720,Premium Pet Dog Food 1kg #720,932.75,75
721,Roasted Coffee Cappuccino Sticks #721,484.25,78
722,Sweet Tea Jasmine Pearls #722,196.50,81
723,Light Snack Trail Mix #723,29.50,84
724,Special Drink Sports Drink #724,135.75,87
725,Local Bakery Cinnamon Roll #725,125.75,90
726,Fresh Dairy Greek Yogurt #726,299.49,93
727,Classic Pantry Soy Sauce 1L #727,231.25,96
728,Original Frozen Frozen Pizza #728,298.49,99
729,Salted Produce Garlic Bulb #729,107.00,7
730,Spicy Meat Lamb Chops #730,1498.49,10
731,Deluxe Bath Mouthwash #731,280.99,13
732,Imported Clean Floor Wax #732,347.50,16
733,Natural Office Highlighter #733,107.25,19
734,Organic Tech Earphones #734,498.99,22
735,Premium Pet Cat Food 1kg #735,865.25,25
736,Roasted Coffee Espresso Beans #736,289.00,28
737,Sweet Tea Hibiscus Leaves #737,369.25,31
738,Light Snack Popcorn Bag #738,206.75,34
739,Special Drink Juice Box #739,47.75,37
740,Local Bakery Banana Bread #740,172.75,40
741,Fresh Dairy Cheddar Block #741,135.75,43
742,Classic Pantry Brown Sugar 1kg #742,471.25,46
743,Original Frozen Ice Cream Tub #743,134.00,49
744,Salted Produce Red Apple #744,139.50,52
745,Spicy Meat Turkey Slice #745,221.00,55
746,Deluxe Bath Deodorant #746,151.25,58
747,Imported Clean Glass Cleaner #747,147.50,61
748,Natural Office Stapler #748,12.99,64
749,Organic Tech Power Bank #749,242.75,67
750,Premium Pet Pet Treats #750,210.25,70
751,Roasted Coffee Arabica Grounds #751,574.75,73
752,Sweet Tea Green Tea Bags #752,360.25,76
753,Light Snack Beef Jerky #753,35.25,79
754,Special Drink Coconut Water #754,65.50,82
755,Local Bakery Muffin #755,190.75,85
756,Fresh Dairy Mozzarella Ball #756,389.49,88
757,Classic Pantry Iodized Salt #757,419.50,91
758,Original Frozen Frozen Berries #758,498.99,94
759,Salted Produce Banana Bunch #759,156.25,97
760,Spicy Meat Pork Belly #760,147.99,5
761,Deluxe Bath Hand Sanitizer #761,88.49,8
762,Imported Clean Trash Bags #762,317.99,11
763,Natural Office Tape Roll #763,24.25,14
764,Organic Tech HDMI Cable #764,1264.00,17
765,Premium Pet Cat Litter #765,843.00,20
766,Roasted Coffee Cold Brew Concentrate #766,647.75,23
767,Sweet Tea Black Tea Loose #767,244.25,26
768,Light Snack Potato Chips #768,210.75,29
769,Special Drink Lemonade Bottle #769,164.75,32
770,Local Bakery Bagel #770,186.99,35
771,Fresh Dairy Butter Stick #771,308.49,38
772,Classic Pantry Black Pepper #772,494.49,41
773,Original Frozen French Fries #773,543.25,44
774,Salted Produce Cavendish #774,132.50,47
775,Spicy Meat Chicken Breast #775,1369.50,50
776,Deluxe Bath Bar Soap #776,280.49,53
777,Imported Clean Sponge Pack #777,131.50,56
778,Natural Office Eraser #778,152.50,59
779,Organic Tech Wireless Mouse #779,2214.00,62
780,Premium Pet Dog Toy #780,928.75,65
781,Roasted Coffee Instant Sachets #781,510.25,68
782,Sweet Tea Chamomile Pouch #782,104.25,71
783,Light Snack Tortilla Chips #783,114.00,74
784,Special Drink Mineral Water 500ml #784,89.50,77
785,Local Bakery Donut #785,216.49,80
786,Fresh Dairy Cream Cheese #786,259.00,83
787,Classic Pantry Vinegar Bottle #787,278.25,86
788,Original Frozen Chicken Nuggets #788,554.99,89
789,Salted Produce Green Lettuce #789,42.49,92
790,Spicy Meat Ground Beef #790,1423.99,95
791,Deluxe Bath Shampoo 200ml #791,250.00,98
792,Imported Clean Laundry Pod #792,240.25,6
793,Natural Office Marker Pen #793,143.25,9
794,Organic Tech Keyboard #794,1953.50,12
795,Premium Pet Pet Shampoo #795,782.99,15
796,Roasted Coffee Decaf Pods #796,89.25,18
797,Sweet Tea Matcha Powder #797,102.99,21
798,Light Snack Pretzel Sticks #798,51.50,24
799,Special Drink Soda Can 330ml #799,65.25,27
800,Local Bakery Sourdough Loaf #800,63.25,30
801,Fresh Dairy Whipping Cream #801,55.25,33
802,Classic Pantry Tomato Sauce #802,37.50,36
803,Original Frozen Fish Fillet #803,292.75,39
804,Salted Produce Cherry Tomato #804,101.49,42
805,Spicy Meat Bacon Strips #805,581.75,45
806,Deluxe Bath Conditioner 200ml #806,82.50,48
807,Imported Clean Dish Soap #807,409.49,51
808,Natural Office Ballpen Black #808,75.49,54
809,Organic Tech Webcam #809,2411.75,57
810,Premium Pet Aquarium Pellets #810,699.75,60
811,Roasted Coffee Mocha Mix #811,578.25,63
812,Sweet Tea Oolong Tin #812,324.00,66
813,Light Snack Cheese Crackers #813,207.25,69
814,Special Drink Iced Tea Bottle #814,127.49,72
815,Local Bakery Baguette #815,118.75,75
816,Fresh Dairy Whole Milk 1L #816,133.49,78
817,Classic Pantry Pasta 500g #817,243.50,81
818,Original Frozen Veggie Mix #818,348.00,84
819,Salted Produce Carrot Pack #819,170.25,87
820,Spicy Meat Pork Loin #820,716.49,90
821,Deluxe Bath Body Wash #821,78.75,93
822,Imported Clean All-Purpose Spray #822,271.25,96
823,Natural Office Notebook A5 #823,65.25,99
824,Organic Tech USB-C Cable #824,1819.00,7
825,Premium Pet Bird Seed #825,135.00,10
826,Roasted Coffee Latte Powder #826,264.75,13
827,Sweet Tea Earl Grey Box #827,177.50,16
828,Light Snack Granola Bar #828,194.00,19
829,Special Drink Energy Drink #829,172.99,22
830,Local Bakery Croissant #830,70.00,25
831,Fresh Dairy Skim Milk 1L #831,279.50,28
832,Classic Pantry Olive Oil 500ml #832,368.99,31
833,Original Frozen Frozen Dumplings #833,577.00,34
834,Salted Produce Sweet Onion #834,66.49,37
835,Spicy Meat Sausage Pack #835,632.75,40
836,Deluxe Bath Toothpaste #836,308.75,43
837,Imported Clean Bleach Bottle #837,102.25,46
838,Natural Office Sticky Notes #838,213.75,49
839,Organic Tech Phone Charger #839,663.49,52
840,Premium Pet Dog Food 1kg #840,471.00,55
841,Roasted Coffee Cappuccino Sticks #841,648.49,58
842,Sweet Tea Jasmine Pearls #842,280.75,61
843,Light Snack Trail Mix #843,75.99,64
844,Special Drink Sports Drink #844,171.00,67
845,Local Bakery Cinnamon Roll #845,66.50,70
846,Fresh Dairy Greek Yogurt #846,416.50,73
847,Classic Pantry Soy Sauce 1L #847,236.25,76
848,Original Frozen Frozen Pizza #848,591.75,79
849,Salted Produce Garlic Bulb #849,173.00,82
850,Spicy Meat Lamb Chops #850,143.99,85
851,Deluxe Bath Mouthwash #851,253.25,88
852,Imported Clean Floor Wax #852,171.75,91
853,Natural Office Highlighter #853,20.99,94
854,Organic Tech Earphones #854,1906.49,97
855,Premium Pet Cat Food 1kg #855,351.00,5
856,Roasted Coffee Espresso Beans #856,642.50,8
857,Sweet Tea Hibiscus Leaves #857,402.50,11
858,Light Snack Popcorn Bag #858,60.75,14
859,Special Drink Juice Box #859,114.99,17
860,Local Bakery Banana Bread #860,29.49,20
861,Fresh Dairy Cheddar Block #861,397.25,23
862,Classic Pantry Brown Sugar 1kg #862,112.00,26
863,Original Frozen Ice Cream Tub #863,390.75,29
864,Salted Produce Red Apple #864,115.50,32
865,Spicy Meat Turkey Slice #865,1068.99,35
866,Deluxe Bath Deodorant #866,310.99,38
867,Imported Clean Glass Cleaner #867,208.25,41
868,Natural Office Stapler #868,200.25,44
869,Organic Tech Power Bank #869,2474.00,47
870,Premium Pet Pet Treats #870,556.25,50
871,Roasted Coffee Arabica Grounds #871,339.00,53
872,Sweet Tea Green Tea Bags #872,381.99,56
873,Light Snack Beef Jerky #873,178.75,59
874,Special Drink Coconut Water #874,92.99,62
875,Local Bakery Muffin #875,128.49,65
876,Fresh Dairy Mozzarella Ball #876,301.49,68
877,Classic Pantry Iodized Salt #877,77.25,71
878,Original Frozen Frozen Berries #878,391.50,74
879,Salted Produce Banana Bunch #879,164.50,77
880,Spicy Meat Pork Belly #880,1344.00,80
881,Deluxe Bath Hand Sanitizer #881,60.00,83
882,Imported Clean Trash Bags #882,165.99,86
883,Natural Office Tape Roll #883,162.50,89
884,Organic Tech HDMI Cable #884,487.75,92
885,Premium Pet Cat Litter #885,100.75,95
886,Roasted Coffee Cold Brew Concentrate #886,306.99,98
887,Sweet Tea Black Tea Loose #887,356.00,6
888,Light Snack Potato Chips #888,111.00,9
889,Special Drink Lemonade Bottle #889,173.25,12
890,Local Bakery Bagel #890,89.99,15
891,Fresh Dairy Butter Stick #891,364.49,18
892,Classic Pantry Black Pepper #892,105.25,21
893,Original Frozen French Fries #893,310.99,24
894,Salted Produce Cavendish #894,47.75,27
895,Spicy Meat Chicken Breast #895,1470.75,30
896,Deluxe Bath Bar Soap #896,271.00,33
897,Imported Clean Sponge Pack #897,346.75,36
898,Natural Office Eraser #898,117.50,39
899,Organic Tech Wireless Mouse #899,1713.75,42
900,Premium Pet Dog Toy #900,357.25,45
901,Roasted Coffee Instant Sachets #901,121.25,48
902,Sweet Tea Chamomile Pouch #902,301.50,51
903,Light Snack Tortilla Chips #903,222.99,54
904,Special Drink Mineral Water 500ml #904,81.75,57
905,Local Bakery Donut #905,169.49,60
906,Fresh Dairy Cream Cheese #906,292.25,63
907,Classic Pantry Vinegar Bottle #907,300.49,66
908,Original Frozen Chicken Nuggets #908,597.50,69
909,Salted Produce Green Lettuce #909,110.50,72
910,Spicy Meat Ground Beef #910,986.49,75
911,Deluxe Bath Shampoo 200ml #911,347.75,78
912,Imported Clean Laundry Pod #912,267.75,81
913,Natural Office Marker Pen #913,76.50,84
914,Organic Tech Keyboard #914,2421.00,87
915,Premium Pet Pet Shampoo #915,739.75,90
916,Roasted Coffee Decaf Pods #916,335.50,93
917,Sweet Tea Matcha Powder #917,432.49,96
918,Light Snack Pretzel Sticks #918,164.25,99
919,Special Drink Soda Can 330ml #919,36.50,7
920,Local Bakery Sourdough Loaf #920,91.75,10
921,Fresh Dairy Whipping Cream #921,80.50,13
922,Classic Pantry Tomato Sauce #922,70.75,16
923,Original Frozen Fish Fillet #923,182.00,19
924,Salted Produce Cherry Tomato #924,123.75,22
925,Spicy Meat Bacon Strips #925,1255.75,25
926,Deluxe Bath Conditioner 200ml #926,315.99,28
927,Imported Clean Dish Soap #927,110.75,31
928,Natural Office Ballpen Black #928,218.00,34
929,Organic Tech Webcam #929,1520.25,37
930,Premium Pet Aquarium Pellets #930,381.00,40
931,Roasted Coffee Mocha Mix #931,139.00,43
932,Sweet Tea Oolong Tin #932,208.75,46
933,Light Snack Cheese Crackers #933,224.00,49
934,Special Drink Iced Tea Bottle #934,107.99,52
935,Local Bakery Baguette #935,102.50,55
936,Fresh Dairy Whole Milk 1L #936,222.99,58
937,Classic Pantry Pasta 500g #937,224.00,61
938,Original Frozen Veggie Mix #938,88.99,64
939,Salted Produce Carrot Pack #939,100.49,67
940,Spicy Meat Pork Loin #940,744.49,70
941,Deluxe Bath Body Wash #941,288.25,73
942,Imported Clean All-Purpose Spray #942,286.99,76
943,Natural Office Notebook A5 #943,195.99,79
944,Organic Tech USB-C Cable #944,2037.50,82
945,Premium Pet Bird Seed #945,325.50,85
946,Roasted Coffee Latte Powder #946,173.75,88
947,Sweet Tea Earl Grey Box #947,359.49,91
948,Light Snack Granola Bar #948,246.99,94
949,Special Drink Energy Drink #949,150.49,97
950,Local Bakery Croissant #950,135.99,5
951,Fresh Dairy Skim Milk 1L #951,279.75,8
952,Classic Pantry Olive Oil 500ml #952,147.49,11
953,Original Frozen Frozen Dumplings #953,416.00,14
954,Salted Produce Sweet Onion #954,148.99,17
955,Spicy Meat Sausage Pack #955,1044.25,20
956,Deluxe Bath Toothpaste #956,213.75,23
957,Imported Clean Bleach Bottle #957,197.50,26
958,Natural Office Sticky Notes #958,245.99,29
959,Organic Tech Phone Charger #959,1786.49,32
960,Premium Pet Dog Food 1kg #960,225.50,35
961,Roasted Coffee Cappuccino Sticks #961,595.99,38
962,Sweet Tea Jasmine Pearls #962,318.50,41
963,Light Snack Trail Mix #963,35.25,44
964,Special Drink Sports Drink #964,130.00,47
965,Local Bakery Cinnamon Roll #965,40.25,50
966,Fresh Dairy Greek Yogurt #966,390.99,53
967,Classic Pantry Soy Sauce 1L #967,322.49,56
968,Original Frozen Frozen Pizza #968,153.75,59
969,Salted Produce Garlic Bulb #969,36.25,62
970,Spicy Meat Lamb Chops #970,796.00,65
971,Deluxe Bath Mouthwash #971,221.50,68
972,Imported Clean Floor Wax #972,183.50,71
973,Natural Office Highlighter #973,61.99,74
974,Organic Tech Earphones #974,916.50,77
975,Premium Pet Cat Food 1kg #975,735.49,80
976,Roasted Coffee Espresso Beans #976,526.75,83
977,Sweet Tea Hibiscus Leaves #977,264.25,86
978,Light Snack Popcorn Bag #978,216.50,89
979,Special Drink Juice Box #979,153.99,92
980,Local Bakery Banana Bread #980,168.49,95
981,Fresh Dairy Cheddar Block #981,160.49,98
982,Classic Pantry Brown Sugar 1kg #982,98.50,6
983,Original Frozen Ice Cream Tub #983,494.25,9
984,Salted Produce Red Apple #984,39.50,12
985,Spicy Meat Turkey Slice #985,1261.00,15
986,Deluxe Bath Deodorant #986,144.75,18
987,Imported Clean Glass Cleaner #987,76.99,21
988,Natural Office Stapler #988,248.25,24
989,Organic Tech Power Bank #989,1710.25,27
990,Premium Pet Pet Treats #990,138.00,30
991,Roasted Coffee Arabica Grounds #991,55.49,33
992,Sweet Tea Green Tea Bags #992,96.00,36
993,Light Snack Beef Jerky #993,59.25,39
994,Special Drink Coconut Water #994,49.00,42
995,Local Bakery Muffin #995,78.49,45
996,Fresh Dairy Mozzarella Ball #996,234.00,48
997,Classic Pantry Iodized Salt #997,379.25,51
998,Original Frozen Frozen Berries #998,484.49,54
999,Salted Produce Banana Bunch #999,99.25,57
1000,Spicy Meat Pork Belly #1000,809.49,60
1001,Deluxe Bath Hand Sanitizer #1001,253.75,63
1002,Imported Clean Trash Bags #1002,388.25,66
1003,Natural Office Tape Roll #1003,109.00,69
1004,Organic Tech HDMI Cable #1004,1129.75,72
1005,Premium Pet Cat Litter #1005,852.00,75
1006,Roasted Coffee Cold Brew Concentrate #1006,398.49,78
1007,Sweet Tea Black Tea Loose #1007,95.50,81
1008,Light Snack Potato Chips #1008,182.99,84
1009,Special Drink Lemonade Bottle #1009,44.75,87
1010,Local Bakery Bagel #1010,65.99,90
1011,Fresh Dairy Butter Stick #1011,49.25,93
1012,Classic Pantry Black Pepper #1012,148.99,96
1013,Original Frozen French Fries #1013,647.99,99
1014,Salted Produce Cavendish #1014,143.49,7
1015,Spicy Meat Chicken Breast #1015,493.25,10
1016,Deluxe Bath Bar Soap #1016,258.75,13
1017,Imported Clean Sponge Pack #1017,398.50,16
1018,Natural Office Eraser #1018,28.50,19
1019,Organic Tech Wireless Mouse #1019,1215.49,22
1020,Premium Pet Dog Toy #1020,521.25,25
1021,Roasted Coffee Instant Sachets #1021,143.50,28
1022,Sweet Tea Chamomile Pouch #1022,262.99,31
1023,Light Snack Tortilla Chips #1023,51.75,34
1024,Special Drink Mineral Water 500ml #1024,61.99,37
1025,Local Bakery Donut #1025,168.75,40
1026,Fresh Dairy Cream Cheese #1026,270.75,43
1027,Classic Pantry Vinegar Bottle #1027,286.49,46
1028,Original Frozen Chicken Nuggets #1028,314.75,49
1029,Salted Produce Green Lettuce #1029,105.50,52
1030,Spicy Meat Ground Beef #1030,157.75,55
1031,Deluxe Bath Shampoo 200ml #1031,115.75,58
1032,Imported Clean Laundry Pod #1032,103.49,61
1033,Natural Office Marker Pen #1033,124.75,64
1034,Organic Tech Keyboard #1034,1813.75,67
1035,Premium Pet Pet Shampoo #1035,395.75,70
1036,Roasted Coffee Decaf Pods #1036,318.50,73
1037,Sweet Tea Matcha Powder #1037,84.00,76
1038,Light Snack Pretzel Sticks #1038,244.00,79
1039,Special Drink Soda Can 330ml #1039,39.25,82
1040,Local Bakery Sourdough Loaf #1040,151.75,85
1041,Fresh Dairy Whipping Cream #1041,103.49,88
1042,Classic Pantry Tomato Sauce #1042,334.25,91
1043,Original Frozen Fish Fillet #1043,353.49,94
1044,Salted Produce Cherry Tomato #1044,138.99,97
1045,Spicy Meat Bacon Strips #1045,935.25,5
1046,Deluxe Bath Conditioner 200ml #1046,56.25,8
1047,Imported Clean Dish Soap #1047,376.49,11
1048,Natural Office Ballpen Black #1048,186.00,14
1049,Organic Tech Webcam #1049,2464.75,17
1050,Premium Pet Aquarium Pellets #1050,560.49,20
1051,Roasted Coffee Mocha Mix #1051,68.49,23
1052,Sweet Tea Oolong Tin #1052,418.49,26
1053,Light Snack Cheese Crackers #1053,48.50,29
1054,Special Drink Iced Tea Bottle #1054,37.25,32
1055,Local Bakery Baguette #1055,76.50,35
1056,Fresh Dairy Whole Milk 1L #1056,137.00,38
1057,Classic Pantry Pasta 500g #1057,129.99,41
1058,Original Frozen Veggie Mix #1058,554.50,44
1059,Salted Produce Carrot Pack #1059,136.00,47
1060,Spicy Meat Pork Loin #1060,368.00,50
1061,Deluxe Bath Body Wash #1061,215.99,53
1062,Imported Clean All-Purpose Spray #1062,360.25,56
1063,Natural Office Notebook A5 #1063,106.75,59
1064,Organic Tech USB-C Cable #1064,292.49,62
1065,Premium Pet Bird Seed #1065,744.75,65
1066,Roasted Coffee Latte Powder #1066,403.00,68
1067,Sweet Tea Earl Grey Box #1067,96.99,71
1068,Light Snack Granola Bar #1068,197.25,74
1069,Special Drink Energy Drink #1069,108.99,77
1070,Local Bakery Croissant #1070,40.50,80
1071,Fresh Dairy Skim Milk 1L #1071,242.50,83
1072,Classic Pantry Olive Oil 500ml #1072,422.00,86
1073,Original Frozen Frozen Dumplings #1073,483.99,89
1074,Salted Produce Sweet Onion #1074,175.49,92
1075,Spicy Meat Sausage Pack #1075,955.75,95
1076,Deluxe Bath Toothpaste #1076,68.50,98
1077,Imported Clean Bleach Bottle #1077,353.25,6
1078,Natural Office Sticky Notes #1078,210.00,9
1079,Organic Tech Phone Charger #1079,601.49,12
1080,Premium Pet Dog Food 1kg #1080,355.00,15
1081,Roasted Coffee Cappuccino Sticks #1081,102.00,18
1082,Sweet Tea Jasmine Pearls #1082,124.49,21
1083,Light Snack Trail Mix #1083,227.25,24
1084,Special Drink Sports Drink #1084,165.49,27
1085,Local Bakery Cinnamon Roll #1085,36.99,30
1086,Fresh Dairy Greek Yogurt #1086,53.50,33
1087,Classic Pantry Soy Sauce 1L #1087,282.00,36
1088,Original Frozen Frozen Pizza #1088,275.99,39
1089,Salted Produce Garlic Bulb #1089,51.25,42
1090,Spicy Meat Lamb Chops #1090,928.50,45
1091,Deluxe Bath Mouthwash #1091,289.99,48
1092,Imported Clean Floor Wax #1092,306.99,51
1093,Natural Office Highlighter #1093,181.49,54
1094,Organic Tech Earphones #1094,1497.99,57
1095,Premium Pet Cat Food 1kg #1095,170.49,60
1096,Roasted Coffee Espresso Beans #1096,502.25,63
1097,Sweet Tea Hibiscus Leaves #1097,240.25,66
1098,Light Snack Popcorn Bag #1098,24.50,69
1099,Special Drink Juice Box #1099,173.00,72
1100,Local Bakery Banana Bread #1100,152.99,75
1101,Fresh Dairy Cheddar Block #1101,172.99,78
1102,Classic Pantry Brown Sugar 1kg #1102,79.25,81
1103,Original Frozen Ice Cream Tub #1103,622.25,84
1104,Salted Produce Red Apple #1104,28.25,87
1105,Spicy Meat Turkey Slice #1105,1386.49,90
1106,Deluxe Bath Deodorant #1106,110.00,93
1107,Imported Clean Glass Cleaner #1107,385.25,96
1108,Natural Office Stapler #1108,204.25,99
1109,Organic Tech Power Bank #1109,216.75,7
1110,Premium Pet Pet Treats #1110,177.99,10
1111,Roasted Coffee Arabica Grounds #1111,376.25,13
1112,Sweet Tea Green Tea Bags #1112,382.25,16
1113,Light Snack Beef Jerky #1113,173.50,19
1114,Special Drink Coconut Water #1114,22.49,22
1115,Local Bakery Muffin #1115,165.00,25
1116,Fresh Dairy Mozzarella Ball #1116,265.99,28
1117,Classic Pantry Iodized Salt #1117,307.50,31
1118,Original Frozen Frozen Berries #1118,463.75,34
1119,Salted Produce Banana Bunch #1119,120.00,37
1120,Spicy Meat Pork Belly #1120,1245.99,40
1121,Deluxe Bath Hand Sanitizer #1121,130.75,43
1122,Imported Clean Trash Bags #1122,362.00,46
1123,Natural Office Tape Roll #1123,76.75,49
1124,Organic Tech HDMI Cable #1124,2319.50,52
1125,Premium Pet Cat Litter #1125,860.75,55
1126,Roasted Coffee Cold Brew Concentrate #1126,315.99,58
1127,Sweet Tea Black Tea Loose #1127,186.50,61
1128,Light Snack Potato Chips #1128,188.49,64
1129,Special Drink Lemonade Bottle #1129,118.99,67
1130,Local Bakery Bagel #1130,206.75,70
1131,Fresh Dairy Butter Stick #1131,380.75,73
1132,Classic Pantry Black Pepper #1132,350.50,76
1133,Original Frozen French Fries #1133,479.99,79
1134,Salted Produce Cavendish #1134,101.75,82
1135,Spicy Meat Chicken Breast #1135,1107.75,85
1136,Deluxe Bath Bar Soap #1136,163.49,88
1137,Imported Clean Sponge Pack #1137,342.49,91
1138,Natural Office Eraser #1138,236.50,94
1139,Organic Tech Wireless Mouse #1139,1944.49,97
1140,Premium Pet Dog Toy #1140,698.00,5
1141,Roasted Coffee Instant Sachets #1141,392.00,8
1142,Sweet Tea Chamomile Pouch #1142,126.25,11
1143,Light Snack Tortilla Chips #1143,237.00,14
1144,Special Drink Mineral Water 500ml #1144,114.75,17
1145,Local Bakery Donut #1145,94.49,20
1146,Fresh Dairy Cream Cheese #1146,417.00,23
1147,Classic Pantry Vinegar Bottle #1147,354.75,26
1148,Original Frozen Chicken Nuggets #1148,601.75,29
1149,Salted Produce Green Lettuce #1149,61.99,32
1150,Spicy Meat Ground Beef #1150,450.25,35
1151,Deluxe Bath Shampoo 200ml #1151,335.50,38
1152,Imported Clean Laundry Pod #1152,228.99,41
1153,Natural Office Marker Pen #1153,38.49,44
1154,Organic Tech Keyboard #1154,1673.25,47
1155,Premium Pet Pet Shampoo #1155,108.25,50
1156,Roasted Coffee Decaf Pods #1156,451.00,53
1157,Sweet Tea Matcha Powder #1157,450.49,56
1158,Light Snack Pretzel Sticks #1158,65.25,59
1159,Special Drink Soda Can 330ml #1159,20.75,62
1160,Local Bakery Sourdough Loaf #1160,99.00,65
1161,Fresh Dairy Whipping Cream #1161,289.75,68
1162,Classic Pantry Tomato Sauce #1162,173.99,71
1163,Original Frozen Fish Fillet #1163,527.00,74
1164,Salted Produce Cherry Tomato #1164,92.00,77
1165,Spicy Meat Bacon Strips #1165,1332.00,80
1166,Deluxe Bath Conditioner 200ml #1166,207.49,83
1167,Imported Clean Dish Soap #1167,112.75,86
1168,Natural Office Ballpen Black #1168,177.25,89
1169,Organic Tech Webcam #1169,1707.25,92
1170,Premium Pet Aquarium Pellets #1170,158.99,95
1171,Roasted Coffee Mocha Mix #1171,573.50,98
1172,Sweet Tea Oolong Tin #1172,299.49,6
1173,Light Snack Cheese Crackers #1173,55.75,9
1174,Special Drink Iced Tea Bottle #1174,26.25,12
1175,Local Bakery Baguette #1175,136.00,15
1176,Fresh Dairy Whole Milk 1L #1176,229.00,18
1177,Classic Pantry Pasta 500g #1177,224.50,21
1178,Original Frozen Veggie Mix #1178,183.50,24
1179,Salted Produce Carrot Pack #1179,33.50,27
1180,Spicy Meat Pork Loin #1180,581.49,30
1181,Deluxe Bath Body Wash #1181,237.99,33
1182,Imported Clean All-Purpose Spray #1182,162.00,36
1183,Natural Office Notebook A5 #1183,163.25,39
1184,Organic Tech USB-C Cable #1184,1699.00,42
1185,Premium Pet Bird Seed #1185,256.75,45
1186,Roasted Coffee Latte Powder #1186,453.75,48
1187,Sweet Tea Earl Grey Box #1187,47.25,51
1188,Light Snack Granola Bar #1188,89.00,54
1189,Special Drink Energy Drink #1189,108.50,57
1190,Local Bakery Croissant #1190,41.00,60
1191,Fresh Dairy Skim Milk 1L #1191,242.00,63
1192,Classic Pantry Olive Oil 500ml #1192,375.49,66
1193,Original Frozen Frozen Dumplings #1193,208.49,69
1194,Salted Produce Sweet Onion #1194,63.99,72
1195,Spicy Meat Sausage Pack #1195,289.00,75
1196,Deluxe Bath Toothpaste #1196,272.99,78
1197,Imported Clean Bleach Bottle #1197,402.75,81
1198,Natural Office Sticky Notes #1198,191.00,84
1199,Organic Tech Phone Charger #1199,1764.75,87
1200,Premium Pet Dog Food 1kg #1200,864.00,90
1201,Roasted Coffee Cappuccino Sticks #1201,605.49,93
1202,Sweet Tea Jasmine Pearls #1202,249.49,96
1203,Light Snack Trail Mix #1203,215.75,99
1204,Special Drink Sports Drink #1204,97.50,7
1205,Local Bakery Cinnamon Roll #1205,169.49,10
1206,Fresh Dairy Greek Yogurt #1206,396.75,13
1207,Classic Pantry Soy Sauce 1L #1207,331.50,16
1208,Original Frozen Frozen Pizza #1208,548.49,19
1209,Salted Produce Garlic Bulb #1209,34.99,22
1210,Spicy Meat Lamb Chops #1210,640.49,25
1211,Deluxe Bath Mouthwash #1211,158.49,28
1212,Imported Clean Floor Wax #1212,157.49,31
1213,Natural Office Highlighter #1213,73.49,34
1214,Organic Tech Earphones #1214,461.00,37
1215,Premium Pet Cat Food 1kg #1215,784.00,40
1216,Roasted Coffee Espresso Beans #1216,550.99,43
1217,Sweet Tea Hibiscus Leaves #1217,122.50,46
1218,Light Snack Popcorn Bag #1218,16.75,49
1219,Special Drink Juice Box #1219,65.49,52
1220,Local Bakery Banana Bread #1220,142.50,55
1221,Fresh Dairy Cheddar Block #1221,80.99,58
1222,Classic Pantry Brown Sugar 1kg #1222,180.99,61
1223,Original Frozen Ice Cream Tub #1223,400.75,64
1224,Salted Produce Red Apple #1224,165.50,67
1225,Spicy Meat Turkey Slice #1225,653.50,70
1226,Deluxe Bath Deodorant #1226,158.75,73
1227,Imported Clean Glass Cleaner #1227,176.75,76
1228,Natural Office Stapler #1228,155.00,79
1229,Organic Tech Power Bank #1229,1220.99,82
1230,Premium Pet Pet Treats #1230,935.49,85
1231,Roasted Coffee Arabica Grounds #1231,427.00,88
1232,Sweet Tea Green Tea Bags #1232,160.49,91
1233,Light Snack Beef Jerky #1233,149.00,94
1234,Special Drink Coconut Water #1234,156.75,97
1235,Local Bakery Muffin #1235,195.75,5
1236,Fresh Dairy Mozzarella Ball #1236,170.99,8
1237,Classic Pantry Iodized Salt #1237,375.00,11
1238,Original Frozen Frozen Berries #1238,494.50,14
1239,Salted Produce Banana Bunch #1239,87.25,17
1240,Spicy Meat Pork Belly #1240,889.99,20
1241,Deluxe Bath Hand Sanitizer #1241,194.25,23
1242,Imported Clean Trash Bags #1242,410.00,26
1243,Natural Office Tape Roll #1243,25.49,29
1244,Organic Tech HDMI Cable #1244,761.50,32
1245,Premium Pet Cat Litter #1245,844.50,35
1246,Roasted Coffee Cold Brew Concentrate #1246,334.49,38
1247,Sweet Tea Black Tea Loose #1247,387.49,41
1248,Light Snack Potato Chips #1248,191.25,44
1249,Special Drink Lemonade Bottle #1249,148.75,47
1250,Local Bakery Bagel #1250,71.75,50
1251,Fresh Dairy Butter Stick #1251,188.00,53
1252,Classic Pantry Black Pepper #1252,206.99,56
1253,Original Frozen French Fries #1253,187.75,59
1254,Salted Produce Cavendish #1254,125.49,62
1255,Spicy Meat Chicken Breast #1255,760.50,65
1256,Deluxe Bath Bar Soap #1256,233.00,68
1257,Imported Clean Sponge Pack #1257,343.49,71
1258,Natural Office Eraser #1258,202.25,74
1259,Organic Tech Wireless Mouse #1259,414.49,77
1260,Premium Pet Dog Toy #1260,481.75,80
1261,Roasted Coffee Instant Sachets #1261,281.75,83
1262,Sweet Tea Chamomile Pouch #1262,273.75,86
1263,Light Snack Tortilla Chips #1263,146.25,89
1264,Special Drink Mineral Water 500ml #1264,133.75,92
1265,Local Bakery Donut #1265,48.25,95
1266,Fresh Dairy Cream Cheese #1266,404.75,98
1267,Classic Pantry Vinegar Bottle #1267,160.50,6
1268,Original Frozen Chicken Nuggets #1268,614.00,9
1269,Salted Produce Green Lettuce #1269,126.00,12
1270,Spicy Meat Ground Beef #1270,1163.75,15
1271,Deluxe Bath Shampoo 200ml #1271,265.25,18
1272,Imported Clean Laundry Pod #1272,304.50,21
1273,Natural Office Marker Pen #1273,44.75,24
1274,Organic Tech Keyboard #1274,644.99,27
1275,Premium Pet Pet Shampoo #1275,823.25,30
1276,Roasted Coffee Decaf Pods #1276,550.49,33
1277,Sweet Tea Matcha Powder #1277,497.49,36
1278,Light Snack Pretzel Sticks #1278,98.99,39
1279,Special Drink Soda Can 330ml #1279,135.25,42
1280,Local Bakery Sourdough Loaf #1280,57.00,45
1281,Fresh Dairy Whipping Cream #1281,103.75,48
1282,Classic Pantry Tomato Sauce #1282,35.75,51
1283,Original Frozen Fish Fillet #1283,195.49,54
1284,Salted Produce Cherry Tomato #1284,69.49,57
1285,Spicy Meat Bacon Strips #1285,523.49,60
1286,Deluxe Bath Conditioner 200ml #1286,76.50,63
1287,Imported Clean Dish Soap #1287,355.49,66
1288,Natural Office Ballpen Black #1288,111.75,69
1289,Organic Tech Webcam #1289,2274.00,72
1290,Premium Pet Aquarium Pellets #1290,860.25,75
1291,Roasted Coffee Mocha Mix #1291,192.75,78
1292,Sweet Tea Oolong Tin #1292,369.49,81
1293,Light Snack Cheese Crackers #1293,163.50,84
1294,Special Drink Iced Tea Bottle #1294,148.50,87
1295,Local Bakery Baguette #1295,179.99,90
1296,Fresh Dairy Whole Milk 1L #1296,325.50,93
1297,Classic Pantry Pasta 500g #1297,271.50,96
1298,Original Frozen Veggie Mix #1298,588.25,99
1299,Salted Produce Carrot Pack #1299,79.49,7
1300,Spicy Meat Pork Loin #1300,565.25,10
1301,Deluxe Bath Body Wash #1301,213.50,13
1302,Imported Clean All-Purpose Spray #1302,192.99,16
1303,Natural Office Notebook A5 #1303,111.00,19
1304,Organic Tech USB-C Cable #1304,1374.00,22
1305,Premium Pet Bird Seed #1305,224.50,25
1306,Roasted Coffee Latte Powder #1306,626.49,28
1307,Sweet Tea Earl Grey Box #1307,148.49,31
1308,Light Snack Granola Bar #1308,147.75,34
1309,Special Drink Energy Drink #1309,152.75,37
1310,Local Bakery Croissant #1310,199.49,40
1311,Fresh Dairy Skim Milk 1L #1311,104.75,43
1312,Classic Pantry Olive Oil 500ml #1312,296.00,46
1313,Original Frozen Frozen Dumplings #1313,334.49,49
1314,Salted Produce Sweet Onion #1314,82.49,52
1315,Spicy Meat Sausage Pack #1315,1356.50,55
1316,Deluxe Bath Toothpaste #1316,123.00,58
1317,Imported Clean Bleach Bottle #1317,168.49,61
1318,Natural Office Sticky Notes #1318,247.00,64
1319,Organic Tech Phone Charger #1319,1011.50,67
1320,Premium Pet Dog Food 1kg #1320,853.50,70
1321,Roasted Coffee Cappuccino Sticks #1321,189.25,73
1322,Sweet Tea Jasmine Pearls #1322,268.99,76
1323,Light Snack Trail Mix #1323,91.25,79
1324,Special Drink Sports Drink #1324,43.50,82
1325,Local Bakery Cinnamon Roll #1325,143.50,85
1326,Fresh Dairy Greek Yogurt #1326,104.99,88
1327,Classic Pantry Soy Sauce 1L #1327,122.99,91
1328,Original Frozen Frozen Pizza #1328,642.99,94
1329,Salted Produce Garlic Bulb #1329,128.75,97
1330,Spicy Meat Lamb Chops #1330,1257.49,5
1331,Deluxe Bath Mouthwash #1331,251.00,8
1332,Imported Clean Floor Wax #1332,197.49,11
1333,Natural Office Highlighter #1333,114.75,14
1334,Organic Tech Earphones #1334,1060.49,17
1335,Premium Pet Cat Food 1kg #1335,811.25,20
1336,Roasted Coffee Espresso Beans #1336,165.50,23
1337,Sweet Tea Hibiscus Leaves #1337,129.75,26
1338,Light Snack Popcorn Bag #1338,47.99,29
1339,Special Drink Juice Box #1339,153.50,32
1340,Local Bakery Banana Bread #1340,113.25,35
1341,Fresh Dairy Cheddar Block #1341,119.50,38
1342,Classic Pantry Brown Sugar 1kg #1342,245.49,41
1343,Original Frozen Ice Cream Tub #1343,149.25,44
1344,Salted Produce Red Apple #1344,91.99,47
1345,Spicy Meat Turkey Slice #1345,1420.99,50
1346,Deluxe Bath Deodorant #1346,297.99,53
1347,Imported Clean Glass Cleaner #1347,335.49,56
1348,Natural Office Stapler #1348,121.25,59
1349,Organic Tech Power Bank #1349,1059.99,62
1350,Premium Pet Pet Treats #1350,183.49,65
1351,Roasted Coffee Arabica Grounds #1351,378.99,68
1352,Sweet Tea Green Tea Bags #1352,119.49,71
1353,Light Snack Beef Jerky #1353,210.75,74
1354,Special Drink Coconut Water #1354,24.75,77
1355,Local Bakery Muffin #1355,91.00,80
1356,Fresh Dairy Mozzarella Ball #1356,193.25,83
1357,Classic Pantry Iodized Salt #1357,459.25,86
1358,Original Frozen Frozen Berries #1358,451.50,89
1359,Salted Produce Banana Bunch #1359,32.25,92
1360,Spicy Meat Pork Belly #1360,377.49,95
1361,Deluxe Bath Hand Sanitizer #1361,224.75,98
1362,Imported Clean Trash Bags #1362,146.99,6
1363,Natural Office Tape Roll #1363,10.50,9
1364,Organic Tech HDMI Cable #1364,771.49,12
1365,Premium Pet Cat Litter #1365,151.00,15
1366,Roasted Coffee Cold Brew Concentrate #1366,302.00,18
1367,Sweet Tea Black Tea Loose #1367,152.25,21
1368,Light Snack Potato Chips #1368,56.99,24
1369,Special Drink Lemonade Bottle #1369,42.75,27
1370,Local Bakery Bagel #1370,91.25,30
1371,Fresh Dairy Butter Stick #1371,180.75,33
1372,Classic Pantry Black Pepper #1372,38.75,36
1373,Original Frozen French Fries #1373,334.75,39
1374,Salted Produce Cavendish #1374,144.50,42
1375,Spicy Meat Chicken Breast #1375,975.75,45
1376,Deluxe Bath Bar Soap #1376,143.99,48
1377,Imported Clean Sponge Pack #1377,110.50,51
1378,Natural Office Eraser #1378,73.50,54
1379,Organic Tech Wireless Mouse #1379,1560.99,57
1380,Premium Pet Dog Toy #1380,303.25,60
1381,Roasted Coffee Instant Sachets #1381,328.99,63
1382,Sweet Tea Chamomile Pouch #1382,133.99,66
1383,Light Snack Tortilla Chips #1383,109.75,69
1384,Special Drink Mineral Water 500ml #1384,142.75,72
1385,Local Bakery Donut #1385,25.00,75
1386,Fresh Dairy Cream Cheese #1386,292.75,78
1387,Classic Pantry Vinegar Bottle #1387,67.25,81
1388,Original Frozen Chicken Nuggets #1388,443.49,84
1389,Salted Produce Green Lettuce #1389,145.49,87
1390,Spicy Meat Ground Beef #1390,1423.00,90
1391,Deluxe Bath Shampoo 200ml #1391,270.50,93
1392,Imported Clean Laundry Pod #1392,378.00,96
1393,Natural Office Marker Pen #1393,102.50,99
1394,Organic Tech Keyboard #1394,570.00,7
1395,Premium Pet Pet Shampoo #1395,206.00,10
1396,Roasted Coffee Decaf Pods #1396,282.99,13
1397,Sweet Tea Matcha Powder #1397,123.49,16
1398,Light Snack Pretzel Sticks #1398,28.99,19
1399,Special Drink Soda Can 330ml #1399,43.75,22
1400,Local Bakery Sourdough Loaf #1400,148.25,25
1401,Fresh Dairy Whipping Cream #1401,84.49,28
1402,Classic Pantry Tomato Sauce #1402,78.00,31
1403,Original Frozen Fish Fillet #1403,187.49,34
1404,Salted Produce Cherry Tomato #1404,172.99,37
1405,Spicy Meat Bacon Strips #1405,332.99,40
1406,Deluxe Bath Conditioner 200ml #1406,141.99,43
1407,Imported Clean Dish Soap #1407,149.00,46
1408,Natural Office Ballpen Black #1408,60.00,49
1409,Organic Tech Webcam #1409,2031.99,52
1410,Premium Pet Aquarium Pellets #1410,642.75,55
1411,Roasted Coffee Mocha Mix #1411,185.99,58
1412,Sweet Tea Oolong Tin #1412,435.00,61
1413,Light Snack Cheese Crackers #1413,247.75,64
1414,Special Drink Iced Tea Bottle #1414,161.50,67
1415,Local Bakery Baguette #1415,73.50,70
1416,Fresh Dairy Whole Milk 1L #1416,268.99,73
1417,Classic Pantry Pasta 500g #1417,114.49,76
1418,Original Frozen Veggie Mix #1418,607.25,79
1419,Salted Produce Carrot Pack #1419,73.75,82
1420,Spicy Meat Pork Loin #1420,1154.99,85
1421,Deluxe Bath Body Wash #1421,330.50,88
1422,Imported Clean All-Purpose Spray #1422,119.25,91
1423,Natural Office Notebook A5 #1423,241.99,94
1424,Organic Tech USB-C Cable #1424,1270.99,97
1425,Premium Pet Bird Seed #1425,462.99,5
1426,Roasted Coffee Latte Powder #1426,159.50,8
1427,Sweet Tea Earl Grey Box #1427,421.75,11
1428,Light Snack Granola Bar #1428,184.49,14
1429,Special Drink Energy Drink #1429,174.00,17
1430,Local Bakery Croissant #1430,26.50,20
1431,Fresh Dairy Skim Milk 1L #1431,292.99,23
1432,Classic Pantry Olive Oil 500ml #1432,204.50,26
1433,Original Frozen Frozen Dumplings #1433,467.75,29
1434,Salted Produce Sweet Onion #1434,116.50,32
1435,Spicy Meat Sausage Pack #1435,189.25,35
1436,Deluxe Bath Toothpaste #1436,337.75,38
1437,Imported Clean Bleach Bottle #1437,408.75,41
1438,Natural Office Sticky Notes #1438,158.50,44
1439,Organic Tech Phone Charger #1439,424.25,47
1440,Premium Pet Dog Food 1kg #1440,280.50,50
1441,Roasted Coffee Cappuccino Sticks #1441,547.25,53
1442,Sweet Tea Jasmine Pearls #1442,160.49,56
1443,Light Snack Trail Mix #1443,99.99,59
1444,Special Drink Sports Drink #1444,80.00,62
1445,Local Bakery Cinnamon Roll #1445,74.00,65
1446,Fresh Dairy Greek Yogurt #1446,213.50,68
1447,Classic Pantry Soy Sauce 1L #1447,56.50,71
1448,Original Frozen Frozen Pizza #1448,112.00,74
1449,Salted Produce Garlic Bulb #1449,167.00,77
1450,Spicy Meat Lamb Chops #1450,600.75,80
1451,Deluxe Bath Mouthwash #1451,45.99,83
1452,Imported Clean Floor Wax #1452,301.25,86
1453,Natural Office Highlighter #1453,222.25,89
1454,Organic Tech Earphones #1454,1643.99,92
1455,Premium Pet Cat Food 1kg #1455,156.25,95
1456,Roasted Coffee Espresso Beans #1456,256.25,98
1457,Sweet Tea Hibiscus Leaves #1457,240.00,6
1458,Light Snack Popcorn Bag #1458,104.00,9
1459,Special Drink Juice Box #1459,159.75,12
1460,Local Bakery Banana Bread #1460,203.50,15
1461,Fresh Dairy Cheddar Block #1461,110.25,18
1462,Classic Pantry Brown Sugar 1kg #1462,208.99,21
1463,Original Frozen Ice Cream Tub #1463,140.25,24
1464,Salted Produce Red Apple #1464,111.99,27
1465,Spicy Meat Turkey Slice #1465,1006.50,30
1466,Deluxe Bath Deodorant #1466,325.25,33
1467,Imported Clean Glass Cleaner #1467,245.00,36
1468,Natural Office Stapler #1468,186.50,39
1469,Organic Tech Power Bank #1469,1943.49,42
1470,Premium Pet Pet Treats #1470,238.00,45
1471,Roasted Coffee Arabica Grounds #1471,392.50,48
1472,Sweet Tea Green Tea Bags #1472,159.00,51
1473,Light Snack Beef Jerky #1473,78.75,54
1474,Special Drink Coconut Water #1474,85.25,57
1475,Local Bakery Muffin #1475,187.99,60
1476,Fresh Dairy Mozzarella Ball #1476,198.49,63
1477,Classic Pantry Iodized Salt #1477,435.00,66
1478,Original Frozen Frozen Berries #1478,467.50,69
1479,Salted Produce Banana Bunch #1479,101.25,72
1480,Spicy Meat Pork Belly #1480,638.49,75
1481,Deluxe Bath Hand Sanitizer #1481,59.75,78
1482,Imported Clean Trash Bags #1482,77.00,81
1483,Natural Office Tape Roll #1483,28.75,84
1484,Organic Tech HDMI Cable #1484,897.49,87
1485,Premium Pet Cat Litter #1485,878.99,90
1486,Roasted Coffee Cold Brew Concentrate #1486,141.75,93
1487,Sweet Tea Black Tea Loose #1487,59.75,96
1488,Light Snack Potato Chips #1488,147.75,99
1489,Special Drink Lemonade Bottle #1489,52.99,7
1490,Local Bakery Bagel #1490,76.25,10
1491,Fresh Dairy Butter Stick #1491,223.25,13
1492,Classic Pantry Black Pepper #1492,395.00,16
1493,Original Frozen French Fries #1493,305.50,19
1494,Salted Produce Cavendish #1494,67.25,22
1495,Spicy Meat Chicken Breast #1495,960.75,25
1496,Deluxe Bath Bar Soap #1496,59.50,28
1497,Imported Clean Sponge Pack #1497,130.75,31
1498,Natural Office Eraser #1498,227.99,34
1499,Organic Tech Wireless Mouse #1499,1203.99,37
1500,Premium Pet Dog Toy #1500,82.50,40
1501,Roasted Coffee Instant Sachets #1501,155.25,43
1502,Sweet Tea Chamomile Pouch #1502,362.49,46
1503,Light Snack Tortilla Chips #1503,118.99,49
1504,Special Drink Mineral Water 500ml #1504,119.50,52
1505,Local Bakery Donut #1505,73.50,55
1506,Fresh Dairy Cream Cheese #1506,340.25,58
1507,Classic Pantry Vinegar Bottle #1507,33.50,61
1508,Original Frozen Chicken Nuggets #1508,603.50,64
1509,Salted Produce Green Lettuce #1509,53.25,67
1510,Spicy Meat Ground Beef #1510,259.25,70
1511,Deluxe Bath Shampoo 200ml #1511,174.99,73
1512,Imported Clean Laundry Pod #1512,119.99,76
1513,Natural Office Marker Pen #1513,203.00,79
1514,Organic Tech Keyboard #1514,384.99,82
1515,Premium Pet Pet Shampoo #1515,836.49,85
1516,Roasted Coffee Decaf Pods #1516,264.00,88
1517,Sweet Tea Matcha Powder #1517,238.50,91
1518,Light Snack Pretzel Sticks #1518,41.00,94
1519,Special Drink Soda Can 330ml #1519,108.00,97
1520,Local Bakery Sourdough Loaf #1520,36.49,5
1521,Fresh Dairy Whipping Cream #1521,150.25,8
1522,Classic Pantry Tomato Sauce #1522,230.25,11
1523,Original Frozen Fish Fillet #1523,534.75,14
1524,Salted Produce Cherry Tomato #1524,172.49,17
1525,Spicy Meat Bacon Strips #1525,1491.50,20
1526,Deluxe Bath Conditioner 200ml #1526,188.50,23
1527,Imported Clean Dish Soap #1527,272.49,26
1528,Natural Office Ballpen Black #1528,34.75,29
1529,Organic Tech Webcam #1529,823.25,32
1530,Premium Pet Aquarium Pellets #1530,49.49,35
1531,Roasted Coffee Mocha Mix #1531,154.49,38
1532,Sweet Tea Oolong Tin #1532,323.49,41
1533,Light Snack Cheese Crackers #1533,92.49,44
1534,Special Drink Iced Tea Bottle #1534,172.25,47
1535,Local Bakery Baguette #1535,155.99,50
1536,Fresh Dairy Whole Milk 1L #1536,201.99,53
1537,Classic Pantry Pasta 500g #1537,55.25,56
1538,Original Frozen Veggie Mix #1538,162.25,59
1539,Salted Produce Carrot Pack #1539,114.00,62
1540,Spicy Meat Pork Loin #1540,776.25,65
1541,Deluxe Bath Body Wash #1541,64.00,68
1542,Imported Clean All-Purpose Spray #1542,238.50,71
1543,Natural Office Notebook A5 #1543,170.75,74
1544,Organic Tech USB-C Cable #1544,314.75,77
1545,Premium Pet Bird Seed #1545,390.49,80
1546,Roasted Coffee Latte Powder #1546,233.99,83
1547,Sweet Tea Earl Grey Box #1547,299.00,86
1548,Light Snack Granola Bar #1548,86.75,89
1549,Special Drink Energy Drink #1549,34.00,92
1550,Local Bakery Croissant #1550,172.25,95
1551,Fresh Dairy Skim Milk 1L #1551,331.49,98
1552,Classic Pantry Olive Oil 500ml #1552,346.50,6
1553,Original Frozen Frozen Dumplings #1553,409.99,9
1554,Salted Produce Sweet Onion #1554,21.75,12
1555,Spicy Meat Sausage Pack #1555,780.99,15
1556,Deluxe Bath Toothpaste #1556,114.25,18
1557,Imported Clean Bleach Bottle #1557,292.25,21
1558,Natural Office Sticky Notes #1558,129.00,24
1559,Organic Tech Phone Charger #1559,375.99,27
1560,Premium Pet Dog Food 1kg #1560,242.75,30
1561,Roasted Coffee Cappuccino Sticks #1561,289.25,33
1562,Sweet Tea Jasmine Pearls #1562,233.00,36
1563,Light Snack Trail Mix #1563,164.00,39
1564,Special Drink Sports Drink #1564,101.25,42
1565,Local Bakery Cinnamon Roll #1565,105.99,45
1566,Fresh Dairy Greek Yogurt #1566,184.99,48
1567,Classic Pantry Soy Sauce 1L #1567,341.99,51
1568,Original Frozen Frozen Pizza #1568,339.25,54
1569,Salted Produce Garlic Bulb #1569,105.75,57
1570,Spicy Meat Lamb Chops #1570,1072.25,60
1571,Deluxe Bath Mouthwash #1571,140.49,63
1572,Imported Clean Floor Wax #1572,277.50,66
1573,Natural Office Highlighter #1573,77.50,69
1574,Organic Tech Earphones #1574,2413.00,72
1575,Premium Pet Cat Food 1kg #1575,226.49,75
1576,Roasted Coffee Espresso Beans #1576,575.49,78
1577,Sweet Tea Hibiscus Leaves #1577,148.49,81
1578,Light Snack Popcorn Bag #1578,170.75,84
1579,Special Drink Juice Box #1579,138.99,87
1580,Local Bakery Banana Bread #1580,189.50,90
1581,Fresh Dairy Cheddar Block #1581,288.75,93
1582,Classic Pantry Brown Sugar 1kg #1582,285.25,96
1583,Original Frozen Ice Cream Tub #1583,623.50,99
1584,Salted Produce Red Apple #1584,117.75,7
1585,Spicy Meat Turkey Slice #1585,1497.49,10
1586,Deluxe Bath Deodorant #1586,161.00,13
1587,Imported Clean Glass Cleaner #1587,103.99,16
1588,Natural Office Stapler #1588,97.50,19
1589,Organic Tech Power Bank #1589,184.50,22
1590,Premium Pet Pet Treats #1590,872.99,25
1591,Roasted Coffee Arabica Grounds #1591,480.99,28
1592,Sweet Tea Green Tea Bags #1592,298.00,31
1593,Light Snack Beef Jerky #1593,141.00,34
1594,Special Drink Coconut Water #1594,37.00,37
1595,Local Bakery Muffin #1595,164.75,40
1596,Fresh Dairy Mozzarella Ball #1596,183.25,43
1597,Classic Pantry Iodized Salt #1597,259.25,46
1598,Original Frozen Frozen Berries #1598,134.75,49
1599,Salted Produce Banana Bunch #1599,69.25,52
1600,Spicy Meat Pork Belly #1600,161.50,55
1601,Deluxe Bath Hand Sanitizer #1601,268.50,58
1602,Imported Clean Trash Bags #1602,129.50,61
1603,Natural Office Tape Roll #1603,168.00,64
1604,Organic Tech HDMI Cable #1604,1191.75,67
1605,Premium Pet Cat Litter #1605,747.25,70
1606,Roasted Coffee Cold Brew Concentrate #1606,436.99,73
1607,Sweet Tea Black Tea Loose #1607,358.00,76
1608,Light Snack Potato Chips #1608,194.50,79
1609,Special Drink Lemonade Bottle #1609,128.49,82
1610,Local Bakery Bagel #1610,155.25,85
1611,Fresh Dairy Butter Stick #1611,261.00,88
1612,Classic Pantry Black Pepper #1612,163.49,91
1613,Original Frozen French Fries #1613,252.50,94
1614,Salted Produce Cavendish #1614,175.00,97
1615,Spicy Meat Chicken Breast #1615,182.50,5
1616,Deluxe Bath Bar Soap #1616,221.00,8
1617,Imported Clean Sponge Pack #1617,250.99,11
1618,Natural Office Eraser #1618,140.00,14
1619,Organic Tech Wireless Mouse #1619,2004.99,17
1620,Premium Pet Dog Toy #1620,595.99,20
1621,Roasted Coffee Instant Sachets #1621,490.50,23
1622,Sweet Tea Chamomile Pouch #1622,156.99,26
1623,Light Snack Tortilla Chips #1623,160.50,29
1624,Special Drink Mineral Water 500ml #1624,176.75,32
1625,Local Bakery Donut #1625,200.75,35
1626,Fresh Dairy Cream Cheese #1626,304.49,38
1627,Classic Pantry Vinegar Bottle #1627,336.00,41
1628,Original Frozen Chicken Nuggets #1628,215.49,44
1629,Salted Produce Green Lettuce #1629,92.99,47
1630,Spicy Meat Ground Beef #1630,872.75,50
1631,Deluxe Bath Shampoo 200ml #1631,132.50,53
1632,Imported Clean Laundry Pod #1632,160.49,56
1633,Natural Office Marker Pen #1633,21.75,59
1634,Organic Tech Keyboard #1634,2324.25,62
1635,Premium Pet Pet Shampoo #1635,867.00,65
1636,Roasted Coffee Decaf Pods #1636,57.99,68
1637,Sweet Tea Matcha Powder #1637,286.00,71
1638,Light Snack Pretzel Sticks #1638,69.99,74
1639,Special Drink Soda Can 330ml #1639,56.49,77
1640,Local Bakery Sourdough Loaf #1640,63.25,80
1641,Fresh Dairy Whipping Cream #1641,365.00,83
1642,Classic Pantry Tomato Sauce #1642,215.99,86
1643,Original Frozen Fish Fillet #1643,446.25,89
1644,Salted Produce Cherry Tomato #1644,106.99,92
1645,Spicy Meat Bacon Strips #1645,951.49,95
1646,Deluxe Bath Conditioner 200ml #1646,133.75,98
1647,Imported Clean Dish Soap #1647,220.49,6
1648,Natural Office Ballpen Black #1648,249.50,9
1649,Organic Tech Webcam #1649,412.25,12
1650,Premium Pet Aquarium Pellets #1650,941.75,15
1651,Roasted Coffee Mocha Mix #1651,587.50,18
1652,Sweet Tea Oolong Tin #1652,239.25,21
1653,Light Snack Cheese Crackers #1653,137.49,24
1654,Special Drink Iced Tea Bottle #1654,82.75,27
1655,Local Bakery Baguette #1655,173.49,30
1656,Fresh Dairy Whole Milk 1L #1656,196.25,33
1657,Classic Pantry Pasta 500g #1657,450.25,36
1658,Original Frozen Veggie Mix #1658,281.99,39
1659,Salted Produce Carrot Pack #1659,118.49,42
1660,Spicy Meat Pork Loin #1660,1452.75,45
1661,Deluxe Bath Body Wash #1661,75.50,48
1662,Imported Clean All-Purpose Spray #1662,239.00,51
1663,Natural Office Notebook A5 #1663,225.99,54
1664,Organic Tech USB-C Cable #1664,539.49,57
1665,Premium Pet Bird Seed #1665,828.50,60
1666,Roasted Coffee Latte Powder #1666,212.75,63
1667,Sweet Tea Earl Grey Box #1667,382.99,66
1668,Light Snack Granola Bar #1668,60.75,69
1669,Special Drink Energy Drink #1669,74.25,72
1670,Local Bakery Croissant #1670,218.99,75
1671,Fresh Dairy Skim Milk 1L #1671,41.50,78
1672,Classic Pantry Olive Oil 500ml #1672,46.49,81
1673,Original Frozen Frozen Dumplings #1673,131.75,84
1674,Salted Produce Sweet Onion #1674,59.99,87
1675,Spicy Meat Sausage Pack #1675,972.00,90
1676,Deluxe Bath Toothpaste #1676,243.49,93
1677,Imported Clean Bleach Bottle #1677,417.99,96
1678,Natural Office Sticky Notes #1678,16.25,99
1679,Organic Tech Phone Charger #1679,458.75,7
1680,Premium Pet Dog Food 1kg #1680,331.25,10
1681,Roasted Coffee Cappuccino Sticks #1681,79.50,13
1682,Sweet Tea Jasmine Pearls #1682,466.25,16
1683,Light Snack Trail Mix #1683,143.25,19
1684,Special Drink Sports Drink #1684,146.99,22
1685,Local Bakery Cinnamon Roll #1685,107.49,25
1686,Fresh Dairy Greek Yogurt #1686,244.00,28
1687,Classic Pantry Soy Sauce 1L #1687,92.50,31
1688,Original Frozen Frozen Pizza #1688,612.49,34
1689,Salted Produce Garlic Bulb #1689,117.25,37
1690,Spicy Meat Lamb Chops #1690,1052.50,40
1691,Deluxe Bath Mouthwash #1691,199.25,43
1692,Imported Clean Floor Wax #1692,85.00,46
1693,Natural Office Highlighter #1693,155.25,49
1694,Organic Tech Earphones #1694,821.99,52
1695,Premium Pet Cat Food 1kg #1695,939.49,55
1696,Roasted Coffee Espresso Beans #1696,218.50,58
1697,Sweet Tea Hibiscus Leaves #1697,458.49,61
1698,Light Snack Popcorn Bag #1698,43.50,64
1699,Special Drink Juice Box #1699,57.25,67
1700,Local Bakery Banana Bread #1700,107.25,70
1701,Fresh Dairy Cheddar Block #1701,174.00,73
1702,Classic Pantry Brown Sugar 1kg #1702,222.75,76
1703,Original Frozen Ice Cream Tub #1703,640.75,79
1704,Salted Produce Red Apple #1704,152.99,82
1705,Spicy Meat Turkey Slice #1705,904.49,85
1706,Deluxe Bath Deodorant #1706,43.25,88
1707,Imported Clean Glass Cleaner #1707,384.00,91
1708,Natural Office Stapler #1708,48.49,94
1709,Organic Tech Power Bank #1709,489.99,97
1710,Premium Pet Pet Treats #1710,891.75,5
1711,Roasted Coffee Arabica Grounds #1711,471.25,8
1712,Sweet Tea Green Tea Bags #1712,312.49,11
1713,Light Snack Beef Jerky #1713,190.00,14
1714,Special Drink Coconut Water #1714,25.99,17
1715,Local Bakery Muffin #1715,125.50,20
1716,Fresh Dairy Mozzarella Ball #1716,249.00,23
1717,Classic Pantry Iodized Salt #1717,491.75,26
1718,Original Frozen Frozen Berries #1718,269.49,29
1719,Salted Produce Banana Bunch #1719,164.49,32
1720,Spicy Meat Pork Belly #1720,1474.75,35
1721,Deluxe Bath Hand Sanitizer #1721,261.49,38
1722,Imported Clean Trash Bags #1722,258.75,41
1723,Natural Office Tape Roll #1723,72.99,44
1724,Organic Tech HDMI Cable #1724,317.00,47
1725,Premium Pet Cat Litter #1725,514.50,50
1726,Roasted Coffee Cold Brew Concentrate #1726,350.00,53
1727,Sweet Tea Black Tea Loose #1727,383.99,56
1728,Light Snack Potato Chips #1728,95.00,59
1729,Special Drink Lemonade Bottle #1729,57.25,62
1730,Local Bakery Bagel #1730,164.99,65
1731,Fresh Dairy Butter Stick #1731,384.50,68
1732,Classic Pantry Black Pepper #1732,183.50,71
1733,Original Frozen French Fries #1733,297.75,74
1734,Salted Produce Cavendish #1734,61.49,77
1735,Spicy Meat Chicken Breast #1735,303.00,80
1736,Deluxe Bath Bar Soap #1736,216.50,83
1737,Imported Clean Sponge Pack #1737,335.50,86
1738,Natural Office Eraser #1738,30.50,89
1739,Organic Tech Wireless Mouse #1739,2000.50,92
1740,Premium Pet Dog Toy #1740,562.25,95
1741,Roasted Coffee Instant Sachets #1741,592.75,98
1742,Sweet Tea Chamomile Pouch #1742,258.50,6
1743,Light Snack Tortilla Chips #1743,26.00,9
1744,Special Drink Mineral Water 500ml #1744,71.00,12
1745,Local Bakery Donut #1745,147.49,15
1746,Fresh Dairy Cream Cheese #1746,81.50,18
1747,Classic Pantry Vinegar Bottle #1747,405.75,21
1748,Original Frozen Chicken Nuggets #1748,550.49,24
1749,Salted Produce Green Lettuce #1749,173.49,27
1750,Spicy Meat Ground Beef #1750,1104.00,30
1751,Deluxe Bath Shampoo 200ml #1751,174.50,33
1752,Imported Clean Laundry Pod #1752,321.75,36
1753,Natural Office Marker Pen #1753,236.99,39
1754,Organic Tech Keyboard #1754,2352.49,42
1755,Premium Pet Pet Shampoo #1755,207.49,45
1756,Roasted Coffee Decaf Pods #1756,301.50,48
1757,Sweet Tea Matcha Powder #1757,147.49,51
1758,Light Snack Pretzel Sticks #1758,141.49,54
1759,Special Drink Soda Can 330ml #1759,65.49,57
1760,Local Bakery Sourdough Loaf #1760,182.49,60
1761,Fresh Dairy Whipping Cream #1761,289.75,63
1762,Classic Pantry Tomato Sauce #1762,175.99,66
1763,Original Frozen Fish Fillet #1763,218.00,69
1764,Salted Produce Cherry Tomato #1764,84.75,72
1765,Spicy Meat Bacon Strips #1765,817.75,75
1766,Deluxe Bath Conditioner 200ml #1766,110.75,78
1767,Imported Clean Dish Soap #1767,411.49,81
1768,Natural Office Ballpen Black #1768,36.75,84
1769,Organic Tech Webcam #1769,535.50,87
1770,Premium Pet Aquarium Pellets #1770,541.00,90
1771,Roasted Coffee Mocha Mix #1771,514.99,93
1772,Sweet Tea Oolong Tin #1772,457.75,96
1773,Light Snack Cheese Crackers #1773,247.25,99
1774,Special Drink Iced Tea Bottle #1774,173.00,7
1775,Local Bakery Baguette #1775,197.99,10
1776,Fresh Dairy Whole Milk 1L #1776,391.25,13
1777,Classic Pantry Pasta 500g #1777,318.75,16
1778,Original Frozen Veggie Mix #1778,359.25,19
1779,Salted Produce Carrot Pack #1779,104.75,22
1780,Spicy Meat Pork Loin #1780,1369.00,25
1781,Deluxe Bath Body Wash #1781,205.25,28
1782,Imported Clean All-Purpose Spray #1782,378.75,31
1783,Natural Office Notebook A5 #1783,229.00,34
1784,Organic Tech USB-C Cable #1784,1556.75,37
1785,Premium Pet Bird Seed #1785,754.00,40
1786,Roasted Coffee Latte Powder #1786,545.25,43
1787,Sweet Tea Earl Grey Box #1787,300.49,46
1788,Light Snack Granola Bar #1788,61.99,49
1789,Special Drink Energy Drink #1789,98.25,52
1790,Local Bakery Croissant #1790,114.00,55
1791,Fresh Dairy Skim Milk 1L #1791,127.00,58
1792,Classic Pantry Olive Oil 500ml #1792,477.00,61
1793,Original Frozen Frozen Dumplings #1793,418.50,64
1794,Salted Produce Sweet Onion #1794,49.75,67
1795,Spicy Meat Sausage Pack #1795,1009.49,70
1796,Deluxe Bath Toothpaste #1796,87.99,73
1797,Imported Clean Bleach Bottle #1797,108.49,76
1798,Natural Office Sticky Notes #1798,89.49,79
1799,Organic Tech Phone Charger #1799,1792.75,82
1800,Premium Pet Dog Food 1kg #1800,882.49,85
1801,Roasted Coffee Cappuccino Sticks #1801,200.49,88
1802,Sweet Tea Jasmine Pearls #1802,223.99,91
1803,Light Snack Trail Mix #1803,143.25,94
1804,Special Drink Sports Drink #1804,113.49,97
1805,Local Bakery Cinnamon Roll #1805,35.49,5
1806,Fresh Dairy Greek Yogurt #1806,142.49,8
1807,Classic Pantry Soy Sauce 1L #1807,140.75,11
1808,Original Frozen Frozen Pizza #1808,194.49,14
1809,Salted Produce Garlic Bulb #1809,37.99,17
1810,Spicy Meat Lamb Chops #1810,583.50,20
1811,Deluxe Bath Mouthwash #1811,266.99,23
1812,Imported Clean Floor Wax #1812,158.50,26
1813,Natural Office Highlighter #1813,149.49,29
1814,Organic Tech Earphones #1814,631.75,32
1815,Premium Pet Cat Food 1kg #1815,881.00,35
1816,Roasted Coffee Espresso Beans #1816,252.99,38
1817,Sweet Tea Hibiscus Leaves #1817,425.50,41
1818,Light Snack Popcorn Bag #1818,57.00,44
1819,Special Drink Juice Box #1819,134.00,47
1820,Local Bakery Banana Bread #1820,148.49,50
1821,Fresh Dairy Cheddar Block #1821,252.99,53
1822,Classic Pantry Brown Sugar 1kg #1822,199.25,56
1823,Original Frozen Ice Cream Tub #1823,445.75,59
1824,Salted Produce Red Apple #1824,31.25,62
1825,Spicy Meat Turkey Slice #1825,205.25,65
1826,Deluxe Bath Deodorant #1826,322.50,68
1827,Imported Clean Glass Cleaner #1827,138.00,71
1828,Natural Office Stapler #1828,77.00,74
1829,Organic Tech Power Bank #1829,1044.49,77
1830,Premium Pet Pet Treats #1830,235.99,80
1831,Roasted Coffee Arabica Grounds #1831,630.75,83
1832,Sweet Tea Green Tea Bags #1832,50.49,86
1833,Light Snack Beef Jerky #1833,95.50,89
1834,Special Drink Coconut Water #1834,154.75,92
1835,Local Bakery Muffin #1835,178.99,95
1836,Fresh Dairy Mozzarella Ball #1836,298.25,98
1837,Classic Pantry Iodized Salt #1837,256.00,6
1838,Original Frozen Frozen Berries #1838,467.99,9
1839,Salted Produce Banana Bunch #1839,112.99,12
1840,Spicy Meat Pork Belly #1840,595.25,15
1841,Deluxe Bath Hand Sanitizer #1841,286.50,18
1842,Imported Clean Trash Bags #1842,81.00,21
1843,Natural Office Tape Roll #1843,218.00,24
1844,Organic Tech HDMI Cable #1844,1473.75,27
1845,Premium Pet Cat Litter #1845,635.50,30
1846,Roasted Coffee Cold Brew Concentrate #1846,472.75,33
1847,Sweet Tea Black Tea Loose #1847,448.00,36
1848,Light Snack Potato Chips #1848,110.00,39
1849,Special Drink Lemonade Bottle #1849,135.49,42
1850,Local Bakery Bagel #1850,204.00,45
1851,Fresh Dairy Butter Stick #1851,268.50,48
1852,Classic Pantry Black Pepper #1852,398.25,51
1853,Original Frozen French Fries #1853,166.25,54
1854,Salted Produce Cavendish #1854,76.99,57
1855,Spicy Meat Chicken Breast #1855,523.00,60
1856,Deluxe Bath Bar Soap #1856,238.25,63
1857,Imported Clean Sponge Pack #1857,399.50,66
1858,Natural Office Eraser #1858,44.49,69
1859,Organic Tech Wireless Mouse #1859,262.99,72
1860,Premium Pet Dog Toy #1860,436.49,75
1861,Roasted Coffee Instant Sachets #1861,318.49,78
1862,Sweet Tea Chamomile Pouch #1862,462.99,81
1863,Light Snack Tortilla Chips #1863,178.75,84
1864,Special Drink Mineral Water 500ml #1864,58.75,87
1865,Local Bakery Donut #1865,110.00,90
1866,Fresh Dairy Cream Cheese #1866,369.49,93
1867,Classic Pantry Vinegar Bottle #1867,475.49,96
1868,Original Frozen Chicken Nuggets #1868,622.75,99
1869,Salted Produce Green Lettuce #1869,135.99,7
1870,Spicy Meat Ground Beef #1870,698.49,10
1871,Deluxe Bath Shampoo 200ml #1871,220.49,13
1872,Imported Clean Laundry Pod #1872,84.99,16
1873,Natural Office Marker Pen #1873,154.00,19
1874,Organic Tech Keyboard #1874,552.00,22
1875,Premium Pet Pet Shampoo #1875,656.75,25
1876,Roasted Coffee Decaf Pods #1876,499.99,28
1877,Sweet Tea Matcha Powder #1877,238.99,31
1878,Light Snack Pretzel Sticks #1878,238.49,34
1879,Special Drink Soda Can 330ml #1879,53.49,37
1880,Local Bakery Sourdough Loaf #1880,198.00,40
1881,Fresh Dairy Whipping Cream #1881,43.50,43
1882,Classic Pantry Tomato Sauce #1882,138.99,46
1883,Original Frozen Fish Fillet #1883,110.99,49
1884,Salted Produce Cherry Tomato #1884,45.49,52
1885,Spicy Meat Bacon Strips #1885,563.75,55
1886,Deluxe Bath Conditioner 200ml #1886,151.99,58
1887,Imported Clean Dish Soap #1887,211.75,61
1888,Natural Office Ballpen Black #1888,106.49,64
1889,Organic Tech Webcam #1889,1619.00,67
1890,Premium Pet Aquarium Pellets #1890,726.99,70
1891,Roasted Coffee Mocha Mix #1891,487.50,73
1892,Sweet Tea Oolong Tin #1892,40.25,76
1893,Light Snack Cheese Crackers #1893,238.00,79
1894,Special Drink Iced Tea Bottle #1894,116.49,82
1895,Local Bakery Baguette #1895,109.50,85
1896,Fresh Dairy Whole Milk 1L #1896,78.00,88
1897,Classic Pantry Pasta 500g #1897,314.99,91
1898,Original Frozen Veggie Mix #1898,461.99,94
1899,Salted Produce Carrot Pack #1899,125.00,97
1900,Spicy Meat Pork Loin #1900,679.50,5
1901,Deluxe Bath Body Wash #1901,166.99,8
1902,Imported Clean All-Purpose Spray #1902,323.75,11
1903,Natural Office Notebook A5 #1903,127.49,14
1904,Organic Tech USB-C Cable #1904,414.50,17
1905,Premium Pet Bird Seed #1905,139.25,20
1906,Roasted Coffee Latte Powder #1906,315.00,23
1907,Sweet Tea Earl Grey Box #1907,97.25,26
1908,Light Snack Granola Bar #1908,193.49,29
1909,Special Drink Energy Drink #1909,56.25,32
1910,Local Bakery Croissant #1910,27.50,35
1911,Fresh Dairy Skim Milk 1L #1911,377.49,38
1912,Classic Pantry Olive Oil 500ml #1912,322.75,41
1913,Original Frozen Frozen Dumplings #1913,348.75,44
1914,Salted Produce Sweet Onion #1914,134.75,47
1915,Spicy Meat Sausage Pack #1915,1034.99,50
1916,Deluxe Bath Toothpaste #1916,260.99,53
1917,Imported Clean Bleach Bottle #1917,162.50,56
1918,Natural Office Sticky Notes #1918,15.50,59
1919,Organic Tech Phone Charger #1919,1836.25,62
1920,Premium Pet Dog Food 1kg #1920,772.75,65
1921,Roasted Coffee Cappuccino Sticks #1921,649.99,68
1922,Sweet Tea Jasmine Pearls #1922,147.25,71
1923,Light Snack Trail Mix #1923,37.00,74
1924,Special Drink Sports Drink #1924,29.75,77
1925,Local Bakery Cinnamon Roll #1925,130.99,80
1926,Fresh Dairy Greek Yogurt #1926,223.00,83
1927,Classic Pantry Soy Sauce 1L #1927,377.49,86
1928,Original Frozen Frozen Pizza #1928,395.99,89
1929,Salted Produce Garlic Bulb #1929,152.49,92
1930,Spicy Meat Lamb Chops #1930,645.25,95
1931,Deluxe Bath Mouthwash #1931,184.25,98
1932,Imported Clean Floor Wax #1932,165.50,6
1933,Natural Office Highlighter #1933,125.00,9
1934,Organic Tech Earphones #1934,1367.49,12
1935,Premium Pet Cat Food 1kg #1935,406.75,15
1936,Roasted Coffee Espresso Beans #1936,226.49,18
1937,Sweet Tea Hibiscus Leaves #1937,364.75,21
1938,Light Snack Popcorn Bag #1938,178.00,24
1939,Special Drink Juice Box #1939,20.50,27
1940,Local Bakery Banana Bread #1940,156.25,30
1941,Fresh Dairy Cheddar Block #1941,398.49,33
1942,Classic Pantry Brown Sugar 1kg #1942,221.99,36
1943,Original Frozen Ice Cream Tub #1943,359.50,39
1944,Salted Produce Red Apple #1944,154.75,42
1945,Spicy Meat Turkey Slice #1945,686.25,45
1946,Deluxe Bath Deodorant #1946,345.25,48
1947,Imported Clean Glass Cleaner #1947,265.49,51
1948,Natural Office Stapler #1948,78.75,54
1949,Organic Tech Power Bank #1949,692.00,57
1950,Premium Pet Pet Treats #1950,781.50,60
1951,Roasted Coffee Arabica Grounds #1951,517.00,63
1952,Sweet Tea Green Tea Bags #1952,359.75,66
1953,Light Snack Beef Jerky #1953,95.75,69
1954,Special Drink Coconut Water #1954,112.49,72
1955,Local Bakery Muffin #1955,193.49,75
1956,Fresh Dairy Mozzarella Ball #1956,148.50,78
1957,Classic Pantry Iodized Salt #1957,443.75,81
1958,Original Frozen Frozen Berries #1958,565.25,84
1959,Salted Produce Banana Bunch #1959,49.75,87
1960,Spicy Meat Pork Belly #1960,1292.99,90
1961,Deluxe Bath Hand Sanitizer #1961,173.25,93
1962,Imported Clean Trash Bags #1962,240.50,96
1963,Natural Office Tape Roll #1963,90.99,99
1964,Organic Tech HDMI Cable #1964,2153.49,7
1965,Premium Pet Cat Litter #1965,722.75,10
1966,Roasted Coffee Cold Brew Concentrate #1966,316.75,13
1967,Sweet Tea Black Tea Loose #1967,244.75,16
1968,Light Snack Potato Chips #1968,168.50,19
1969,Special Drink Lemonade Bottle #1969,109.75,22
1970,Local Bakery Bagel #1970,112.00,25
1971,Fresh Dairy Butter Stick #1971,351.75,28
1972,Classic Pantry Black Pepper #1972,431.25,31
1973,Original Frozen French Fries #1973,360.99,34
1974,Salted Produce Cavendish #1974,76.75,37
1975,Spicy Meat Chicken Breast #1975,1010.50,40
1976,Deluxe Bath Bar Soap #1976,103.25,43
1977,Imported Clean Sponge Pack #1977,301.99,46
1978,Natural Office Eraser #1978,235.99,49
1979,Organic Tech Wireless Mouse #1979,1279.75,52
1980,Premium Pet Dog Toy #1980,335.75,55
1981,Roasted Coffee Instant Sachets #1981,583.99,58
1982,Sweet Tea Chamomile Pouch #1982,256.25,61
1983,Light Snack Tortilla Chips #1983,140.25,64
1984,Special Drink Mineral Water 500ml #1984,123.49,67
1985,Local Bakery Donut #1985,52.49,70
1986,Fresh Dairy Cream Cheese #1986,133.25,73
1987,Classic Pantry Vinegar Bottle #1987,60.50,76
1988,Original Frozen Chicken Nuggets #1988,321.49,79
1989,Salted Produce Green Lettuce #1989,177.75,82
1990,Spicy Meat Ground Beef #1990,262.75,85
1991,Deluxe Bath Shampoo 200ml #1991,116.49,88
1992,Imported Clean Laundry Pod #1992,399.49,91
1993,Natural Office Marker Pen #1993,248.75,94
1994,Organic Tech Keyboard #1994,2261.99,97
1995,Premium Pet Pet Shampoo #1995,232.99,5
1996,Roasted Coffee Decaf Pods #1996,339.25,8
1997,Sweet Tea Matcha Powder #1997,309.99,11
1998,Light Snack Pretzel Sticks #1998,43.75,14
1999,Special Drink Soda Can 330ml #1999,179.25,17
2000,Local Bakery Sourdough Loaf #2000,196.49,20
2001,Fresh Dairy Whipping Cream #2001,215.99,23
2002,Classic Pantry Tomato Sauce #2002,128.00,26
2003,Original Frozen Fish Fillet #2003,96.75,29
2004,Salted Produce Cherry Tomato #2004,38.50,32
2005,Spicy Meat Bacon Strips #2005,1090.99,35
2006,Deluxe Bath Conditioner 200ml #2006,141.25,38
2007,Imported Clean Dish Soap #2007,305.50,41
2008,Natural Office Ballpen Black #2008,57.75,44
2009,Organic Tech Webcam #2009,834.00,47
2010,Premium Pet Aquarium Pellets #2010,155.99,50
2011,Roasted Coffee Mocha Mix #2011,443.00,53
2012,Sweet Tea Oolong Tin #2012,465.75,56
2013,Light Snack Cheese Crackers #2013,130.00,59
2014,Special Drink Iced Tea Bottle #2014,134.75,62
2015,Local Bakery Baguette #2015,181.49,65
2016,Fresh Dairy Whole Milk 1L #2016,96.25,68
2017,Classic Pantry Pasta 500g #2017,363.50,71
2018,Original Frozen Veggie Mix #2018,548.99,74
2019,Salted Produce Carrot Pack #2019,87.25,77
2020,Spicy Meat Pork Loin #2020,222.00,80
2021,Deluxe Bath Body Wash #2021,197.00,83
2022,Imported Clean All-Purpose Spray #2022,117.00,86
2023,Natural Office Notebook A5 #2023,128.50,89
2024,Organic Tech USB-C Cable #2024,459.50,92
2025,Premium Pet Bird Seed #2025,802.25,95
2026,Roasted Coffee Latte Powder #2026,109.25,98
2027,Sweet Tea Earl Grey Box #2027,358.49,6
2028,Light Snack Granola Bar #2028,26.25,9
2029,Special Drink Energy Drink #2029,172.50,12
2030,Local Bakery Croissant #2030,76.50,15
2031,Fresh Dairy Skim Milk 1L #2031,114.49,18
2032,Classic Pantry Olive Oil 500ml #2032,317.00,21
2033,Original Frozen Frozen Dumplings #2033,112.75,24
2034,Salted Produce Sweet Onion #2034,61.49,27
2035,Spicy Meat Sausage Pack #2035,239.99,30
2036,Deluxe Bath Toothpaste #2036,58.25,33
2037,Imported Clean Bleach Bottle #2037,226.00,36
2038,Natural Office Sticky Notes #2038,19.99,39
2039,Organic Tech Phone Charger #2039,2355.00,42
2040,Premium Pet Dog Food 1kg #2040,218.49,45
2041,Roasted Coffee Cappuccino Sticks #2041,499.00,48
2042,Sweet Tea Jasmine Pearls #2042,377.49,51
2043,Light Snack Trail Mix #2043,22.00,54
2044,Special Drink Sports Drink #2044,170.75,57
2045,Local Bakery Cinnamon Roll #2045,166.25,60
2046,Fresh Dairy Greek Yogurt #2046,126.99,63
2047,Classic Pantry Soy Sauce 1L #2047,491.49,66
2048,Original Frozen Frozen Pizza #2048,140.99,69
2049,Salted Produce Garlic Bulb #2049,24.25,72
2050,Spicy Meat Lamb Chops #2050,1423.99,75
2051,Deluxe Bath Mouthwash #2051,286.50,78
2052,Imported Clean Floor Wax #2052,259.49,81
2053,Natural Office Highlighter #2053,102.49,84
2054,Organic Tech Earphones #2054,1843.00,87
2055,Premium Pet Cat Food 1kg #2055,698.50,90
2056,Roasted Coffee Espresso Beans #2056,271.49,93
2057,Sweet Tea Hibiscus Leaves #2057,189.25,96
2058,Light Snack Popcorn Bag #2058,247.00,99
2059,Special Drink Juice Box #2059,95.49,7
2060,Local Bakery Banana Bread #2060,46.49,10
2061,Fresh Dairy Cheddar Block #2061,242.99,13
2062,Classic Pantry Brown Sugar 1kg #2062,199.00,16
2063,Original Frozen Ice Cream Tub #2063,150.99,19
2064,Salted Produce Red Apple #2064,105.75,22
2065,Spicy Meat Turkey Slice #2065,251.00,25
2066,Deluxe Bath Deodorant #2066,176.49,28
2067,Imported Clean Glass Cleaner #2067,370.00,31
2068,Natural Office Stapler #2068,162.75,34
2069,Organic Tech Power Bank #2069,1126.25,37
2070,Premium Pet Pet Treats #2070,871.99,40
2071,Roasted Coffee Arabica Grounds #2071,417.49,43
2072,Sweet Tea Green Tea Bags #2072,145.00,46
2073,Light Snack Beef Jerky #2073,89.49,49
2074,Special Drink Coconut Water #2074,157.25,52
2075,Local Bakery Muffin #2075,148.25,55
2076,Fresh Dairy Mozzarella Ball #2076,160.25,58
2077,Classic Pantry Iodized Salt #2077,214.75,61
2078,Original Frozen Frozen Berries #2078,515.25,64
2079,Salted Produce Banana Bunch #2079,91.50,67
2080,Spicy Meat Pork Belly #2080,1315.75,70
2081,Deluxe Bath Hand Sanitizer #2081,86.00,73
2082,Imported Clean Trash Bags #2082,264.49,76
2083,Natural Office Tape Roll #2083,125.75,79
2084,Organic Tech HDMI Cable #2084,2402.00,82
2085,Premium Pet Cat Litter #2085,62.49,85
2086,Roasted Coffee Cold Brew Concentrate #2086,294.75,88
2087,Sweet Tea Black Tea Loose #2087,54.50,91
2088,Light Snack Potato Chips #2088,162.50,94
2089,Special Drink Lemonade Bottle #2089,178.99,97
2090,Local Bakery Bagel #2090,34.25,5
2091,Fresh Dairy Butter Stick #2091,231.99,8
2092,Classic Pantry Black Pepper #2092,244.25,11
2093,Original Frozen French Fries #2093,539.25,14
2094,Salted Produce Cavendish #2094,156.99,17
2095,Spicy Meat Chicken Breast #2095,1253.75,20
2096,Deluxe Bath Bar Soap #2096,155.50,23
2097,Imported Clean Sponge Pack #2097,305.00,26
2098,Natural Office Eraser #2098,94.49,29
2099,Organic Tech Wireless Mouse #2099,230.99,32
2100,Premium Pet Dog Toy #2100,741.50,35
2101,Roasted Coffee Instant Sachets #2101,316.75,38
2102,Sweet Tea Chamomile Pouch #2102,274.50,41
2103,Light Snack Tortilla Chips #2103,57.50,44
2104,Special Drink Mineral Water 500ml #2104,140.50,47
2105,Local Bakery Donut #2105,192.99,50
2106,Fresh Dairy Cream Cheese #2106,201.99,53
2107,Classic Pantry Vinegar Bottle #2107,188.50,56
2108,Original Frozen Chicken Nuggets #2108,425.99,59
2109,Salted Produce Green Lettuce #2109,74.49,62
2110,Spicy Meat Ground Beef #2110,236.00,65
2111,Deluxe Bath Shampoo 200ml #2111,151.50,68
2112,Imported Clean Laundry Pod #2112,168.75,71
2113,Natural Office Marker Pen #2113,62.25,74
2114,Organic Tech Keyboard #2114,2478.50,77
2115,Premium Pet Pet Shampoo #2115,712.00,80
2116,Roasted Coffee Decaf Pods #2116,542.49,83
2117,Sweet Tea Matcha Powder #2117,413.00,86
2118,Light Snack Pretzel Sticks #2118,183.00,89
2119,Special Drink Soda Can 330ml #2119,95.00,92
2120,Local Bakery Sourdough Loaf #2120,195.99,95
2121,Fresh Dairy Whipping Cream #2121,393.49,98
2122,Classic Pantry Tomato Sauce #2122,95.50,6
2123,Original Frozen Fish Fillet #2123,468.50,9
2124,Salted Produce Cherry Tomato #2124,45.99,12
2125,Spicy Meat Bacon Strips #2125,1415.50,15
2126,Deluxe Bath Conditioner 200ml #2126,282.50,18
2127,Imported Clean Dish Soap #2127,129.25,21
2128,Natural Office Ballpen Black #2128,140.99,24
2129,Organic Tech Webcam #2129,735.49,27
2130,Premium Pet Aquarium Pellets #2130,42.99,30
2131,Roasted Coffee Mocha Mix #2131,270.99,33
2132,Sweet Tea Oolong Tin #2132,222.00,36
2133,Light Snack Cheese Crackers #2133,194.00,39
2134,Special Drink Iced Tea Bottle #2134,25.75,42
2135,Local Bakery Baguette #2135,153.49,45
2136,Fresh Dairy Whole Milk 1L #2136,79.49,48
2137,Classic Pantry Pasta 500g #2137,496.00,51
2138,Original Frozen Veggie Mix #2138,397.25,54
2139,Salted Produce Carrot Pack #2139,84.50,57
2140,Spicy Meat Pork Loin #2140,1223.25,60
2141,Deluxe Bath Body Wash #2141,57.50,63
2142,Imported Clean All-Purpose Spray #2142,416.25,66
2143,Natural Office Notebook A5 #2143,135.00,69
2144,Organic Tech USB-C Cable #2144,741.75,72
2145,Premium Pet Bird Seed #2145,572.25,75
2146,Roasted Coffee Latte Powder #2146,302.49,78
2147,Sweet Tea Earl Grey Box #2147,113.25,81
2148,Light Snack Granola Bar #2148,173.99,84
2149,Special Drink Energy Drink #2149,33.49,87
2150,Local Bakery Croissant #2150,164.25,90
2151,Fresh Dairy Skim Milk 1L #2151,304.00,93
2152,Classic Pantry Olive Oil 500ml #2152,360.49,96
2153,Original Frozen Frozen Dumplings #2153,223.50,99
2154,Salted Produce Sweet Onion #2154,170.50,7
2155,Spicy Meat Sausage Pack #2155,1093.75,10
2156,Deluxe Bath Toothpaste #2156,69.25,13
2157,Imported Clean Bleach Bottle #2157,307.00,16
2158,Natural Office Sticky Notes #2158,85.25,19
2159,Organic Tech Phone Charger #2159,1563.00,22
2160,Premium Pet Dog Food 1kg #2160,301.49,25
2161,Roasted Coffee Cappuccino Sticks #2161,114.50,28
2162,Sweet Tea Jasmine Pearls #2162,57.50,31
2163,Light Snack Trail Mix #2163,146.99,34
2164,Special Drink Sports Drink #2164,160.75,37
2165,Local Bakery Cinnamon Roll #2165,66.75,40
2166,Fresh Dairy Greek Yogurt #2166,91.49,43
2167,Classic Pantry Soy Sauce 1L #2167,349.75,46
2168,Original Frozen Frozen Pizza #2168,522.49,49
2169,Salted Produce Garlic Bulb #2169,35.99,52
2170,Spicy Meat Lamb Chops #2170,372.99,55
2171,Deluxe Bath Mouthwash #2171,121.49,58
2172,Imported Clean Floor Wax #2172,87.00,61
2173,Natural Office Highlighter #2173,96.00,64
2174,Organic Tech Earphones #2174,834.99,67
2175,Premium Pet Cat Food 1kg #2175,464.50,70
2176,Roasted Coffee Espresso Beans #2176,144.25,73
2177,Sweet Tea Hibiscus Leaves #2177,79.00,76
2178,Light Snack Popcorn Bag #2178,208.99,79
2179,Special Drink Juice Box #2179,170.25,82
2180,Local Bakery Banana Bread #2180,32.50,85
2181,Fresh Dairy Cheddar Block #2181,290.25,88
2182,Classic Pantry Brown Sugar 1kg #2182,299.49,91
2183,Original Frozen Ice Cream Tub #2183,406.99,94
2184,Salted Produce Red Apple #2184,19.50,97
2185,Spicy Meat Turkey Slice #2185,599.99,5
2186,Deluxe Bath Deodorant #2186,160.00,8
2187,Imported Clean Glass Cleaner #2187,197.50,11
2188,Natural Office Stapler #2188,175.99,14
2189,Organic Tech Power Bank #2189,1245.49,17
2190,Premium Pet Pet Treats #2190,161.50,20
2191,Roasted Coffee Arabica Grounds #2191,400.25,23
2192,Sweet Tea Green Tea Bags #2192,282.49,26
2193,Light Snack Beef Jerky #2193,103.50,29
2194,Special Drink Coconut Water #2194,159.75,32
2195,Local Bakery Muffin #2195,30.50,35
2196,Fresh Dairy Mozzarella Ball #2196,231.25,38
2197,Classic Pantry Iodized Salt #2197,95.49,41
2198,Original Frozen Frozen Berries #2198,594.50,44
2199,Salted Produce Banana Bunch #2199,117.75,47
2200,Spicy Meat Pork Belly #2200,548.49,50
2201,Deluxe Bath Hand Sanitizer #2201,180.25,53
2202,Imported Clean Trash Bags #2202,344.75,56
2203,Natural Office Tape Roll #2203,112.99,59
2204,Organic Tech HDMI Cable #2204,670.99,62
2205,Premium Pet Cat Litter #2205,786.99,65
2206,Roasted Coffee Cold Brew Concentrate #2206,639.25,68
2207,Sweet Tea Black Tea Loose #2207,175.75,71
2208,Light Snack Potato Chips #2208,237.99,74
2209,Special Drink Lemonade Bottle #2209,85.75,77
2210,Local Bakery Bagel #2210,215.00,80
2211,Fresh Dairy Butter Stick #2211,140.25,83
2212,Classic Pantry Black Pepper #2212,431.49,86
2213,Original Frozen French Fries #2213,634.75,89
2214,Salted Produce Cavendish #2214,52.49,92
2215,Spicy Meat Chicken Breast #2215,654.49,95
2216,Deluxe Bath Bar Soap #2216,72.00,98
2217,Imported Clean Sponge Pack #2217,235.50,6
2218,Natural Office Eraser #2218,30.49,9
2219,Organic Tech Wireless Mouse #2219,243.00,12
2220,Premium Pet Dog Toy #2220,331.50,15
2221,Roasted Coffee Instant Sachets #2221,648.99,18
2222,Sweet Tea Chamomile Pouch #2222,428.49,21
2223,Light Snack Tortilla Chips #2223,15.00,24
2224,Special Drink Mineral Water 500ml #2224,170.99,27
2225,Local Bakery Donut #2225,63.00,30
2226,Fresh Dairy Cream Cheese #2226,265.75,33
2227,Classic Pantry Vinegar Bottle #2227,50.75,36
2228,Original Frozen Chicken Nuggets #2228,108.25,39
2229,Salted Produce Green Lettuce #2229,51.49,42
2230,Spicy Meat Ground Beef #2230,430.75,45
2231,Deluxe Bath Shampoo 200ml #2231,165.00,48
2232,Imported Clean Laundry Pod #2232,156.49,51
2233,Natural Office Marker Pen #2233,111.25,54
2234,Organic Tech Keyboard #2234,2002.25,57
2235,Premium Pet Pet Shampoo #2235,746.50,60
2236,Roasted Coffee Decaf Pods #2236,93.50,63
2237,Sweet Tea Matcha Powder #2237,251.25,66
2238,Light Snack Pretzel Sticks #2238,79.75,69
2239,Special Drink Soda Can 330ml #2239,130.00,72
2240,Local Bakery Sourdough Loaf #2240,99.00,75
2241,Fresh Dairy Whipping Cream #2241,297.75,78
2242,Classic Pantry Tomato Sauce #2242,431.49,81
2243,Original Frozen Fish Fillet #2243,389.00,84
2244,Salted Produce Cherry Tomato #2244,70.49,87
2245,Spicy Meat Bacon Strips #2245,779.25,90
2246,Deluxe Bath Conditioner 200ml #2246,244.00,93
2247,Imported Clean Dish Soap #2247,158.25,96
2248,Natural Office Ballpen Black #2248,72.25,99
2249,Organic Tech Webcam #2249,1480.75,7
2250,Premium Pet Aquarium Pellets #2250,682.75,10
2251,Roasted Coffee Mocha Mix #2251,113.49,13
2252,Sweet Tea Oolong Tin #2252,347.99,16
2253,Light Snack Cheese Crackers #2253,22.99,19
2254,Special Drink Iced Tea Bottle #2254,115.00,22
2255,Local Bakery Baguette #2255,51.50,25
2256,Fresh Dairy Whole Milk 1L #2256,210.75,28
2257,Classic Pantry Pasta 500g #2257,102.99,31
2258,Original Frozen Veggie Mix #2258,101.50,34
2259,Salted Produce Carrot Pack #2259,90.99,37
2260,Spicy Meat Pork Loin #2260,590.49,40
2261,Deluxe Bath Body Wash #2261,216.99,43
2262,Imported Clean All-Purpose Spray #2262,351.49,46
2263,Natural Office Notebook A5 #2263,208.75,49
2264,Organic Tech USB-C Cable #2264,391.00,52
2265,Premium Pet Bird Seed #2265,529.49,55
2266,Roasted Coffee Latte Powder #2266,307.99,58
2267,Sweet Tea Earl Grey Box #2267,227.50,61
2268,Light Snack Granola Bar #2268,200.00,64
2269,Special Drink Energy Drink #2269,144.49,67
2270,Local Bakery Croissant #2270,188.00,70
2271,Fresh Dairy Skim Milk 1L #2271,195.49,73
2272,Classic Pantry Olive Oil 500ml #2272,302.50,76
2273,Original Frozen Frozen Dumplings #2273,86.49,79
2274,Salted Produce Sweet Onion #2274,47.75,82
2275,Spicy Meat Sausage Pack #2275,1119.75,85
2276,Deluxe Bath Toothpaste #2276,185.50,88
2277,Imported Clean Bleach Bottle #2277,204.00,91
2278,Natural Office Sticky Notes #2278,227.49,94
2279,Organic Tech Phone Charger #2279,696.99,97
2280,Premium Pet Dog Food 1kg #2280,478.49,5
2281,Roasted Coffee Cappuccino Sticks #2281,191.00,8
2282,Sweet Tea Jasmine Pearls #2282,351.50,11
2283,Light Snack Trail Mix #2283,54.25,14
2284,Special Drink Sports Drink #2284,120.25,17
2285,Local Bakery Cinnamon Roll #2285,179.50,20
2286,Fresh Dairy Greek Yogurt #2286,48.00,23
2287,Classic Pantry Soy Sauce 1L #2287,340.99,26
2288,Original Frozen Frozen Pizza #2288,136.00,29
2289,Salted Produce Garlic Bulb #2289,26.49,32
2290,Spicy Meat Lamb Chops #2290,291.50,35
2291,Deluxe Bath Mouthwash #2291,94.50,38
2292,Imported Clean Floor Wax #2292,194.99,41
2293,Natural Office Highlighter #2293,202.25,44
2294,Organic Tech Earphones #2294,1357.75,47
2295,Premium Pet Cat Food 1kg #2295,215.00,50
2296,Roasted Coffee Espresso Beans #2296,151.75,53
2297,Sweet Tea Hibiscus Leaves #2297,287.49,56
2298,Light Snack Popcorn Bag #2298,201.49,59
2299,Special Drink Juice Box #2299,51.75,62
2300,Local Bakery Banana Bread #2300,118.25,65
2301,Fresh Dairy Cheddar Block #2301,285.75,68
2302,Classic Pantry Brown Sugar 1kg #2302,178.50,71
2303,Original Frozen Ice Cream Tub #2303,618.99,74
2304,Salted Produce Red Apple #2304,91.49,77
2305,Spicy Meat Turkey Slice #2305,1427.99,80
2306,Deluxe Bath Deodorant #2306,316.00,83
2307,Imported Clean Glass Cleaner #2307,333.25,86
2308,Natural Office Stapler #2308,126.25,89
2309,Organic Tech Power Bank #2309,1875.49,92
2310,Premium Pet Pet Treats #2310,115.50,95
2311,Roasted Coffee Arabica Grounds #2311,259.99,98
2312,Sweet Tea Green Tea Bags #2312,233.00,6
2313,Light Snack Beef Jerky #2313,228.25,9
2314,Special Drink Coconut Water #2314,137.00,12
2315,Local Bakery Muffin #2315,190.49,15
2316,Fresh Dairy Mozzarella Ball #2316,225.99,18
2317,Classic Pantry Iodized Salt #2317,240.00,21
2318,Original Frozen Frozen Berries #2318,282.49,24
2319,Salted Produce Banana Bunch #2319,29.25,27
2320,Spicy Meat Pork Belly #2320,1467.75,30
2321,Deluxe Bath Hand Sanitizer #2321,113.25,33
2322,Imported Clean Trash Bags #2322,249.25,36
2323,Natural Office Tape Roll #2323,100.49,39
2324,Organic Tech HDMI Cable #2324,1071.99,42
2325,Premium Pet Cat Litter #2325,634.99,45
2326,Roasted Coffee Cold Brew Concentrate #2326,540.00,48
2327,Sweet Tea Black Tea Loose #2327,433.99,51
2328,Light Snack Potato Chips #2328,45.25,54
2329,Special Drink Lemonade Bottle #2329,104.75,57
2330,Local Bakery Bagel #2330,102.75,60
2331,Fresh Dairy Butter Stick #2331,208.49,63
2332,Classic Pantry Black Pepper #2332,497.99,66
2333,Original Frozen French Fries #2333,441.25,69
2334,Salted Produce Cavendish #2334,17.00,72
2335,Spicy Meat Chicken Breast #2335,888.00,75
2336,Deluxe Bath Bar Soap #2336,119.00,78
2337,Imported Clean Sponge Pack #2337,163.49,81
2338,Natural Office Eraser #2338,83.99,84
2339,Organic Tech Wireless Mouse #2339,2173.25,87
2340,Premium Pet Dog Toy #2340,166.75,90
2341,Roasted Coffee Instant Sachets #2341,85.50,93
2342,Sweet Tea Chamomile Pouch #2342,319.75,96
2343,Light Snack Tortilla Chips #2343,22.50,99
2344,Special Drink Mineral Water 500ml #2344,142.25,7
2345,Local Bakery Donut #2345,188.50,10
2346,Fresh Dairy Cream Cheese #2346,148.00,13
2347,Classic Pantry Vinegar Bottle #2347,189.25,16
2348,Original Frozen Chicken Nuggets #2348,388.00,19
2349,Salted Produce Green Lettuce #2349,122.99,22
2350,Spicy Meat Ground Beef #2350,629.25,25
2351,Deluxe Bath Shampoo 200ml #2351,256.75,28
2352,Imported Clean Laundry Pod #2352,355.99,31
2353,Natural Office Marker Pen #2353,203.75,34
2354,Organic Tech Keyboard #2354,1568.50,37
2355,Premium Pet Pet Shampoo #2355,379.49,40
2356,Roasted Coffee Decaf Pods #2356,455.75,43
2357,Sweet Tea Matcha Powder #2357,194.75,46
2358,Light Snack Pretzel Sticks #2358,54.50,49
2359,Special Drink Soda Can 330ml #2359,100.50,52
2360,Local Bakery Sourdough Loaf #2360,159.99,55
2361,Fresh Dairy Whipping Cream #2361,401.49,58
2362,Classic Pantry Tomato Sauce #2362,381.49,61
2363,Original Frozen Fish Fillet #2363,120.49,64
2364,Salted Produce Cherry Tomato #2364,114.50,67
2365,Spicy Meat Bacon Strips #2365,847.00,70
2366,Deluxe Bath Conditioner 200ml #2366,310.99,73
2367,Imported Clean Dish Soap #2367,125.00,76
2368,Natural Office Ballpen Black #2368,81.00,79
2369,Organic Tech Webcam #2369,2247.50,82
2370,Premium Pet Aquarium Pellets #2370,314.99,85
2371,Roasted Coffee Mocha Mix #2371,615.50,88
2372,Sweet Tea Oolong Tin #2372,424.49,91
2373,Light Snack Cheese Crackers #2373,32.99,94
2374,Special Drink Iced Tea Bottle #2374,85.50,97
2375,Local Bakery Baguette #2375,54.49,5
2376,Fresh Dairy Whole Milk 1L #2376,151.99,8
2377,Classic Pantry Pasta 500g #2377,74.49,11
2378,Original Frozen Veggie Mix #2378,437.25,14
2379,Salted Produce Carrot Pack #2379,103.75,17
2380,Spicy Meat Pork Loin #2380,590.25,20
2381,Deluxe Bath Body Wash #2381,278.75,23
2382,Imported Clean All-Purpose Spray #2382,350.49,26
2383,Natural Office Notebook A5 #2383,57.75,29
2384,Organic Tech USB-C Cable #2384,969.00,32
2385,Premium Pet Bird Seed #2385,505.25,35
2386,Roasted Coffee Latte Powder #2386,151.50,38
2387,Sweet Tea Earl Grey Box #2387,244.50,41
2388,Light Snack Granola Bar #2388,229.75,44
2389,Special Drink Energy Drink #2389,149.99,47
2390,Local Bakery Croissant #2390,118.50,50
2391,Fresh Dairy Skim Milk 1L #2391,224.75,53
2392,Classic Pantry Olive Oil 500ml #2392,481.49,56
2393,Original Frozen Frozen Dumplings #2393,628.00,59
2394,Salted Produce Sweet Onion #2394,130.75,62
2395,Spicy Meat Sausage Pack #2395,1322.00,65
2396,Deluxe Bath Toothpaste #2396,127.00,68
2397,Imported Clean Bleach Bottle #2397,279.25,71
2398,Natural Office Sticky Notes #2398,136.49,74
2399,Organic Tech Phone Charger #2399,1126.75,77
2400,Premium Pet Dog Food 1kg #2400,533.75,80
2401,Roasted Coffee Cappuccino Sticks #2401,167.00,83
2402,Sweet Tea Jasmine Pearls #2402,253.50,86
2403,Light Snack Trail Mix #2403,135.50,89
2404,Special Drink Sports Drink #2404,75.00,92
2405,Local Bakery Cinnamon Roll #2405,187.00,95
2406,Fresh Dairy Greek Yogurt #2406,415.50,98
2407,Classic Pantry Soy Sauce 1L #2407,490.99,6
2408,Original Frozen Frozen Pizza #2408,335.00,9
2409,Salted Produce Garlic Bulb #2409,52.75,12
2410,Spicy Meat Lamb Chops #2410,1008.25,15
2411,Deluxe Bath Mouthwash #2411,140.49,18
2412,Imported Clean Floor Wax #2412,188.00,21
2413,Natural Office Highlighter #2413,118.25,24
2414,Organic Tech Earphones #2414,1113.99,27
2415,Premium Pet Cat Food 1kg #2415,410.00,30
2416,Roasted Coffee Espresso Beans #2416,293.50,33
2417,Sweet Tea Hibiscus Leaves #2417,281.00,36
2418,Light Snack Popcorn Bag #2418,235.25,39
2419,Special Drink Juice Box #2419,43.00,42
2420,Local Bakery Banana Bread #2420,70.75,45
2421,Fresh Dairy Cheddar Block #2421,231.75,48
2422,Classic Pantry Brown Sugar 1kg #2422,207.00,51
2423,Original Frozen Ice Cream Tub #2423,307.49,54
2424,Salted Produce Red Apple #2424,175.00,57
2425,Spicy Meat Turkey Slice #2425,475.49,60
2426,Deluxe Bath Deodorant #2426,310.49,63
2427,Imported Clean Glass Cleaner #2427,374.25,66
2428,Natural Office Stapler #2428,97.49,69
2429,Organic Tech Power Bank #2429,684.99,72
2430,Premium Pet Pet Treats #2430,781.99,75
2431,Roasted Coffee Arabica Grounds #2431,618.25,78
2432,Sweet Tea Green Tea Bags #2432,469.25,81
2433,Light Snack Beef Jerky #2433,180.49,84
2434,Special Drink Coconut Water #2434,39.50,87
2435,Local Bakery Muffin #2435,126.50,90
2436,Fresh Dairy Mozzarella Ball #2436,69.49,93
2437,Classic Pantry Iodized Salt #2437,366.49,96
2438,Original Frozen Frozen Berries #2438,630.49,99
2439,Salted Produce Banana Bunch #2439,38.25,7
2440,Spicy Meat Pork Belly #2440,707.75,10
2441,Deluxe Bath Hand Sanitizer #2441,91.50,13
2442,Imported Clean Trash Bags #2442,398.75,16
2443,Natural Office Tape Roll #2443,13.00,19
2444,Organic Tech HDMI Cable #2444,1440.49,22
2445,Premium Pet Cat Litter #2445,139.25,25
2446,Roasted Coffee Cold Brew Concentrate #2446,56.50,28
2447,Sweet Tea Black Tea Loose #2447,245.50,31
2448,Light Snack Potato Chips #2448,20.00,34
2449,Special Drink Lemonade Bottle #2449,89.99,37
2450,Local Bakery Bagel #2450,121.00,40
2451,Fresh Dairy Butter Stick #2451,238.00,43
2452,Classic Pantry Black Pepper #2452,250.75,46
2453,Original Frozen French Fries #2453,202.00,49
2454,Salted Produce Cavendish #2454,43.99,52
2455,Spicy Meat Chicken Breast #2455,155.99,55
2456,Deluxe Bath Bar Soap #2456,88.75,58
2457,Imported Clean Sponge Pack #2457,276.49,61
2458,Natural Office Eraser #2458,52.49,64
2459,Organic Tech Wireless Mouse #2459,1688.75,67
2460,Premium Pet Dog Toy #2460,475.75,70
2461,Roasted Coffee Instant Sachets #2461,497.75,73
2462,Sweet Tea Chamomile Pouch #2462,374.25,76
2463,Light Snack Tortilla Chips #2463,132.99,79
2464,Special Drink Mineral Water 500ml #2464,178.75,82
2465,Local Bakery Donut #2465,213.25,85
2466,Fresh Dairy Cream Cheese #2466,335.75,88
2467,Classic Pantry Vinegar Bottle #2467,276.75,91
2468,Original Frozen Chicken Nuggets #2468,611.25,94
2469,Salted Produce Green Lettuce #2469,128.75,97
2470,Spicy Meat Ground Beef #2470,792.25,5
2471,Deluxe Bath Shampoo 200ml #2471,344.25,8
2472,Imported Clean Laundry Pod #2472,80.25,11
2473,Natural Office Marker Pen #2473,54.99,14
2474,Organic Tech Keyboard #2474,527.75,17
2475,Premium Pet Pet Shampoo #2475,767.25,20
2476,Roasted Coffee Decaf Pods #2476,472.00,23
2477,Sweet Tea Matcha Powder #2477,436.49,26
2478,Light Snack Pretzel Sticks #2478,249.25,29
2479,Special Drink Soda Can 330ml #2479,76.00,32
2480,Local Bakery Sourdough Loaf #2480,115.49,35
2481,Fresh Dairy Whipping Cream #2481,354.50,38
2482,Classic Pantry Tomato Sauce #2482,356.49,41
2483,Original Frozen Fish Fillet #2483,136.25,44
2484,Salted Produce Cherry Tomato #2484,121.49,47
2485,Spicy Meat Bacon Strips #2485,810.99,50
2486,Deluxe Bath Conditioner 200ml #2486,231.50,53
2487,Imported Clean Dish Soap #2487,355.99,56
2488,Natural Office Ballpen Black #2488,154.50,59
2489,Organic Tech Webcam #2489,2289.50,62
2490,Premium Pet Aquarium Pellets #2490,298.99,65
2491,Roasted Coffee Mocha Mix #2491,156.99,68
2492,Sweet Tea Oolong Tin #2492,466.50,71
2493,Light Snack Cheese Crackers #2493,141.99,74
2494,Special Drink Iced Tea Bottle #2494,146.99,77
2495,Local Bakery Baguette #2495,131.49,80
2496,Fresh Dairy Whole Milk 1L #2496,352.49,83
2497,Classic Pantry Pasta 500g #2497,217.75,86
2498,Original Frozen Veggie Mix #2498,245.50,89
2499,Salted Produce Carrot Pack #2499,140.75,92
2500,Spicy Meat Pork Loin #2500,368.75,95
2501,Deluxe Bath Body Wash #2501,57.25,98
2502,Imported Clean All-Purpose Spray #2502,280.00,6
2503,Natural Office Notebook A5 #2503,66.25,9
2504,Organic Tech USB-C Cable #2504,1854.50,12
2505,Premium Pet Bird Seed #2505,302.75,15
2506,Roasted Coffee Latte Powder #2506,611.50,18
2507,Sweet Tea Earl Grey Box #2507,89.00,21
2508,Light Snack Granola Bar #2508,76.25,24
2509,Special Drink Energy Drink #2509,66.99,27
2510,Local Bakery Croissant #2510,206.50,30
2511,Fresh Dairy Skim Milk 1L #2511,83.49,33
2512,Classic Pantry Olive Oil 500ml #2512,272.99,36
2513,Original Frozen Frozen Dumplings #2513,308.50,39
2514,Salted Produce Sweet Onion #2514,20.75,42
2515,Spicy Meat Sausage Pack #2515,1254.25,45
2516,Deluxe Bath Toothpaste #2516,152.99,48
2517,Imported Clean Bleach Bottle #2517,136.49,51
2518,Natural Office Sticky Notes #2518,165.75,54
2519,Organic Tech Phone Charger #2519,1031.99,57
2520,Premium Pet Dog Food 1kg #2520,931.75,60
2521,Roasted Coffee Cappuccino Sticks #2521,111.00,63
2522,Sweet Tea Jasmine Pearls #2522,402.00,66
2523,Light Snack Trail Mix #2523,48.75,69
2524,Special Drink Sports Drink #2524,117.75,72
2525,Local Bakery Cinnamon Roll #2525,130.75,75
2526,Fresh Dairy Greek Yogurt #2526,160.75,78
2527,Classic Pantry Soy Sauce 1L #2527,437.99,81
2528,Original Frozen Frozen Pizza #2528,99.00,84
2529,Salted Produce Garlic Bulb #2529,40.50,87
2530,Spicy Meat Lamb Chops #2530,704.00,90
2531,Deluxe Bath Mouthwash #2531,184.50,93
2532,Imported Clean Floor Wax #2532,412.49,96
2533,Natural Office Highlighter #2533,122.99,99
2534,Organic Tech Earphones #2534,533.50,7
2535,Premium Pet Cat Food 1kg #2535,89.00,10
2536,Roasted Coffee Espresso Beans #2536,299.00,13
2537,Sweet Tea Hibiscus Leaves #2537,437.99,16
2538,Light Snack Popcorn Bag #2538,27.49,19
2539,Special Drink Juice Box #2539,65.75,22
2540,Local Bakery Banana Bread #2540,111.50,25
2541,Fresh Dairy Cheddar Block #2541,304.49,28
2542,Classic Pantry Brown Sugar 1kg #2542,424.99,31
2543,Original Frozen Ice Cream Tub #2543,168.49,34
2544,Salted Produce Red Apple #2544,177.00,37
2545,Spicy Meat Turkey Slice #2545,1116.00,40
2546,Deluxe Bath Deodorant #2546,139.75,43
2547,Imported Clean Glass Cleaner #2547,111.00,46
2548,Natural Office Stapler #2548,27.00,49
2549,Organic Tech Power Bank #2549,1641.99,52
2550,Premium Pet Pet Treats #2550,501.99,55
2551,Roasted Coffee Arabica Grounds #2551,423.75,58
2552,Sweet Tea Green Tea Bags #2552,142.25,61
2553,Light Snack Beef Jerky #2553,156.25,64
2554,Special Drink Coconut Water #2554,55.00,67
2555,Local Bakery Muffin #2555,133.50,70
2556,Fresh Dairy Mozzarella Ball #2556,59.75,73
2557,Classic Pantry Iodized Salt #2557,391.75,76
2558,Original Frozen Frozen Berries #2558,299.00,79
2559,Salted Produce Banana Bunch #2559,123.75,82
2560,Spicy Meat Pork Belly #2560,1029.49,85
2561,Deluxe Bath Hand Sanitizer #2561,307.50,88
2562,Imported Clean Trash Bags #2562,387.75,91
2563,Natural Office Tape Roll #2563,97.99,94
2564,Organic Tech HDMI Cable #2564,166.49,97
2565,Premium Pet Cat Litter #2565,276.00,5
2566,Roasted Coffee Cold Brew Concentrate #2566,218.75,8
2567,Sweet Tea Black Tea Loose #2567,455.50,11
2568,Light Snack Potato Chips #2568,211.49,14
2569,Special Drink Lemonade Bottle #2569,111.25,17
2570,Local Bakery Bagel #2570,75.49,20
2571,Fresh Dairy Butter Stick #2571,249.99,23
2572,Classic Pantry Black Pepper #2572,436.00,26
2573,Original Frozen French Fries #2573,504.50,29
2574,Salted Produce Cavendish #2574,20.49,32
2575,Spicy Meat Chicken Breast #2575,1456.50,35
2576,Deluxe Bath Bar Soap #2576,176.99,38
2577,Imported Clean Sponge Pack #2577,418.75,41
2578,Natural Office Eraser #2578,132.00,44
2579,Organic Tech Wireless Mouse #2579,1234.49,47
2580,Premium Pet Dog Toy #2580,899.50,50
2581,Roasted Coffee Instant Sachets #2581,253.25,53
2582,Sweet Tea Chamomile Pouch #2582,380.49,56
2583,Light Snack Tortilla Chips #2583,117.75,59
2584,Special Drink Mineral Water 500ml #2584,113.25,62
2585,Local Bakery Donut #2585,108.50,65
2586,Fresh Dairy Cream Cheese #2586,392.75,68
2587,Classic Pantry Vinegar Bottle #2587,348.49,71
2588,Original Frozen Chicken Nuggets #2588,482.49,74
2589,Salted Produce Green Lettuce #2589,36.99,77
2590,Spicy Meat Ground Beef #2590,558.49,80
2591,Deluxe Bath Shampoo 200ml #2591,197.75,83
2592,Imported Clean Laundry Pod #2592,275.75,86
2593,Natural Office Marker Pen #2593,124.75,89
2594,Organic Tech Keyboard #2594,987.50,92
2595,Premium Pet Pet Shampoo #2595,524.99,95
2596,Roasted Coffee Decaf Pods #2596,457.49,98
2597,Sweet Tea Matcha Powder #2597,161.99,6
2598,Light Snack Pretzel Sticks #2598,31.75,9
2599,Special Drink Soda Can 330ml #2599,29.50,12
2600,Local Bakery Sourdough Loaf #2600,185.49,15
2601,Fresh Dairy Whipping Cream #2601,293.49,18
2602,Classic Pantry Tomato Sauce #2602,308.75,21
2603,Original Frozen Fish Fillet #2603,166.00,24
2604,Salted Produce Cherry Tomato #2604,82.00,27
2605,Spicy Meat Bacon Strips #2605,1425.49,30
2606,Deluxe Bath Conditioner 200ml #2606,319.00,33
2607,Imported Clean Dish Soap #2607,99.75,36
2608,Natural Office Ballpen Black #2608,167.75,39
2609,Organic Tech Webcam #2609,1000.25,42
2610,Premium Pet Aquarium Pellets #2610,284.75,45
2611,Roasted Coffee Mocha Mix #2611,401.00,48
2612,Sweet Tea Oolong Tin #2612,362.75,51
2613,Light Snack Cheese Crackers #2613,235.00,54
2614,Special Drink Iced Tea Bottle #2614,171.50,57
2615,Local Bakery Baguette #2615,170.49,60
2616,Fresh Dairy Whole Milk 1L #2616,349.99,63
2617,Classic Pantry Pasta 500g #2617,259.99,66
2618,Original Frozen Veggie Mix #2618,205.00,69
2619,Salted Produce Carrot Pack #2619,130.00,72
2620,Spicy Meat Pork Loin #2620,1083.49,75
2621,Deluxe Bath Body Wash #2621,69.00,78
2622,Imported Clean All-Purpose Spray #2622,62.75,81
2623,Natural Office Notebook A5 #2623,14.75,84
2624,Organic Tech USB-C Cable #2624,1426.49,87
2625,Premium Pet Bird Seed #2625,411.00,90
2626,Roasted Coffee Latte Powder #2626,572.75,93
2627,Sweet Tea Earl Grey Box #2627,358.75,96
2628,Light Snack Granola Bar #2628,123.00,99
2629,Special Drink Energy Drink #2629,89.49,7
2630,Local Bakery Croissant #2630,210.50,10
2631,Fresh Dairy Skim Milk 1L #2631,234.25,13
2632,Classic Pantry Olive Oil 500ml #2632,259.49,16
2633,Original Frozen Frozen Dumplings #2633,307.00,19
2634,Salted Produce Sweet Onion #2634,131.50,22
2635,Spicy Meat Sausage Pack #2635,209.25,25
2636,Deluxe Bath Toothpaste #2636,106.49,28
2637,Imported Clean Bleach Bottle #2637,345.50,31
2638,Natural Office Sticky Notes #2638,115.49,34
2639,Organic Tech Phone Charger #2639,743.75,37
2640,Premium Pet Dog Food 1kg #2640,110.99,40
2641,Roasted Coffee Cappuccino Sticks #2641,511.99,43
2642,Sweet Tea Jasmine Pearls #2642,407.50,46
2643,Light Snack Trail Mix #2643,166.00,49
2644,Special Drink Sports Drink #2644,153.25,52
2645,Local Bakery Cinnamon Roll #2645,182.75,55
2646,Fresh Dairy Greek Yogurt #2646,318.75,58
2647,Classic Pantry Soy Sauce 1L #2647,237.25,61
2648,Original Frozen Frozen Pizza #2648,346.50,64
2649,Salted Produce Garlic Bulb #2649,76.50,67
2650,Spicy Meat Lamb Chops #2650,235.99,70
2651,Deluxe Bath Mouthwash #2651,133.75,73
2652,Imported Clean Floor Wax #2652,220.99,76
2653,Natural Office Highlighter #2653,45.75,79
2654,Organic Tech Earphones #2654,667.00,82
2655,Premium Pet Cat Food 1kg #2655,798.49,85
2656,Roasted Coffee Espresso Beans #2656,575.49,88
2657,Sweet Tea Hibiscus Leaves #2657,193.50,91
2658,Light Snack Popcorn Bag #2658,107.49,94
2659,Special Drink Juice Box #2659,89.00,97
2660,Local Bakery Banana Bread #2660,86.49,5
2661,Fresh Dairy Cheddar Block #2661,155.75,8
2662,Classic Pantry Brown Sugar 1kg #2662,452.00,11
2663,Original Frozen Ice Cream Tub #2663,446.25,14
2664,Salted Produce Red Apple #2664,125.25,17
2665,Spicy Meat Turkey Slice #2665,1145.25,20
2666,Deluxe Bath Deodorant #2666,276.75,23
2667,Imported Clean Glass Cleaner #2667,355.75,26
2668,Natural Office Stapler #2668,103.00,29
2669,Organic Tech Power Bank #2669,2088.99,32
2670,Premium Pet Pet Treats #2670,114.75,35
2671,Roasted Coffee Arabica Grounds #2671,53.00,38
2672,Sweet Tea Green Tea Bags #2672,69.25,41
2673,Light Snack Beef Jerky #2673,59.75,44
2674,Special Drink Coconut Water #2674,134.49,47
2675,Local Bakery Muffin #2675,70.99,50
2676,Fresh Dairy Mozzarella Ball #2676,416.49,53
2677,Classic Pantry Iodized Salt #2677,286.00,56
2678,Original Frozen Frozen Berries #2678,371.50,59
2679,Salted Produce Banana Bunch #2679,147.00,62
2680,Spicy Meat Pork Belly #2680,1120.75,65
2681,Deluxe Bath Hand Sanitizer #2681,209.00,68
2682,Imported Clean Trash Bags #2682,165.75,71
2683,Natural Office Tape Roll #2683,185.25,74
2684,Organic Tech HDMI Cable #2684,1115.50,77
2685,Premium Pet Cat Litter #2685,166.99,80
2686,Roasted Coffee Cold Brew Concentrate #2686,614.25,83
2687,Sweet Tea Black Tea Loose #2687,471.25,86
2688,Light Snack Potato Chips #2688,107.99,89
2689,Special Drink Lemonade Bottle #2689,158.50,92
2690,Local Bakery Bagel #2690,156.25,95
2691,Fresh Dairy Butter Stick #2691,48.50,98
2692,Classic Pantry Black Pepper #2692,134.75,6
2693,Original Frozen French Fries #2693,528.50,9
2694,Salted Produce Cavendish #2694,176.99,12
2695,Spicy Meat Chicken Breast #2695,868.75,15
2696,Deluxe Bath Bar Soap #2696,51.49,18
2697,Imported Clean Sponge Pack #2697,123.00,21
2698,Natural Office Eraser #2698,244.49,24
2699,Organic Tech Wireless Mouse #2699,832.00,27
2700,Premium Pet Dog Toy #2700,293.75,30
2701,Roasted Coffee Instant Sachets #2701,460.50,33
2702,Sweet Tea Chamomile Pouch #2702,159.49,36
2703,Light Snack Tortilla Chips #2703,39.00,39
2704,Special Drink Mineral Water 500ml #2704,68.25,42
2705,Local Bakery Donut #2705,153.25,45
2706,Fresh Dairy Cream Cheese #2706,181.75,48
2707,Classic Pantry Vinegar Bottle #2707,477.75,51
2708,Original Frozen Chicken Nuggets #2708,158.75,54
2709,Salted Produce Green Lettuce #2709,23.00,57
2710,Spicy Meat Ground Beef #2710,982.25,60
2711,Deluxe Bath Shampoo 200ml #2711,81.00,63
2712,Imported Clean Laundry Pod #2712,377.49,66
2713,Natural Office Marker Pen #2713,173.50,69
2714,Organic Tech Keyboard #2714,2150.00,72
2715,Premium Pet Pet Shampoo #2715,862.75,75
2716,Roasted Coffee Decaf Pods #2716,320.75,78
2717,Sweet Tea Matcha Powder #2717,441.75,81
2718,Light Snack Pretzel Sticks #2718,129.00,84
2719,Special Drink Soda Can 330ml #2719,114.25,87
2720,Local Bakery Sourdough Loaf #2720,119.00,90
2721,Fresh Dairy Whipping Cream #2721,320.75,93
2722,Classic Pantry Tomato Sauce #2722,158.00,96
2723,Original Frozen Fish Fillet #2723,191.99,99
2724,Salted Produce Cherry Tomato #2724,62.25,7
2725,Spicy Meat Bacon Strips #2725,1473.50,10
2726,Deluxe Bath Conditioner 200ml #2726,337.00,13
2727,Imported Clean Dish Soap #2727,118.00,16
2728,Natural Office Ballpen Black #2728,234.75,19
2729,Organic Tech Webcam #2729,1189.99,22
2730,Premium Pet Aquarium Pellets #2730,830.50,25
2731,Roasted Coffee Mocha Mix #2731,373.25,28
2732,Sweet Tea Oolong Tin #2732,107.75,31
2733,Light Snack Cheese Crackers #2733,41.75,34
2734,Special Drink Iced Tea Bottle #2734,93.25,37
2735,Local Bakery Baguette #2735,77.99,40
2736,Fresh Dairy Whole Milk 1L #2736,101.00,43
2737,Classic Pantry Pasta 500g #2737,228.50,46
2738,Original Frozen Veggie Mix #2738,114.00,49
2739,Salted Produce Carrot Pack #2739,110.25,52
2740,Spicy Meat Pork Loin #2740,335.75,55
2741,Deluxe Bath Body Wash #2741,280.99,58
2742,Imported Clean All-Purpose Spray #2742,356.99,61
2743,Natural Office Notebook A5 #2743,188.25,64
2744,Organic Tech USB-C Cable #2744,1088.50,67
2745,Premium Pet Bird Seed #2745,559.00,70
2746,Roasted Coffee Latte Powder #2746,478.75,73
2747,Sweet Tea Earl Grey Box #2747,134.99,76
2748,Light Snack Granola Bar #2748,161.49,79
2749,Special Drink Energy Drink #2749,171.25,82
2750,Local Bakery Croissant #2750,96.25,85
2751,Fresh Dairy Skim Milk 1L #2751,168.75,88
2752,Classic Pantry Olive Oil 500ml #2752,314.75,91
2753,Original Frozen Frozen Dumplings #2753,335.49,94
2754,Salted Produce Sweet Onion #2754,25.99,97
2755,Spicy Meat Sausage Pack #2755,722.25,5
2756,Deluxe Bath Toothpaste #2756,112.75,8
2757,Imported Clean Bleach Bottle #2757,241.50,11
2758,Natural Office Sticky Notes #2758,67.50,14
2759,Organic Tech Phone Charger #2759,991.49,17
2760,Premium Pet Dog Food 1kg #2760,127.75,20
2761,Roasted Coffee Cappuccino Sticks #2761,224.99,23
2762,Sweet Tea Jasmine Pearls #2762,158.75,26
2763,Light Snack Trail Mix #2763,90.49,29
2764,Special Drink Sports Drink #2764,113.75,32
2765,Local Bakery Cinnamon Roll #2765,41.25,35
2766,Fresh Dairy Greek Yogurt #2766,188.99,38
2767,Classic Pantry Soy Sauce 1L #2767,154.49,41
2768,Original Frozen Frozen Pizza #2768,353.50,44
2769,Salted Produce Garlic Bulb #2769,54.99,47
2770,Spicy Meat Lamb Chops #2770,778.50,50
2771,Deluxe Bath Mouthwash #2771,312.99,53
2772,Imported Clean Floor Wax #2772,234.75,56
2773,Natural Office Highlighter #2773,78.75,59
2774,Organic Tech Earphones #2774,2359.00,62
2775,Premium Pet Cat Food 1kg #2775,606.00,65
2776,Roasted Coffee Espresso Beans #2776,305.49,68
2777,Sweet Tea Hibiscus Leaves #2777,105.49,71
2778,Light Snack Popcorn Bag #2778,198.00,74
2779,Special Drink Juice Box #2779,86.75,77
2780,Local Bakery Banana Bread #2780,154.50,80
2781,Fresh Dairy Cheddar Block #2781,280.00,83
2782,Classic Pantry Brown Sugar 1kg #2782,252.50,86
2783,Original Frozen Ice Cream Tub #2783,400.50,89
2784,Salted Produce Red Apple #2784,126.50,92
2785,Spicy Meat Turkey Slice #2785,924.00,95
2786,Deluxe Bath Deodorant #2786,318.00,98
2787,Imported Clean Glass Cleaner #2787,201.75,6
2788,Natural Office Stapler #2788,159.49,9
2789,Organic Tech Power Bank #2789,445.49,12
2790,Premium Pet Pet Treats #2790,848.49,15
2791,Roasted Coffee Arabica Grounds #2791,542.00,18
2792,Sweet Tea Green Tea Bags #2792,167.00,21
2793,Light Snack Beef Jerky #2793,28.50,24
2794,Special Drink Coconut Water #2794,52.99,27
2795,Local Bakery Muffin #2795,191.75,30
2796,Fresh Dairy Mozzarella Ball #2796,151.49,33
2797,Classic Pantry Iodized Salt #2797,469.99,36
2798,Original Frozen Frozen Berries #2798,154.99,39
2799,Salted Produce Banana Bunch #2799,122.50,42
2800,Spicy Meat Pork Belly #2800,1196.50,45
2801,Deluxe Bath Hand Sanitizer #2801,261.25,48
2802,Imported Clean Trash Bags #2802,315.50,51
2803,Natural Office Tape Roll #2803,91.00,54
2804,Organic Tech HDMI Cable #2804,665.99,57
2805,Premium Pet Cat Litter #2805,870.50,60
2806,Roasted Coffee Cold Brew Concentrate #2806,245.49,63
2807,Sweet Tea Black Tea Loose #2807,155.25,66
2808,Light Snack Potato Chips #2808,31.75,69
2809,Special Drink Lemonade Bottle #2809,169.49,72
2810,Local Bakery Bagel #2810,158.75,75
2811,Fresh Dairy Butter Stick #2811,230.49,78
2812,Classic Pantry Black Pepper #2812,201.49,81
2813,Original Frozen French Fries #2813,492.25,84
2814,Salted Produce Cavendish #2814,44.50,87
2815,Spicy Meat Chicken Breast #2815,933.49,90
2816,Deluxe Bath Bar Soap #2816,251.49,93
2817,Imported Clean Sponge Pack #2817,416.00,96
2818,Natural Office Eraser #2818,104.49,99
2819,Organic Tech Wireless Mouse #2819,2424.50,7
2820,Premium Pet Dog Toy #2820,178.99,10
2821,Roasted Coffee Instant Sachets #2821,234.49,13
2822,Sweet Tea Chamomile Pouch #2822,415.75,16
2823,Light Snack Tortilla Chips #2823,88.25,19
2824,Special Drink Mineral Water 500ml #2824,122.25,22
2825,Local Bakery Donut #2825,143.25,25
2826,Fresh Dairy Cream Cheese #2826,113.75,28
2827,Classic Pantry Vinegar Bottle #2827,95.99,31
2828,Original Frozen Chicken Nuggets #2828,191.75,34
2829,Salted Produce Green Lettuce #2829,56.25,37
2830,Spicy Meat Ground Beef #2830,461.50,40
2831,Deluxe Bath Shampoo 200ml #2831,240.99,43
2832,Imported Clean Laundry Pod #2832,412.99,46
2833,Natural Office Marker Pen #2833,61.99,49
2834,Organic Tech Keyboard #2834,1630.00,52
2835,Premium Pet Pet Shampoo #2835,163.99,55
2836,Roasted Coffee Decaf Pods #2836,601.99,58
2837,Sweet Tea Matcha Powder #2837,287.99,61
2838,Light Snack Pretzel Sticks #2838,27.50,64
2839,Special Drink Soda Can 330ml #2839,28.49,67
2840,Local Bakery Sourdough Loaf #2840,69.99,70
2841,Fresh Dairy Whipping Cream #2841,314.00,73
2842,Classic Pantry Tomato Sauce #2842,326.50,76
2843,Original Frozen Fish Fillet #2843,296.99,79
2844,Salted Produce Cherry Tomato #2844,87.49,82
2845,Spicy Meat Bacon Strips #2845,1230.99,85
2846,Deluxe Bath Conditioner 200ml #2846,272.99,88
2847,Imported Clean Dish Soap #2847,130.99,91
2848,Natural Office Ballpen Black #2848,222.00,94
2849,Organic Tech Webcam #2849,2329.25,97
2850,Premium Pet Aquarium Pellets #2850,264.00,5
2851,Roasted Coffee Mocha Mix #2851,234.49,8
2852,Sweet Tea Oolong Tin #2852,188.00,11
2853,Light Snack Cheese Crackers #2853,195.50,14
2854,Special Drink Iced Tea Bottle #2854,103.25,17
2855,Local Bakery Baguette #2855,110.99,20
2856,Fresh Dairy Whole Milk 1L #2856,74.00,23
2857,Classic Pantry Pasta 500g #2857,480.25,26
2858,Original Frozen Veggie Mix #2858,160.49,29
2859,Salted Produce Carrot Pack #2859,173.75,32
2860,Spicy Meat Pork Loin #2860,353.49,35
2861,Deluxe Bath Body Wash #2861,191.25,38
2862,Imported Clean All-Purpose Spray #2862,246.75,41
2863,Natural Office Notebook A5 #2863,64.75,44
2864,Organic Tech USB-C Cable #2864,1715.25,47
2865,Premium Pet Bird Seed #2865,717.25,50
2866,Roasted Coffee Latte Powder #2866,390.49,53
2867,Sweet Tea Earl Grey Box #2867,439.50,56
2868,Light Snack Granola Bar #2868,111.49,59
2869,Special Drink Energy Drink #2869,40.99,62
2870,Local Bakery Croissant #2870,217.99,65
2871,Fresh Dairy Skim Milk 1L #2871,65.49,68
2872,Classic Pantry Olive Oil 500ml #2872,99.00,71
2873,Original Frozen Frozen Dumplings #2873,462.99,74
2874,Salted Produce Sweet Onion #2874,24.25,77
2875,Spicy Meat Sausage Pack #2875,521.50,80
2876,Deluxe Bath Toothpaste #2876,77.00,83
2877,Imported Clean Bleach Bottle #2877,144.25,86
2878,Natural Office Sticky Notes #2878,155.50,89
2879,Organic Tech Phone Charger #2879,2416.49,92
2880,Premium Pet Dog Food 1kg #2880,433.49,95
2881,Roasted Coffee Cappuccino Sticks #2881,645.99,98
2882,Sweet Tea Jasmine Pearls #2882,407.99,6
2883,Light Snack Trail Mix #2883,234.50,9
2884,Special Drink Sports Drink #2884,176.99,12
2885,Local Bakery Cinnamon Roll #2885,126.00,15
2886,Fresh Dairy Greek Yogurt #2886,401.50,18
2887,Classic Pantry Soy Sauce 1L #2887,486.49,21
2888,Original Frozen Frozen Pizza #2888,179.49,24
2889,Salted Produce Garlic Bulb #2889,163.99,27
2890,Spicy Meat Lamb Chops #2890,904.00,30
2891,Deluxe Bath Mouthwash #2891,185.99,33
2892,Imported Clean Floor Wax #2892,66.00,36
2893,Natural Office Highlighter #2893,217.99,39
2894,Organic Tech Earphones #2894,495.49,42
2895,Premium Pet Cat Food 1kg #2895,331.99,45
2896,Roasted Coffee Espresso Beans #2896,334.75,48
2897,Sweet Tea Hibiscus Leaves #2897,398.25,51
2898,Light Snack Popcorn Bag #2898,242.25,54
2899,Special Drink Juice Box #2899,93.75,57
2900,Local Bakery Banana Bread #2900,71.00,60
2901,Fresh Dairy Cheddar Block #2901,90.99,63
2902,Classic Pantry Brown Sugar 1kg #2902,288.99,66
2903,Original Frozen Ice Cream Tub #2903,281.99,69
2904,Salted Produce Red Apple #2904,178.50,72
2905,Spicy Meat Turkey Slice #2905,143.99,75
2906,Deluxe Bath Deodorant #2906,112.49,78
2907,Imported Clean Glass Cleaner #2907,150.49,81
2908,Natural Office Stapler #2908,132.75,84
2909,Organic Tech Power Bank #2909,1979.99,87
2910,Premium Pet Pet Treats #2910,938.00,90
2911,Roasted Coffee Arabica Grounds #2911,442.75,93
2912,Sweet Tea Green Tea Bags #2912,333.99,96
2913,Light Snack Beef Jerky #2913,139.99,99
2914,Special Drink Coconut Water #2914,114.49,7
2915,Local Bakery Muffin #2915,72.99,10
2916,Fresh Dairy Mozzarella Ball #2916,107.99,13
2917,Classic Pantry Iodized Salt #2917,155.50,16
2918,Original Frozen Frozen Berries #2918,246.75,19
2919,Salted Produce Banana Bunch #2919,142.25,22
2920,Spicy Meat Pork Belly #2920,1425.25,25
2921,Deluxe Bath Hand Sanitizer #2921,302.49,28
2922,Imported Clean Trash Bags #2922,256.99,31
2923,Natural Office Tape Roll #2923,175.25,34
2924,Organic Tech HDMI Cable #2924,1680.50,37
2925,Premium Pet Cat Litter #2925,658.00,40
2926,Roasted Coffee Cold Brew Concentrate #2926,593.49,43
2927,Sweet Tea Black Tea Loose #2927,207.50,46
2928,Light Snack Potato Chips #2928,128.99,49
2929,Special Drink Lemonade Bottle #2929,69.75,52
2930,Local Bakery Bagel #2930,106.25,55
2931,Fresh Dairy Butter Stick #2931,93.50,58
2932,Classic Pantry Black Pepper #2932,467.00,61
2933,Original Frozen French Fries #2933,524.00,64
2934,Salted Produce Cavendish #2934,121.75,67
2935,Spicy Meat Chicken Breast #2935,420.75,70
2936,Deluxe Bath Bar Soap #2936,315.49,73
2937,Imported Clean Sponge Pack #2937,250.75,76
2938,Natural Office Eraser #2938,16.49,79
2939,Organic Tech Wireless Mouse #2939,1755.25,82
2940,Premium Pet Dog Toy #2940,786.50,85
2941,Roasted Coffee Instant Sachets #2941,402.25,88
2942,Sweet Tea Chamomile Pouch #2942,268.99,91
2943,Light Snack Tortilla Chips #2943,131.99,94
2944,Special Drink Mineral Water 500ml #2944,21.49,97
2945,Local Bakery Donut #2945,142.00,5
2946,Fresh Dairy Cream Cheese #2946,40.00,8
2947,Classic Pantry Vinegar Bottle #2947,386.75,11
2948,Original Frozen Chicken Nuggets #2948,375.49,14
2949,Salted Produce Green Lettuce #2949,39.49,17
2950,Spicy Meat Ground Beef #2950,592.50,20
2951,Deluxe Bath Shampoo 200ml #2951,267.00,23
2952,Imported Clean Laundry Pod #2952,198.00,26
2953,Natural Office Marker Pen #2953,200.75,29
2954,Organic Tech Keyboard #2954,731.50,32
2955,Premium Pet Pet Shampoo #2955,719.25,35
2956,Roasted Coffee Decaf Pods #2956,225.50,38
2957,Sweet Tea Matcha Powder #2957,438.99,41
2958,Light Snack Pretzel Sticks #2958,167.50,44
2959,Special Drink Soda Can 330ml #2959,108.99,47
2960,Local Bakery Sourdough Loaf #2960,135.75,50
2961,Fresh Dairy Whipping Cream #2961,163.25,53
2962,Classic Pantry Tomato Sauce #2962,257.99,56
2963,Original Frozen Fish Fillet #2963,386.49,59
2964,Salted Produce Cherry Tomato #2964,79.50,62
2965,Spicy Meat Bacon Strips #2965,196.75,65
2966,Deluxe Bath Conditioner 200ml #2966,342.75,68
2967,Imported Clean Dish Soap #2967,319.49,71
2968,Natural Office Ballpen Black #2968,148.75,74
2969,Organic Tech Webcam #2969,238.00,77
2970,Premium Pet Aquarium Pellets #2970,683.75,80
2971,Roasted Coffee Mocha Mix #2971,440.25,83
2972,Sweet Tea Oolong Tin #2972,254.50,86
2973,Light Snack Cheese Crackers #2973,142.50,89
2974,Special Drink Iced Tea Bottle #2974,179.25,92
2975,Local Bakery Baguette #2975,119.99,95
2976,Fresh Dairy Whole Milk 1L #2976,226.50,98
2977,Classic Pantry Pasta 500g #2977,310.25,6
2978,Original Frozen Veggie Mix #2978,100.49,9
2979,Salted Produce Carrot Pack #2979,144.99,12
2980,Spicy Meat Pork Loin #2980,503.00,15
2981,Deluxe Bath Body Wash #2981,120.25,18
2982,Imported Clean All-Purpose Spray #2982,411.49,21
2983,Natural Office Notebook A5 #2983,96.00,24
2984,Organic Tech USB-C Cable #2984,2096.99,27
2985,Premium Pet Bird Seed #2985,162.50,30
2986,Roasted Coffee Latte Powder #2986,171.99,33
2987,Sweet Tea Earl Grey Box #2987,132.50,36
2988,Light Snack Granola Bar #2988,214.50,39
2989,Special Drink Energy Drink #2989,131.75,42
2990,Local Bakery Croissant #2990,58.99,45
2991,Fresh Dairy Skim Milk 1L #2991,55.75,48
2992,Classic Pantry Olive Oil 500ml #2992,158.25,51
2993,Original Frozen Frozen Dumplings #2993,331.75,54
2994,Salted Produce Sweet Onion #2994,33.25,57
2995,Spicy Meat Sausage Pack #2995,395.50,60
2996,Deluxe Bath Toothpaste #2996,164.25,63
2997,Imported Clean Bleach Bottle #2997,331.49,66
2998,Natural Office Sticky Notes #2998,210.50,69
2999,Organic Tech Phone Charger #2999,1627.50,72
3000,Premium Pet Dog Food 1kg #3000,275.75,75
3001,Roasted Coffee Cappuccino Sticks #3001,453.50,78
3002,Sweet Tea Jasmine Pearls #3002,79.25,81
3003,Light Snack Trail Mix #3003,142.00,84
3004,Special Drink Sports Drink #3004,89.75,87
3005,Local Bakery Cinnamon Roll #3005,200.75,90
3006,Fresh Dairy Greek Yogurt #3006,235.25,93
3007,Classic Pantry Soy Sauce 1L #3007,58.99,96
3008,Original Frozen Frozen Pizza #3008,104.00,99
3009,Salted Produce Garlic Bulb #3009,80.99,7
3010,Spicy Meat Lamb Chops #3010,1129.50,10
3011,Deluxe Bath Mouthwash #3011,273.50,13
3012,Imported Clean Floor Wax #3012,72.75,16
3013,Natural Office Highlighter #3013,107.00,19
3014,Organic Tech Earphones #3014,1071.25,22
3015,Premium Pet Cat Food 1kg #3015,192.49,25
3016,Roasted Coffee Espresso Beans #3016,206.49,28
3017,Sweet Tea Hibiscus Leaves #3017,350.49,31
3018,Light Snack Popcorn Bag #3018,229.25,34
3019,Special Drink Juice Box #3019,124.50,37
3020,Local Bakery Banana Bread #3020,69.99,40
3021,Fresh Dairy Cheddar Block #3021,96.99,43
3022,Classic Pantry Brown Sugar 1kg #3022,127.50,46
3023,Original Frozen Ice Cream Tub #3023,132.50,49
3024,Salted Produce Red Apple #3024,124.50,52
3025,Spicy Meat Turkey Slice #3025,552.50,55
3026,Deluxe Bath Deodorant #3026,194.49,58
3027,Imported Clean Glass Cleaner #3027,400.49,61
3028,Natural Office Stapler #3028,168.99,64
3029,Organic Tech Power Bank #3029,454.00,67
3030,Premium Pet Pet Treats #3030,246.49,70
3031,Roasted Coffee Arabica Grounds #3031,639.75,73
3032,Sweet Tea Green Tea Bags #3032,276.50,76
3033,Light Snack Beef Jerky #3033,119.50,79
3034,Special Drink Coconut Water #3034,71.50,82
3035,Local Bakery Muffin #3035,160.25,85
3036,Fresh Dairy Mozzarella Ball #3036,372.49,88
3037,Classic Pantry Iodized Salt #3037,227.99,91
3038,Original Frozen Frozen Berries #3038,166.49,94
3039,Salted Produce Banana Bunch #3039,27.00,97
3040,Spicy Meat Pork Belly #3040,893.99,5
3041,Deluxe Bath Hand Sanitizer #3041,182.75,8
3042,Imported Clean Trash Bags #3042,159.50,11
3043,Natural Office Tape Roll #3043,81.00,14
3044,Organic Tech HDMI Cable #3044,520.99,17
3045,Premium Pet Cat Litter #3045,540.25,20
3046,Roasted Coffee Cold Brew Concentrate #3046,199.49,23
3047,Sweet Tea Black Tea Loose #3047,489.99,26
3048,Light Snack Potato Chips #3048,78.49,29
3049,Special Drink Lemonade Bottle #3049,179.49,32
3050,Local Bakery Bagel #3050,63.75,35
3051,Fresh Dairy Butter Stick #3051,107.49,38
3052,Classic Pantry Black Pepper #3052,193.00,41
3053,Original Frozen French Fries #3053,302.00,44
3054,Salted Produce Cavendish #3054,24.75,47
3055,Spicy Meat Chicken Breast #3055,1277.49,50
3056,Deluxe Bath Bar Soap #3056,262.49,53
3057,Imported Clean Sponge Pack #3057,217.49,56
3058,Natural Office Eraser #3058,39.00,59
3059,Organic Tech Wireless Mouse #3059,448.50,62
3060,Premium Pet Dog Toy #3060,532.75,65
3061,Roasted Coffee Instant Sachets #3061,98.99,68
3062,Sweet Tea Chamomile Pouch #3062,161.00,71
3063,Light Snack Tortilla Chips #3063,147.00,74
3064,Special Drink Mineral Water 500ml #3064,113.00,77
3065,Local Bakery Donut #3065,157.50,80
3066,Fresh Dairy Cream Cheese #3066,237.99,83
3067,Classic Pantry Vinegar Bottle #3067,151.49,86
3068,Original Frozen Chicken Nuggets #3068,112.75,89
3069,Salted Produce Green Lettuce #3069,79.00,92
3070,Spicy Meat Ground Beef #3070,1391.99,95
3071,Deluxe Bath Shampoo 200ml #3071,86.25,98
3072,Imported Clean Laundry Pod #3072,77.75,6
3073,Natural Office Marker Pen #3073,151.49,9
3074,Organic Tech Keyboard #3074,1201.25,12
3075,Premium Pet Pet Shampoo #3075,645.50,15
3076,Roasted Coffee Decaf Pods #3076,642.99,18
3077,Sweet Tea Matcha Powder #3077,202.25,21
3078,Light Snack Pretzel Sticks #3078,123.75,24
3079,Special Drink Soda Can 330ml #3079,130.00,27
3080,Local Bakery Sourdough Loaf #3080,90.50,30
3081,Fresh Dairy Whipping Cream #3081,169.49,33
3082,Classic Pantry Tomato Sauce #3082,51.99,36
3083,Original Frozen Fish Fillet #3083,529.25,39
3084,Salted Produce Cherry Tomato #3084,116.25,42
3085,Spicy Meat Bacon Strips #3085,170.75,45
3086,Deluxe Bath Conditioner 200ml #3086,124.49,48
3087,Imported Clean Dish Soap #3087,193.49,51
3088,Natural Office Ballpen Black #3088,98.75,54
3089,Organic Tech Webcam #3089,886.75,57
3090,Premium Pet Aquarium Pellets #3090,355.99,60
3091,Roasted Coffee Mocha Mix #3091,447.50,63
3092,Sweet Tea Oolong Tin #3092,237.50,66
3093,Light Snack Cheese Crackers #3093,209.00,69
3094,Special Drink Iced Tea Bottle #3094,166.25,72
3095,Local Bakery Baguette #3095,30.75,75
3096,Fresh Dairy Whole Milk 1L #3096,294.99,78
3097,Classic Pantry Pasta 500g #3097,93.50,81
3098,Original Frozen Veggie Mix #3098,445.25,84
3099,Salted Produce Carrot Pack #3099,115.25,87
3100,Spicy Meat Pork Loin #3100,1319.49,90
3101,Deluxe Bath Body Wash #3101,328.49,93
3102,Imported Clean All-Purpose Spray #3102,133.50,96
3103,Natural Office Notebook A5 #3103,58.50,99
3104,Organic Tech USB-C Cable #3104,2210.99,7
3105,Premium Pet Bird Seed #3105,66.99,10
3106,Roasted Coffee Latte Powder #3106,577.49,13
3107,Sweet Tea Earl Grey Box #3107,408.50,16
3108,Light Snack Granola Bar #3108,132.49,19
3109,Special Drink Energy Drink #3109,57.99,22
3110,Local Bakery Croissant #3110,185.75,25
3111,Fresh Dairy Skim Milk 1L #3111,177.50,28
3112,Classic Pantry Olive Oil 500ml #3112,255.50,31
3113,Original Frozen Frozen Dumplings #3113,518.49,34
3114,Salted Produce Sweet Onion #3114,45.25,37
3115,Spicy Meat Sausage Pack #3115,425.50,40
3116,Deluxe Bath Toothpaste #3116,276.49,43
3117,Imported Clean Bleach Bottle #3117,286.00,46
3118,Natural Office Sticky Notes #3118,196.99,49
3119,Organic Tech Phone Charger #3119,404.99,52
3120,Premium Pet Dog Food 1kg #3120,915.50,55
3121,Roasted Coffee Cappuccino Sticks #3121,602.50,58
3122,Sweet Tea Jasmine Pearls #3122,98.25,61
3123,Light Snack Trail Mix #3123,175.25,64
3124,Special Drink Sports Drink #3124,100.50,67
3125,Local Bakery Cinnamon Roll #3125,175.50,70
3126,Fresh Dairy Greek Yogurt #3126,96.49,73
3127,Classic Pantry Soy Sauce 1L #3127,37.50,76
3128,Original Frozen Frozen Pizza #3128,295.25,79
3129,Salted Produce Garlic Bulb #3129,159.75,82
3130,Spicy Meat Lamb Chops #3130,758.75,85
3131,Deluxe Bath Mouthwash #3131,96.00,88
3132,Imported Clean Floor Wax #3132,376.50,91
3133,Natural Office Highlighter #3133,125.99,94
3134,Organic Tech Earphones #3134,1693.75,97
3135,Premium Pet Cat Food 1kg #3135,121.50,5
3136,Roasted Coffee Espresso Beans #3136,133.49,8
3137,Sweet Tea Hibiscus Leaves #3137,240.75,11
3138,Light Snack Popcorn Bag #3138,177.00,14
3139,Special Drink Juice Box #3139,28.50,17
3140,Local Bakery Banana Bread #3140,109.25,20
3141,Fresh Dairy Cheddar Block #3141,323.49,23
3142,Classic Pantry Brown Sugar 1kg #3142,257.50,26
3143,Original Frozen Ice Cream Tub #3143,112.49,29
3144,Salted Produce Red Apple #3144,109.25,32
3145,Spicy Meat Turkey Slice #3145,762.50,35
3146,Deluxe Bath Deodorant #3146,230.25,38
3147,Imported Clean Glass Cleaner #3147,375.50,41
3148,Natural Office Stapler #3148,73.50,44
3149,Organic Tech Power Bank #3149,724.75,47
3150,Premium Pet Pet Treats #3150,249.25,50
3151,Roasted Coffee Arabica Grounds #3151,238.49,53
3152,Sweet Tea Green Tea Bags #3152,379.50,56
3153,Light Snack Beef Jerky #3153,52.25,59
3154,Special Drink Coconut Water #3154,75.75,62
3155,Local Bakery Muffin #3155,149.49,65
3156,Fresh Dairy Mozzarella Ball #3156,234.50,68
3157,Classic Pantry Iodized Salt #3157,158.00,71
3158,Original Frozen Frozen Berries #3158,309.50,74
3159,Salted Produce Banana Bunch #3159,133.99,77
3160,Spicy Meat Pork Belly #3160,1499.00,80
3161,Deluxe Bath Hand Sanitizer #3161,56.49,83
3162,Imported Clean Trash Bags #3162,228.99,86
3163,Natural Office Tape Roll #3163,137.49,89
3164,Organic Tech HDMI Cable #3164,1366.25,92
3165,Premium Pet Cat Litter #3165,940.50,95
3166,Roasted Coffee Cold Brew Concentrate #3166,588.99,98
3167,Sweet Tea Black Tea Loose #3167,73.49,6
3168,Light Snack Potato Chips #3168,87.25,9
3169,Special Drink Lemonade Bottle #3169,26.99,12
3170,Local Bakery Bagel #3170,145.50,15
3171,Fresh Dairy Butter Stick #3171,231.50,18
3172,Classic Pantry Black Pepper #3172,387.25,21
3173,Original Frozen French Fries #3173,597.49,24
3174,Salted Produce Cavendish #3174,82.49,27
3175,Spicy Meat Chicken Breast #3175,550.25,30
3176,Deluxe Bath Bar Soap #3176,226.25,33
3177,Imported Clean Sponge Pack #3177,321.75,36
3178,Natural Office Eraser #3178,115.25,39
3179,Organic Tech Wireless Mouse #3179,1060.75,42
3180,Premium Pet Dog Toy #3180,340.49,45
3181,Roasted Coffee Instant Sachets #3181,248.99,48
3182,Sweet Tea Chamomile Pouch #3182,227.00,51
3183,Light Snack Tortilla Chips #3183,78.99,54
3184,Special Drink Mineral Water 500ml #3184,75.99,57
3185,Local Bakery Donut #3185,209.75,60
3186,Fresh Dairy Cream Cheese #3186,51.00,63
3187,Classic Pantry Vinegar Bottle #3187,121.25,66
3188,Original Frozen Chicken Nuggets #3188,591.75,69
3189,Salted Produce Green Lettuce #3189,153.49,72
3190,Spicy Meat Ground Beef #3190,302.50,75
3191,Deluxe Bath Shampoo 200ml #3191,62.50,78
3192,Imported Clean Laundry Pod #3192,184.99,81
3193,Natural Office Marker Pen #3193,12.00,84
3194,Organic Tech Keyboard #3194,1291.75,87
3195,Premium Pet Pet Shampoo #3195,196.25,90
3196,Roasted Coffee Decaf Pods #3196,534.00,93
3197,Sweet Tea Matcha Powder #3197,175.50,96
3198,Light Snack Pretzel Sticks #3198,232.49,99
3199,Special Drink Soda Can 330ml #3199,138.49,7
3200,Local Bakery Sourdough Loaf #3200,166.99,10
3201,Fresh Dairy Whipping Cream #3201,416.75,13
3202,Classic Pantry Tomato Sauce #3202,486.99,16
3203,Original Frozen Fish Fillet #3203,483.99,19
3204,Salted Produce Cherry Tomato #3204,44.25,22
3205,Spicy Meat Bacon Strips #3205,1244.49,25
3206,Deluxe Bath Conditioner 200ml #3206,175.75,28
3207,Imported Clean Dish Soap #3207,302.75,31
3208,Natural Office Ballpen Black #3208,222.49,34
3209,Organic Tech Webcam #3209,2442.49,37
3210,Premium Pet Aquarium Pellets #3210,522.49,40
3211,Roasted Coffee Mocha Mix #3211,476.75,43
3212,Sweet Tea Oolong Tin #3212,477.75,46
3213,Light Snack Cheese Crackers #3213,79.99,49
3214,Special Drink Iced Tea Bottle #3214,162.00,52
3215,Local Bakery Baguette #3215,197.49,55
3216,Fresh Dairy Whole Milk 1L #3216,374.25,58
3217,Classic Pantry Pasta 500g #3217,456.00,61
3218,Original Frozen Veggie Mix #3218,400.49,64
3219,Salted Produce Carrot Pack #3219,94.49,67
3220,Spicy Meat Pork Loin #3220,1365.75,70
3221,Deluxe Bath Body Wash #3221,324.49,73
3222,Imported Clean All-Purpose Spray #3222,396.99,76
3223,Natural Office Notebook A5 #3223,42.00,79
3224,Organic Tech USB-C Cable #3224,452.00,82
3225,Premium Pet Bird Seed #3225,552.75,85
3226,Roasted Coffee Latte Powder #3226,199.49,88
3227,Sweet Tea Earl Grey Box #3227,183.00,91
3228,Light Snack Granola Bar #3228,77.25,94
3229,Special Drink Energy Drink #3229,132.50,97
3230,Local Bakery Croissant #3230,69.49,5
3231,Fresh Dairy Skim Milk 1L #3231,134.75,8
3232,Classic Pantry Olive Oil 500ml #3232,87.25,11
3233,Original Frozen Frozen Dumplings #3233,245.50,14
3234,Salted Produce Sweet Onion #3234,79.99,17
3235,Spicy Meat Sausage Pack #3235,920.50,20
3236,Deluxe Bath Toothpaste #3236,82.25,23
3237,Imported Clean Bleach Bottle #3237,153.25,26
3238,Natural Office Sticky Notes #3238,97.50,29
3239,Organic Tech Phone Charger #3239,1002.00,32
3240,Premium Pet Dog Food 1kg #3240,324.99,35
3241,Roasted Coffee Cappuccino Sticks #3241,560.00,38
3242,Sweet Tea Jasmine Pearls #3242,111.25,41
3243,Light Snack Trail Mix #3243,212.00,44
3244,Special Drink Sports Drink #3244,70.75,47
3245,Local Bakery Cinnamon Roll #3245,145.25,50
3246,Fresh Dairy Greek Yogurt #3246,190.49,53
3247,Classic Pantry Soy Sauce 1L #3247,168.99,56
3248,Original Frozen Frozen Pizza #3248,569.25,59
3249,Salted Produce Garlic Bulb #3249,142.99,62
3250,Spicy Meat Lamb Chops #3250,1338.75,65
3251,Deluxe Bath Mouthwash #3251,298.49,68
3252,Imported Clean Floor Wax #3252,381.25,71
3253,Natural Office Highlighter #3253,116.50,74
3254,Organic Tech Earphones #3254,2327.50,77
3255,Premium Pet Cat Food 1kg #3255,824.99,80
3256,Roasted Coffee Espresso Beans #3256,288.00,83
3257,Sweet Tea Hibiscus Leaves #3257,112.49,86
3258,Light Snack Popcorn Bag #3258,133.75,89
3259,Special Drink Juice Box #3259,91.00,92
3260,Local Bakery Banana Bread #3260,25.99,95
3261,Fresh Dairy Cheddar Block #3261,386.49,98
3262,Classic Pantry Brown Sugar 1kg #3262,289.99,6
3263,Original Frozen Ice Cream Tub #3263,589.49,9
3264,Salted Produce Red Apple #3264,142.50,12
3265,Spicy Meat Turkey Slice #3265,586.99,15
3266,Deluxe Bath Deodorant #3266,192.99,18
3267,Imported Clean Glass Cleaner #3267,150.75,21
3268,Natural Office Stapler #3268,82.49,24
3269,Organic Tech Power Bank #3269,2084.25,27
3270,Premium Pet Pet Treats #3270,162.00,30
3271,Roasted Coffee Arabica Grounds #3271,425.00,33
3272,Sweet Tea Green Tea Bags #3272,170.49,36
3273,Light Snack Beef Jerky #3273,239.50,39
3274,Special Drink Coconut Water #3274,145.25,42
3275,Local Bakery Muffin #3275,103.25,45
3276,Fresh Dairy Mozzarella Ball #3276,180.75,48
3277,Classic Pantry Iodized Salt #3277,361.00,51
3278,Original Frozen Frozen Berries #3278,584.50,54
3279,Salted Produce Banana Bunch #3279,111.99,57
3280,Spicy Meat Pork Belly #3280,239.49,60
3281,Deluxe Bath Hand Sanitizer #3281,203.25,63
3282,Imported Clean Trash Bags #3282,245.50,66
3283,Natural Office Tape Roll #3283,235.99,69
3284,Organic Tech HDMI Cable #3284,1680.25,72
3285,Premium Pet Cat Litter #3285,372.49,75
3286,Roasted Coffee Cold Brew Concentrate #3286,210.50,78
3287,Sweet Tea Black Tea Loose #3287,221.49,81
3288,Light Snack Potato Chips #3288,167.00,84
3289,Special Drink Lemonade Bottle #3289,147.49,87
3290,Local Bakery Bagel #3290,149.25,90
3291,Fresh Dairy Butter Stick #3291,310.75,93
3292,Classic Pantry Black Pepper #3292,393.25,96
3293,Original Frozen French Fries #3293,555.00,99
3294,Salted Produce Cavendish #3294,138.75,7
3295,Spicy Meat Chicken Breast #3295,128.00,10
3296,Deluxe Bath Bar Soap #3296,163.25,13
3297,Imported Clean Sponge Pack #3297,234.49,16
3298,Natural Office Eraser #3298,188.99,19
3299,Organic Tech Wireless Mouse #3299,2072.50,22
3300,Premium Pet Dog Toy #3300,937.50,25
3301,Roasted Coffee Instant Sachets #3301,211.00,28
3302,Sweet Tea Chamomile Pouch #3302,72.99,31
3303,Light Snack Tortilla Chips #3303,129.75,34
3304,Special Drink Mineral Water 500ml #3304,138.75,37
3305,Local Bakery Donut #3305,150.75,40
3306,Fresh Dairy Cream Cheese #3306,252.00,43
3307,Classic Pantry Vinegar Bottle #3307,201.99,46
3308,Original Frozen Chicken Nuggets #3308,585.99,49
3309,Salted Produce Green Lettuce #3309,158.75,52
3310,Spicy Meat Ground Beef #3310,881.75,55
3311,Deluxe Bath Shampoo 200ml #3311,56.49,58
3312,Imported Clean Laundry Pod #3312,326.25,61
3313,Natural Office Marker Pen #3313,205.50,64
3314,Organic Tech Keyboard #3314,1037.75,67
3315,Premium Pet Pet Shampoo #3315,759.25,70
3316,Roasted Coffee Decaf Pods #3316,186.75,73
3317,Sweet Tea Matcha Powder #3317,334.49,76
3318,Light Snack Pretzel Sticks #3318,164.49,79
3319,Special Drink Soda Can 330ml #3319,48.25,82
3320,Local Bakery Sourdough Loaf #3320,29.00,85
3321,Fresh Dairy Whipping Cream #3321,225.25,88
3322,Classic Pantry Tomato Sauce #3322,31.00,91
3323,Original Frozen Fish Fillet #3323,449.75,94
3324,Salted Produce Cherry Tomato #3324,59.49,97
3325,Spicy Meat Bacon Strips #3325,204.50,5
3326,Deluxe Bath Conditioner 200ml #3326,135.49,8
3327,Imported Clean Dish Soap #3327,170.75,11
3328,Natural Office Ballpen Black #3328,203.49,14
3329,Organic Tech Webcam #3329,1889.49,17
3330,Premium Pet Aquarium Pellets #3330,168.25,20
3331,Roasted Coffee Mocha Mix #3331,577.50,23
3332,Sweet Tea Oolong Tin #3332,71.99,26
3333,Light Snack Cheese Crackers #3333,227.75,29
3334,Special Drink Iced Tea Bottle #3334,32.50,32
3335,Local Bakery Baguette #3335,184.49,35
3336,Fresh Dairy Whole Milk 1L #3336,253.49,38
3337,Classic Pantry Pasta 500g #3337,178.49,41
3338,Original Frozen Veggie Mix #3338,178.99,44
3339,Salted Produce Carrot Pack #3339,43.75,47
3340,Spicy Meat Pork Loin #3340,971.99,50
3341,Deluxe Bath Body Wash #3341,52.00,53
3342,Imported Clean All-Purpose Spray #3342,103.99,56
3343,Natural Office Notebook A5 #3343,247.50,59
3344,Organic Tech USB-C Cable #3344,1200.25,62
3345,Premium Pet Bird Seed #3345,474.50,65
3346,Roasted Coffee Latte Powder #3346,469.75,68
3347,Sweet Tea Earl Grey Box #3347,71.25,71
3348,Light Snack Granola Bar #3348,73.50,74
3349,Special Drink Energy Drink #3349,105.50,77
3350,Local Bakery Croissant #3350,143.75,80
3351,Fresh Dairy Skim Milk 1L #3351,236.25,83
3352,Classic Pantry Olive Oil 500ml #3352,332.75,86
3353,Original Frozen Frozen Dumplings #3353,614.25,89
3354,Salted Produce Sweet Onion #3354,151.75,92
3355,Spicy Meat Sausage Pack #3355,1109.50,95
3356,Deluxe Bath Toothpaste #3356,338.50,98
3357,Imported Clean Bleach Bottle #3357,173.50,6
3358,Natural Office Sticky Notes #3358,93.50,9
3359,Organic Tech Phone Charger #3359,1820.99,12
3360,Premium Pet Dog Food 1kg #3360,261.49,15
3361,Roasted Coffee Cappuccino Sticks #3361,164.50,18
3362,Sweet Tea Jasmine Pearls #3362,180.00,21
3363,Light Snack Trail Mix #3363,179.00,24
3364,Special Drink Sports Drink #3364,41.25,27
3365,Local Bakery Cinnamon Roll #3365,37.00,30
3366,Fresh Dairy Greek Yogurt #3366,211.00,33
3367,Classic Pantry Soy Sauce 1L #3367,337.50,36
3368,Original Frozen Frozen Pizza #3368,380.00,39
3369,Salted Produce Garlic Bulb #3369,31.00,42
3370,Spicy Meat Lamb Chops #3370,1128.50,45
3371,Deluxe Bath Mouthwash #3371,335.49,48
3372,Imported Clean Floor Wax #3372,244.25,51
3373,Natural Office Highlighter #3373,174.50,54
3374,Organic Tech Earphones #3374,413.99,57
3375,Premium Pet Cat Food 1kg #3375,315.49,60
3376,Roasted Coffee Espresso Beans #3376,294.00,63
3377,Sweet Tea Hibiscus Leaves #3377,214.99,66
3378,Light Snack Popcorn Bag #3378,122.99,69
3379,Special Drink Juice Box #3379,38.49,72
3380,Local Bakery Banana Bread #3380,105.99,75
3381,Fresh Dairy Cheddar Block #3381,69.75,78
3382,Classic Pantry Brown Sugar 1kg #3382,233.25,81
3383,Original Frozen Ice Cream Tub #3383,482.99,84
3384,Salted Produce Red Apple #3384,78.00,87
3385,Spicy Meat Turkey Slice #3385,152.49,90
3386,Deluxe Bath Deodorant #3386,57.75,93
3387,Imported Clean Glass Cleaner #3387,117.00,96
3388,Natural Office Stapler #3388,105.00,99
3389,Organic Tech Power Bank #3389,336.49,7
3390,Premium Pet Pet Treats #3390,688.00,10
3391,Roasted Coffee Arabica Grounds #3391,558.75,13
3392,Sweet Tea Green Tea Bags #3392,421.99,16
3393,Light Snack Beef Jerky #3393,221.50,19
3394,Special Drink Coconut Water #3394,89.99,22
3395,Local Bakery Muffin #3395,85.25,25
3396,Fresh Dairy Mozzarella Ball #3396,324.50,28
3397,Classic Pantry Iodized Salt #3397,356.75,31
3398,Original Frozen Frozen Berries #3398,403.25,34
3399,Salted Produce Banana Bunch #3399,20.25,37
3400,Spicy Meat Pork Belly #3400,1454.50,40
3401,Deluxe Bath Hand Sanitizer #3401,83.25,43
3402,Imported Clean Trash Bags #3402,131.49,46
3403,Natural Office Tape Roll #3403,49.50,49
3404,Organic Tech HDMI Cable #3404,2078.75,52
3405,Premium Pet Cat Litter #3405,719.00,55
3406,Roasted Coffee Cold Brew Concentrate #3406,465.99,58
3407,Sweet Tea Black Tea Loose #3407,117.99,61
3408,Light Snack Potato Chips #3408,148.50,64
3409,Special Drink Lemonade Bottle #3409,59.49,67
3410,Local Bakery Bagel #3410,87.50,70
3411,Fresh Dairy Butter Stick #3411,317.25,73
3412,Classic Pantry Black Pepper #3412,52.50,76
3413,Original Frozen French Fries #3413,232.00,79
3414,Salted Produce Cavendish #3414,143.25,82
3415,Spicy Meat Chicken Breast #3415,186.75,85
3416,Deluxe Bath Bar Soap #3416,111.50,88
3417,Imported Clean Sponge Pack #3417,382.00,91
3418,Natural Office Eraser #3418,97.25,94
3419,Organic Tech Wireless Mouse #3419,498.75,97
3420,Premium Pet Dog Toy #3420,277.99,5
3421,Roasted Coffee Instant Sachets #3421,186.50,8
3422,Sweet Tea Chamomile Pouch #3422,318.99,11
3423,Light Snack Tortilla Chips #3423,96.99,14
3424,Special Drink Mineral Water 500ml #3424,102.99,17
3425,Local Bakery Donut #3425,136.75,20
3426,Fresh Dairy Cream Cheese #3426,155.25,23
3427,Classic Pantry Vinegar Bottle #3427,303.49,26
3428,Original Frozen Chicken Nuggets #3428,323.75,29
3429,Salted Produce Green Lettuce #3429,57.75,32
3430,Spicy Meat Ground Beef #3430,338.00,35
3431,Deluxe Bath Shampoo 200ml #3431,172.99,38
3432,Imported Clean Laundry Pod #3432,401.75,41
3433,Natural Office Marker Pen #3433,207.49,44
3434,Organic Tech Keyboard #3434,428.99,47
3435,Premium Pet Pet Shampoo #3435,342.75,50
3436,Roasted Coffee Decaf Pods #3436,130.75,53
3437,Sweet Tea Matcha Powder #3437,210.49,56
3438,Light Snack Pretzel Sticks #3438,54.25,59
3439,Special Drink Soda Can 330ml #3439,53.50,62
3440,Local Bakery Sourdough Loaf #3440,74.75,65
3441,Fresh Dairy Whipping Cream #3441,177.25,68
3442,Classic Pantry Tomato Sauce #3442,195.50,71
3443,Original Frozen Fish Fillet #3443,154.75,74
3444,Salted Produce Cherry Tomato #3444,101.50,77
3445,Spicy Meat Bacon Strips #3445,250.75,80
3446,Deluxe Bath Conditioner 200ml #3446,192.99,83
3447,Imported Clean Dish Soap #3447,382.75,86
3448,Natural Office Ballpen Black #3448,153.49,89
3449,Organic Tech Webcam #3449,2286.50,92
3450,Premium Pet Aquarium Pellets #3450,82.50,95
3451,Roasted Coffee Mocha Mix #3451,153.75,98
3452,Sweet Tea Oolong Tin #3452,297.99,6
3453,Light Snack Cheese Crackers #3453,177.25,9
3454,Special Drink Iced Tea Bottle #3454,89.99,12
3455,Local Bakery Baguette #3455,158.50,15
3456,Fresh Dairy Whole Milk 1L #3456,215.25,18
3457,Classic Pantry Pasta 500g #3457,173.25,21
3458,Original Frozen Veggie Mix #3458,284.75,24
3459,Salted Produce Carrot Pack #3459,126.49,27
3460,Spicy Meat Pork Loin #3460,911.50,30
3461,Deluxe Bath Body Wash #3461,232.75,33
3462,Imported Clean All-Purpose Spray #3462,68.75,36
3463,Natural Office Notebook A5 #3463,67.49,39
3464,Organic Tech USB-C Cable #3464,2215.00,42
3465,Premium Pet Bird Seed #3465,940.75,45
3466,Roasted Coffee Latte Powder #3466,624.49,48
3467,Sweet Tea Earl Grey Box #3467,388.75,51
3468,Light Snack Granola Bar #3468,145.75,54
3469,Special Drink Energy Drink #3469,91.99,57
3470,Local Bakery Croissant #3470,38.75,60
3471,Fresh Dairy Skim Milk 1L #3471,413.50,63
3472,Classic Pantry Olive Oil 500ml #3472,54.00,66
3473,Original Frozen Frozen Dumplings #3473,467.25,69
3474,Salted Produce Sweet Onion #3474,116.25,72
3475,Spicy Meat Sausage Pack #3475,610.50,75
3476,Deluxe Bath Toothpaste #3476,275.50,78
3477,Imported Clean Bleach Bottle #3477,198.75,81
3478,Natural Office Sticky Notes #3478,61.00,84
3479,Organic Tech Phone Charger #3479,714.49,87
3480,Premium Pet Dog Food 1kg #3480,379.99,90
3481,Roasted Coffee Cappuccino Sticks #3481,380.75,93
3482,Sweet Tea Jasmine Pearls #3482,486.00,96
3483,Light Snack Trail Mix #3483,124.50,99
3484,Special Drink Sports Drink #3484,33.25,7
3485,Local Bakery Cinnamon Roll #3485,141.25,10
3486,Fresh Dairy Greek Yogurt #3486,84.25,13
3487,Classic Pantry Soy Sauce 1L #3487,276.50,16
3488,Original Frozen Frozen Pizza #3488,519.25,19
3489,Salted Produce Garlic Bulb #3489,167.00,22
3490,Spicy Meat Lamb Chops #3490,1465.00,25
3491,Deluxe Bath Mouthwash #3491,130.99,28
3492,Imported Clean Floor Wax #3492,238.99,31
3493,Natural Office Highlighter #3493,19.49,34
3494,Organic Tech Earphones #3494,2005.99,37
3495,Premium Pet Cat Food 1kg #3495,52.49,40
3496,Roasted Coffee Espresso Beans #3496,106.50,43
3497,Sweet Tea Hibiscus Leaves #3497,327.25,46
3498,Light Snack Popcorn Bag #3498,55.50,49
3499,Special Drink Juice Box #3499,138.50,52
3500,Local Bakery Banana Bread #3500,62.25,55
3501,Fresh Dairy Cheddar Block #3501,109.99,58
3502,Classic Pantry Brown Sugar 1kg #3502,118.00,61
3503,Original Frozen Ice Cream Tub #3503,187.50,64
3504,Salted Produce Red Apple #3504,36.99,67
3505,Spicy Meat Turkey Slice #3505,967.49,70
3506,Deluxe Bath Deodorant #3506,306.99,73
3507,Imported Clean Glass Cleaner #3507,204.75,76
3508,Natural Office Stapler #3508,94.00,79
3509,Organic Tech Power Bank #3509,1766.50,82
3510,Premium Pet Pet Treats #3510,776.00,85
3511,Roasted Coffee Arabica Grounds #3511,496.75,88
3512,Sweet Tea Green Tea Bags #3512,497.75,91
3513,Light Snack Beef Jerky #3513,167.49,94
3514,Special Drink Coconut Water #3514,52.25,97
3515,Local Bakery Muffin #3515,207.00,5
3516,Fresh Dairy Mozzarella Ball #3516,191.25,8
3517,Classic Pantry Iodized Salt #3517,135.25,11
3518,Original Frozen Frozen Berries #3518,465.50,14
3519,Salted Produce Banana Bunch #3519,43.49,17
3520,Spicy Meat Pork Belly #3520,932.50,20
3521,Deluxe Bath Hand Sanitizer #3521,115.75,23
3522,Imported Clean Trash Bags #3522,403.25,26
3523,Natural Office Tape Roll #3523,133.25,29
3524,Organic Tech HDMI Cable #3524,1094.00,32
3525,Premium Pet Cat Litter #3525,685.00,35
3526,Roasted Coffee Cold Brew Concentrate #3526,621.00,38
3527,Sweet Tea Black Tea Loose #3527,274.49,41
3528,Light Snack Potato Chips #3528,24.25,44
3529,Special Drink Lemonade Bottle #3529,89.75,47
3530,Local Bakery Bagel #3530,82.00,50
3531,Fresh Dairy Butter Stick #3531,418.75,53
3532,Classic Pantry Black Pepper #3532,424.50,56
3533,Original Frozen French Fries #3533,130.49,59
3534,Salted Produce Cavendish #3534,102.49,62
3535,Spicy Meat Chicken Breast #3535,891.50,65
3536,Deluxe Bath Bar Soap #3536,339.25,68
3537,Imported Clean Sponge Pack #3537,381.50,71
3538,Natural Office Eraser #3538,180.50,74
3539,Organic Tech Wireless Mouse #3539,2484.75,77
3540,Premium Pet Dog Toy #3540,372.75,80
3541,Roasted Coffee Instant Sachets #3541,541.75,83
3542,Sweet Tea Chamomile Pouch #3542,144.99,86
3543,Light Snack Tortilla Chips #3543,247.25,89
3544,Special Drink Mineral Water 500ml #3544,38.75,92
3545,Local Bakery Donut #3545,47.75,95
3546,Fresh Dairy Cream Cheese #3546,321.99,98
3547,Classic Pantry Vinegar Bottle #3547,61.00,6
3548,Original Frozen Chicken Nuggets #3548,215.25,9
3549,Salted Produce Green Lettuce #3549,19.00,12
3550,Spicy Meat Ground Beef #3550,1399.50,15
3551,Deluxe Bath Shampoo 200ml #3551,62.75,18
3552,Imported Clean Laundry Pod #3552,334.99,21
3553,Natural Office Marker Pen #3553,80.50,24
3554,Organic Tech Keyboard #3554,1524.49,27
3555,Premium Pet Pet Shampoo #3555,699.99,30
3556,Roasted Coffee Decaf Pods #3556,588.99,33
3557,Sweet Tea Matcha Powder #3557,377.99,36
3558,Light Snack Pretzel Sticks #3558,140.00,39
3559,Special Drink Soda Can 330ml #3559,119.99,42
3560,Local Bakery Sourdough Loaf #3560,153.00,45
3561,Fresh Dairy Whipping Cream #3561,364.25,48
3562,Classic Pantry Tomato Sauce #3562,124.50,51
3563,Original Frozen Fish Fillet #3563,589.49,54
3564,Salted Produce Cherry Tomato #3564,31.50,57
3565,Spicy Meat Bacon Strips #3565,1408.25,60
3566,Deluxe Bath Conditioner 200ml #3566,100.49,63
3567,Imported Clean Dish Soap #3567,65.25,66
3568,Natural Office Ballpen Black #3568,40.99,69
3569,Organic Tech Webcam #3569,861.50,72
3570,Premium Pet Aquarium Pellets #3570,596.49,75
3571,Roasted Coffee Mocha Mix #3571,500.00,78
3572,Sweet Tea Oolong Tin #3572,289.99,81
3573,Light Snack Cheese Crackers #3573,30.75,84
3574,Special Drink Iced Tea Bottle #3574,23.99,87
3575,Local Bakery Baguette #3575,193.25,90
3576,Fresh Dairy Whole Milk 1L #3576,179.49,93
3577,Classic Pantry Pasta 500g #3577,383.49,96
3578,Original Frozen Veggie Mix #3578,564.75,99
3579,Salted Produce Carrot Pack #3579,24.99,7
3580,Spicy Meat Pork Loin #3580,872.25,10
3581,Deluxe Bath Body Wash #3581,272.25,13
3582,Imported Clean All-Purpose Spray #3582,389.50,16
3583,Natural Office Notebook A5 #3583,218.49,19
3584,Organic Tech USB-C Cable #3584,911.75,22
3585,Premium Pet Bird Seed #3585,729.75,25
3586,Roasted Coffee Latte Powder #3586,61.00,28
3587,Sweet Tea Earl Grey Box #3587,60.00,31
3588,Light Snack Granola Bar #3588,210.49,34
3589,Special Drink Energy Drink #3589,61.50,37
3590,Local Bakery Croissant #3590,110.00,40
3591,Fresh Dairy Skim Milk 1L #3591,92.00,43
3592,Classic Pantry Olive Oil 500ml #3592,64.25,46
3593,Original Frozen Frozen Dumplings #3593,359.00,49
3594,Salted Produce Sweet Onion #3594,72.50,52
3595,Spicy Meat Sausage Pack #3595,572.75,55
3596,Deluxe Bath Toothpaste #3596,227.50,58
3597,Imported Clean Bleach Bottle #3597,347.75,61
3598,Natural Office Sticky Notes #3598,132.75,64
3599,Organic Tech Phone Charger #3599,994.49,67
3600,Premium Pet Dog Food 1kg #3600,58.50,70
3601,Roasted Coffee Cappuccino Sticks #3601,566.49,73
3602,Sweet Tea Jasmine Pearls #3602,176.75,76
3603,Light Snack Trail Mix #3603,34.49,79
3604,Special Drink Sports Drink #3604,36.50,82
3605,Local Bakery Cinnamon Roll #3605,185.00,85
3606,Fresh Dairy Greek Yogurt #3606,267.75,88
3607,Classic Pantry Soy Sauce 1L #3607,466.75,91
3608,Original Frozen Frozen Pizza #3608,374.50,94
3609,Salted Produce Garlic Bulb #3609,26.99,97
3610,Spicy Meat Lamb Chops #3610,784.75,5
3611,Deluxe Bath Mouthwash #3611,331.99,8
3612,Imported Clean Floor Wax #3612,132.50,11
3613,Natural Office Highlighter #3613,173.00,14
3614,Organic Tech Earphones #3614,1895.25,17
3615,Premium Pet Cat Food 1kg #3615,718.99,20
3616,Roasted Coffee Espresso Beans #3616,546.50,23
3617,Sweet Tea Hibiscus Leaves #3617,189.99,26
3618,Light Snack Popcorn Bag #3618,120.50,29
3619,Special Drink Juice Box #3619,124.50,32
3620,Local Bakery Banana Bread #3620,54.00,35
3621,Fresh Dairy Cheddar Block #3621,108.99,38
3622,Classic Pantry Brown Sugar 1kg #3622,314.00,41
3623,Original Frozen Ice Cream Tub #3623,358.25,44
3624,Salted Produce Red Apple #3624,78.75,47
3625,Spicy Meat Turkey Slice #3625,1282.99,50
3626,Deluxe Bath Deodorant #3626,264.99,53
3627,Imported Clean Glass Cleaner #3627,307.50,56
3628,Natural Office Stapler #3628,41.49,59
3629,Organic Tech Power Bank #3629,1516.75,62
3630,Premium Pet Pet Treats #3630,824.50,65
3631,Roasted Coffee Arabica Grounds #3631,249.99,68
3632,Sweet Tea Green Tea Bags #3632,145.99,71
3633,Light Snack Beef Jerky #3633,245.50,74
3634,Special Drink Coconut Water #3634,95.25,77
3635,Local Bakery Muffin #3635,49.00,80
3636,Fresh Dairy Mozzarella Ball #3636,261.50,83
3637,Classic Pantry Iodized Salt #3637,217.25,86
3638,Original Frozen Frozen Berries #3638,393.25,89
3639,Salted Produce Banana Bunch #3639,131.99,92
3640,Spicy Meat Pork Belly #3640,364.49,95
3641,Deluxe Bath Hand Sanitizer #3641,230.75,98
3642,Imported Clean Trash Bags #3642,239.25,6
3643,Natural Office Tape Roll #3643,178.25,9
3644,Organic Tech HDMI Cable #3644,842.50,12
3645,Premium Pet Cat Litter #3645,42.50,15
3646,Roasted Coffee Cold Brew Concentrate #3646,622.49,18
3647,Sweet Tea Black Tea Loose #3647,210.50,21
3648,Light Snack Potato Chips #3648,55.75,24
3649,Special Drink Lemonade Bottle #3649,139.99,27
3650,Local Bakery Bagel #3650,139.49,30
3651,Fresh Dairy Butter Stick #3651,338.25,33
3652,Classic Pantry Black Pepper #3652,100.00,36
3653,Original Frozen French Fries #3653,416.99,39
3654,Salted Produce Cavendish #3654,124.25,42
3655,Spicy Meat Chicken Breast #3655,287.49,45
3656,Deluxe Bath Bar Soap #3656,259.99,48
3657,Imported Clean Sponge Pack #3657,220.75,51
3658,Natural Office Eraser #3658,195.99,54
3659,Organic Tech Wireless Mouse #3659,2129.99,57
3660,Premium Pet Dog Toy #3660,145.75,60
3661,Roasted Coffee Instant Sachets #3661,85.49,63
3662,Sweet Tea Chamomile Pouch #3662,326.00,66
3663,Light Snack Tortilla Chips #3663,218.99,69
3664,Special Drink Mineral Water 500ml #3664,55.49,72
3665,Local Bakery Donut #3665,95.50,75
3666,Fresh Dairy Cream Cheese #3666,261.00,78
3667,Classic Pantry Vinegar Bottle #3667,383.49,81
3668,Original Frozen Chicken Nuggets #3668,151.25,84
3669,Salted Produce Green Lettuce #3669,141.99,87
3670,Spicy Meat Ground Beef #3670,547.25,90
3671,Deluxe Bath Shampoo 200ml #3671,153.00,93
3672,Imported Clean Laundry Pod #3672,181.50,96
3673,Natural Office Marker Pen #3673,76.00,99
3674,Organic Tech Keyboard #3674,1178.25,7
3675,Premium Pet Pet Shampoo #3675,843.49,10
3676,Roasted Coffee Decaf Pods #3676,155.50,13
3677,Sweet Tea Matcha Powder #3677,156.25,16
3678,Light Snack Pretzel Sticks #3678,243.00,19
3679,Special Drink Soda Can 330ml #3679,113.75,22
3680,Local Bakery Sourdough Loaf #3680,183.75,25
3681,Fresh Dairy Whipping Cream #3681,406.99,28
3682,Classic Pantry Tomato Sauce #3682,139.50,31
3683,Original Frozen Fish Fillet #3683,260.25,34
3684,Salted Produce Cherry Tomato #3684,17.50,37
3685,Spicy Meat Bacon Strips #3685,530.25,40
3686,Deluxe Bath Conditioner 200ml #3686,212.25,43
3687,Imported Clean Dish Soap #3687,163.50,46
3688,Natural Office Ballpen Black #3688,129.25,49
3689,Organic Tech Webcam #3689,1779.25,52
3690,Premium Pet Aquarium Pellets #3690,863.50,55
3691,Roasted Coffee Mocha Mix #3691,607.50,58
3692,Sweet Tea Oolong Tin #3692,483.00,61
3693,Light Snack Cheese Crackers #3693,211.49,64
3694,Special Drink Iced Tea Bottle #3694,76.75,67
3695,Local Bakery Baguette #3695,102.49,70
3696,Fresh Dairy Whole Milk 1L #3696,95.49,73
3697,Classic Pantry Pasta 500g #3697,435.49,76
3698,Original Frozen Veggie Mix #3698,297.75,79
3699,Salted Produce Carrot Pack #3699,21.25,82
3700,Spicy Meat Pork Loin #3700,389.00,85
3701,Deluxe Bath Body Wash #3701,191.50,88
3702,Imported Clean All-Purpose Spray #3702,86.75,91
3703,Natural Office Notebook A5 #3703,52.99,94
3704,Organic Tech USB-C Cable #3704,2299.50,97
3705,Premium Pet Bird Seed #3705,538.25,5
3706,Roasted Coffee Latte Powder #3706,506.00,8
3707,Sweet Tea Earl Grey Box #3707,254.99,11
3708,Light Snack Granola Bar #3708,134.50,14
3709,Special Drink Energy Drink #3709,102.50,17
3710,Local Bakery Croissant #3710,152.50,20
3711,Fresh Dairy Skim Milk 1L #3711,40.99,23
3712,Classic Pantry Olive Oil 500ml #3712,310.50,26
3713,Original Frozen Frozen Dumplings #3713,394.75,29
3714,Salted Produce Sweet Onion #3714,111.75,32
3715,Spicy Meat Sausage Pack #3715,961.50,35
3716,Deluxe Bath Toothpaste #3716,205.99,38
3717,Imported Clean Bleach Bottle #3717,73.00,41
3718,Natural Office Sticky Notes #3718,15.99,44
3719,Organic Tech Phone Charger #3719,2394.49,47
3720,Premium Pet Dog Food 1kg #3720,771.25,50
3721,Roasted Coffee Cappuccino Sticks #3721,546.49,53
3722,Sweet Tea Jasmine Pearls #3722,330.99,56
3723,Light Snack Trail Mix #3723,209.25,59
3724,Special Drink Sports Drink #3724,161.25,62
3725,Local Bakery Cinnamon Roll #3725,108.75,65
3726,Fresh Dairy Greek Yogurt #3726,306.50,68
3727,Classic Pantry Soy Sauce 1L #3727,186.75,71
3728,Original Frozen Frozen Pizza #3728,292.25,74
3729,Salted Produce Garlic Bulb #3729,41.75,77
3730,Spicy Meat Lamb Chops #3730,958.00,80
3731,Deluxe Bath Mouthwash #3731,146.25,83
3732,Imported Clean Floor Wax #3732,273.99,86
3733,Natural Office Highlighter #3733,65.00,89
3734,Organic Tech Earphones #3734,294.99,92
3735,Premium Pet Cat Food 1kg #3735,546.49,95
3736,Roasted Coffee Espresso Beans #3736,436.99,98
3737,Sweet Tea Hibiscus Leaves #3737,127.50,6
3738,Light Snack Popcorn Bag #3738,211.25,9
3739,Special Drink Juice Box #3739,26.00,12
3740,Local Bakery Banana Bread #3740,99.99,15
3741,Fresh Dairy Cheddar Block #3741,419.25,18
3742,Classic Pantry Brown Sugar 1kg #3742,460.50,21
3743,Original Frozen Ice Cream Tub #3743,471.50,24
3744,Salted Produce Red Apple #3744,66.25,27
3745,Spicy Meat Turkey Slice #3745,805.00,30
3746,Deluxe Bath Deodorant #3746,75.25,33
3747,Imported Clean Glass Cleaner #3747,274.99,36
3748,Natural Office Stapler #3748,11.50,39
3749,Organic Tech Power Bank #3749,1750.25,42
3750,Premium Pet Pet Treats #3750,512.00,45
3751,Roasted Coffee Arabica Grounds #3751,602.00,48
3752,Sweet Tea Green Tea Bags #3752,244.25,51
3753,Light Snack Beef Jerky #3753,114.75,54
3754,Special Drink Coconut Water #3754,136.75,57
3755,Local Bakery Muffin #3755,132.50,60
3756,Fresh Dairy Mozzarella Ball #3756,243.00,63
3757,Classic Pantry Iodized Salt #3757,318.99,66
3758,Original Frozen Frozen Berries #3758,312.25,69
3759,Salted Produce Banana Bunch #3759,47.00,72
3760,Spicy Meat Pork Belly #3760,539.75,75
3761,Deluxe Bath Hand Sanitizer #3761,180.99,78
3762,Imported Clean Trash Bags #3762,188.25,81
3763,Natural Office Tape Roll #3763,115.50,84
3764,Organic Tech HDMI Cable #3764,2206.75,87
3765,Premium Pet Cat Litter #3765,503.75,90
3766,Roasted Coffee Cold Brew Concentrate #3766,617.50,93
3767,Sweet Tea Black Tea Loose #3767,457.50,96
3768,Light Snack Potato Chips #3768,73.99,99
3769,Special Drink Lemonade Bottle #3769,37.75,7
3770,Local Bakery Bagel #3770,61.25,10
3771,Fresh Dairy Butter Stick #3771,204.00,13
3772,Classic Pantry Black Pepper #3772,401.99,16
3773,Original Frozen French Fries #3773,464.99,19
3774,Salted Produce Cavendish #3774,25.50,22
3775,Spicy Meat Chicken Breast #3775,1264.49,25
3776,Deluxe Bath Bar Soap #3776,316.00,28
3777,Imported Clean Sponge Pack #3777,221.49,31
3778,Natural Office Eraser #3778,40.99,34
3779,Organic Tech Wireless Mouse #3779,2188.25,37
3780,Premium Pet Dog Toy #3780,601.25,40
3781,Roasted Coffee Instant Sachets #3781,163.25,43
3782,Sweet Tea Chamomile Pouch #3782,425.00,46
3783,Light Snack Tortilla Chips #3783,198.75,49
3784,Special Drink Mineral Water 500ml #3784,126.50,52
3785,Local Bakery Donut #3785,145.75,55
3786,Fresh Dairy Cream Cheese #3786,403.00,58
3787,Classic Pantry Vinegar Bottle #3787,327.00,61
3788,Original Frozen Chicken Nuggets #3788,247.49,64
3789,Salted Produce Green Lettuce #3789,102.50,67
3790,Spicy Meat Ground Beef #3790,1274.50,70
3791,Deluxe Bath Shampoo 200ml #3791,265.25,73
3792,Imported Clean Laundry Pod #3792,277.75,76
3793,Natural Office Marker Pen #3793,160.50,79
3794,Organic Tech Keyboard #3794,1181.25,82
3795,Premium Pet Pet Shampoo #3795,778.99,85
3796,Roasted Coffee Decaf Pods #3796,394.50,88
3797,Sweet Tea Matcha Powder #3797,355.75,91
3798,Light Snack Pretzel Sticks #3798,18.99,94
3799,Special Drink Soda Can 330ml #3799,172.99,97
3800,Local Bakery Sourdough Loaf #3800,104.00,5
3801,Fresh Dairy Whipping Cream #3801,204.99,8
3802,Classic Pantry Tomato Sauce #3802,338.00,11
3803,Original Frozen Fish Fillet #3803,177.49,14
3804,Salted Produce Cherry Tomato #3804,72.75,17
3805,Spicy Meat Bacon Strips #3805,1338.00,20
3806,Deluxe Bath Conditioner 200ml #3806,253.75,23
3807,Imported Clean Dish Soap #3807,163.25,26
3808,Natural Office Ballpen Black #3808,64.99,29
3809,Organic Tech Webcam #3809,1419.49,32
3810,Premium Pet Aquarium Pellets #3810,560.49,35
3811,Roasted Coffee Mocha Mix #3811,467.99,38
3812,Sweet Tea Oolong Tin #3812,196.49,41
3813,Light Snack Cheese Crackers #3813,234.75,44
3814,Special Drink Iced Tea Bottle #3814,59.25,47
3815,Local Bakery Baguette #3815,214.75,50
3816,Fresh Dairy Whole Milk 1L #3816,252.75,53
3817,Classic Pantry Pasta 500g #3817,200.50,56
3818,Original Frozen Veggie Mix #3818,385.50,59
3819,Salted Produce Carrot Pack #3819,98.49,62
3820,Spicy Meat Pork Loin #3820,920.99,65
3821,Deluxe Bath Body Wash #3821,231.25,68
3822,Imported Clean All-Purpose Spray #3822,388.49,71
3823,Natural Office Notebook A5 #3823,249.49,74
3824,Organic Tech USB-C Cable #3824,1635.00,77
3825,Premium Pet Bird Seed #3825,871.25,80
3826,Roasted Coffee Latte Powder #3826,80.75,83
3827,Sweet Tea Earl Grey Box #3827,85.75,86
3828,Light Snack Granola Bar #3828,163.25,89
3829,Special Drink Energy Drink #3829,49.50,92
3830,Local Bakery Croissant #3830,176.99,95
3831,Fresh Dairy Skim Milk 1L #3831,125.99,98
3832,Classic Pantry Olive Oil 500ml #3832,67.00,6
3833,Original Frozen Frozen Dumplings #3833,543.25,9
3834,Salted Produce Sweet Onion #3834,72.75,12
3835,Spicy Meat Sausage Pack #3835,866.99,15
3836,Deluxe Bath Toothpaste #3836,85.49,18
3837,Imported Clean Bleach Bottle #3837,237.49,21
3838,Natural Office Sticky Notes #3838,227.75,24
3839,Organic Tech Phone Charger #3839,2392.75,27
3840,Premium Pet Dog Food 1kg #3840,644.00,30
3841,Roasted Coffee Cappuccino Sticks #3841,487.25,33
3842,Sweet Tea Jasmine Pearls #3842,145.49,36
3843,Light Snack Trail Mix #3843,19.75,39
3844,Special Drink Sports Drink #3844,172.00,42
3845,Local Bakery Cinnamon Roll #3845,175.50,45
3846,Fresh Dairy Greek Yogurt #3846,306.49,48
3847,Classic Pantry Soy Sauce 1L #3847,381.00,51
3848,Original Frozen Frozen Pizza #3848,226.00,54
3849,Salted Produce Garlic Bulb #3849,17.00,57
3850,Spicy Meat Lamb Chops #3850,641.99,60
3851,Deluxe Bath Mouthwash #3851,123.75,63
3852,Imported Clean Floor Wax #3852,64.25,66
3853,Natural Office Highlighter #3853,208.99,69
3854,Organic Tech Earphones #3854,839.50,72
3855,Premium Pet Cat Food 1kg #3855,592.00,75
3856,Roasted Coffee Espresso Beans #3856,262.49,78
3857,Sweet Tea Hibiscus Leaves #3857,124.49,81
3858,Light Snack Popcorn Bag #3858,219.75,84
3859,Special Drink Juice Box #3859,173.75,87
3860,Local Bakery Banana Bread #3860,179.49,90
3861,Fresh Dairy Cheddar Block #3861,365.75,93
3862,Classic Pantry Brown Sugar 1kg #3862,466.99,96
3863,Original Frozen Ice Cream Tub #3863,215.25,99
3864,Salted Produce Red Apple #3864,126.50,7
3865,Spicy Meat Turkey Slice #3865,1057.75,10
3866,Deluxe Bath Deodorant #3866,292.50,13
3867,Imported Clean Glass Cleaner #3867,349.50,16
3868,Natural Office Stapler #3868,201.00,19
3869,Organic Tech Power Bank #3869,1177.75,22
3870,Premium Pet Pet Treats #3870,849.75,25
3871,Roasted Coffee Arabica Grounds #3871,178.75,28
3872,Sweet Tea Green Tea Bags #3872,227.00,31
3873,Light Snack Beef Jerky #3873,154.00,34
3874,Special Drink Coconut Water #3874,100.50,37
3875,Local Bakery Muffin #3875,191.25,40
3876,Fresh Dairy Mozzarella Ball #3876,267.49,43
3877,Classic Pantry Iodized Salt #3877,209.50,46
3878,Original Frozen Frozen Berries #3878,196.99,49
3879,Salted Produce Banana Bunch #3879,56.99,52
3880,Spicy Meat Pork Belly #3880,1310.50,55
3881,Deluxe Bath Hand Sanitizer #3881,211.49,58
3882,Imported Clean Trash Bags #3882,320.25,61
3883,Natural Office Tape Roll #3883,228.00,64
3884,Organic Tech HDMI Cable #3884,1899.25,67
3885,Premium Pet Cat Litter #3885,878.75,70
3886,Roasted Coffee Cold Brew Concentrate #3886,202.75,73
3887,Sweet Tea Black Tea Loose #3887,232.75,76
3888,Light Snack Potato Chips #3888,217.00,79
3889,Special Drink Lemonade Bottle #3889,99.50,82
3890,Local Bakery Bagel #3890,100.99,85
3891,Fresh Dairy Butter Stick #3891,67.50,88
3892,Classic Pantry Black Pepper #3892,243.75,91
3893,Original Frozen French Fries #3893,104.99,94
3894,Salted Produce Cavendish #3894,50.75,97
3895,Spicy Meat Chicken Breast #3895,743.00,5
3896,Deluxe Bath Bar Soap #3896,82.99,8
3897,Imported Clean Sponge Pack #3897,215.50,11
3898,Natural Office Eraser #3898,186.00,14
3899,Organic Tech Wireless Mouse #3899,874.49,17
3900,Premium Pet Dog Toy #3900,832.50,20
3901,Roasted Coffee Instant Sachets #3901,148.25,23
3902,Sweet Tea Chamomile Pouch #3902,485.25,26
3903,Light Snack Tortilla Chips #3903,72.99,29
3904,Special Drink Mineral Water 500ml #3904,114.00,32
3905,Local Bakery Donut #3905,103.75,35
3906,Fresh Dairy Cream Cheese #3906,179.00,38
3907,Classic Pantry Vinegar Bottle #3907,365.75,41
3908,Original Frozen Chicken Nuggets #3908,402.75,44
3909,Salted Produce Green Lettuce #3909,18.50,47
3910,Spicy Meat Ground Beef #3910,1067.75,50
3911,Deluxe Bath Shampoo 200ml #3911,287.49,53
3912,Imported Clean Laundry Pod #3912,328.00,56
3913,Natural Office Marker Pen #3913,91.25,59
3914,Organic Tech Keyboard #3914,2025.50,62
3915,Premium Pet Pet Shampoo #3915,573.99,65
3916,Roasted Coffee Decaf Pods #3916,577.49,68
3917,Sweet Tea Matcha Powder #3917,197.99,71
3918,Light Snack Pretzel Sticks #3918,225.00,74
3919,Special Drink Soda Can 330ml #3919,165.75,77
3920,Local Bakery Sourdough Loaf #3920,102.49,80
3921,Fresh Dairy Whipping Cream #3921,127.75,83
3922,Classic Pantry Tomato Sauce #3922,413.99,86
3923,Original Frozen Fish Fillet #3923,492.75,89
3924,Salted Produce Cherry Tomato #3924,29.75,92
3925,Spicy Meat Bacon Strips #3925,381.49,95
3926,Deluxe Bath Conditioner 200ml #3926,252.50,98
3927,Imported Clean Dish Soap #3927,277.00,6
3928,Natural Office Ballpen Black #3928,135.25,9
3929,Organic Tech Webcam #3929,571.25,12
3930,Premium Pet Aquarium Pellets #3930,791.00,15
3931,Roasted Coffee Mocha Mix #3931,648.25,18
3932,Sweet Tea Oolong Tin #3932,467.99,21
3933,Light Snack Cheese Crackers #3933,40.50,24
3934,Special Drink Iced Tea Bottle #3934,69.75,27
3935,Local Bakery Baguette #3935,53.00,30
3936,Fresh Dairy Whole Milk 1L #3936,256.75,33
3937,Classic Pantry Pasta 500g #3937,92.25,36
3938,Original Frozen Veggie Mix #3938,432.99,39
3939,Salted Produce Carrot Pack #3939,166.49,42
3940,Spicy Meat Pork Loin #3940,814.25,45
3941,Deluxe Bath Body Wash #3941,262.99,48
3942,Imported Clean All-Purpose Spray #3942,85.00,51
3943,Natural Office Notebook A5 #3943,244.25,54
3944,Organic Tech USB-C Cable #3944,1088.75,57
3945,Premium Pet Bird Seed #3945,275.00,60
3946,Roasted Coffee Latte Powder #3946,529.25,63
3947,Sweet Tea Earl Grey Box #3947,309.25,66
3948,Light Snack Granola Bar #3948,30.50,69
3949,Special Drink Energy Drink #3949,81.75,72
3950,Local Bakery Croissant #3950,193.49,75
3951,Fresh Dairy Skim Milk 1L #3951,208.50,78
3952,Classic Pantry Olive Oil 500ml #3952,54.00,81
3953,Original Frozen Frozen Dumplings #3953,448.50,84
3954,Salted Produce Sweet Onion #3954,42.25,87
3955,Spicy Meat Sausage Pack #3955,1188.75,90
3956,Deluxe Bath Toothpaste #3956,75.50,93
3957,Imported Clean Bleach Bottle #3957,294.25,96
3958,Natural Office Sticky Notes #3958,231.50,99
3959,Organic Tech Phone Charger #3959,230.50,7
3960,Premium Pet Dog Food 1kg #3960,104.75,10
3961,Roasted Coffee Cappuccino Sticks #3961,384.50,13
3962,Sweet Tea Jasmine Pearls #3962,167.49,16
3963,Light Snack Trail Mix #3963,68.00,19
3964,Special Drink Sports Drink #3964,114.49,22
3965,Local Bakery Cinnamon Roll #3965,39.75,25
3966,Fresh Dairy Greek Yogurt #3966,232.99,28
3967,Classic Pantry Soy Sauce 1L #3967,347.50,31
3968,Original Frozen Frozen Pizza #3968,391.49,34
3969,Salted Produce Garlic Bulb #3969,108.25,37
3970,Spicy Meat Lamb Chops #3970,556.75,40
3971,Deluxe Bath Mouthwash #3971,275.49,43
3972,Imported Clean Floor Wax #3972,395.75,46
3973,Natural Office Highlighter #3973,156.99,49
3974,Organic Tech Earphones #3974,1727.00,52
3975,Premium Pet Cat Food 1kg #3975,816.50,55
3976,Roasted Coffee Espresso Beans #3976,229.00,58
3977,Sweet Tea Hibiscus Leaves #3977,223.25,61
3978,Light Snack Popcorn Bag #3978,125.50,64
3979,Special Drink Juice Box #3979,52.00,67
3980,Local Bakery Banana Bread #3980,170.99,70
3981,Fresh Dairy Cheddar Block #3981,59.25,73
3982,Classic Pantry Brown Sugar 1kg #3982,315.49,76
3983,Original Frozen Ice Cream Tub #3983,446.25,79
3984,Salted Produce Red Apple #3984,170.00,82
3985,Spicy Meat Turkey Slice #3985,1056.50,85
3986,Deluxe Bath Deodorant #3986,239.00,88
3987,Imported Clean Glass Cleaner #3987,269.50,91
3988,Natural Office Stapler #3988,170.25,94
3989,Organic Tech Power Bank #3989,1630.99,97
3990,Premium Pet Pet Treats #3990,166.00,5
3991,Roasted Coffee Arabica Grounds #3991,223.00,8
3992,Sweet Tea Green Tea Bags #3992,238.25,11
3993,Light Snack Beef Jerky #3993,229.25,14
3994,Special Drink Coconut Water #3994,144.25,17
3995,Local Bakery Muffin #3995,102.99,20
3996,Fresh Dairy Mozzarella Ball #3996,77.25,23
3997,Classic Pantry Iodized Salt #3997,261.75,26
3998,Original Frozen Frozen Berries #3998,271.25,29
3999,Salted Produce Banana Bunch #3999,18.49,32
4000,Spicy Meat Pork Belly #4000,1221.00,35
4001,Deluxe Bath Hand Sanitizer #4001,67.99,38
4002,Imported Clean Trash Bags #4002,109.00,41
4003,Natural Office Tape Roll #4003,75.49,44
4004,Organic Tech HDMI Cable #4004,234.49,47
4005,Premium Pet Cat Litter #4005,818.00,50
4006,Roasted Coffee Cold Brew Concentrate #4006,197.25,53
4007,Sweet Tea Black Tea Loose #4007,388.00,56
4008,Light Snack Potato Chips #4008,96.50,59
4009,Special Drink Lemonade Bottle #4009,22.99,62
4010,Local Bakery Bagel #4010,42.00,65
4011,Fresh Dairy Butter Stick #4011,121.25,68
4012,Classic Pantry Black Pepper #4012,173.50,71
4013,Original Frozen French Fries #4013,400.25,74
4014,Salted Produce Cavendish #4014,150.49,77
4015,Spicy Meat Chicken Breast #4015,471.49,80
4016,Deluxe Bath Bar Soap #4016,122.00,83
4017,Imported Clean Sponge Pack #4017,208.00,86
4018,Natural Office Eraser #4018,226.75,89
4019,Organic Tech Wireless Mouse #4019,2075.50,92
4020,Premium Pet Dog Toy #4020,175.49,95
4021,Roasted Coffee Instant Sachets #4021,577.75,98
4022,Sweet Tea Chamomile Pouch #4022,351.00,6
4023,Light Snack Tortilla Chips #4023,236.25,9
4024,Special Drink Mineral Water 500ml #4024,22.49,12
4025,Local Bakery Donut #4025,29.49,15
4026,Fresh Dairy Cream Cheese #4026,345.75,18
4027,Classic Pantry Vinegar Bottle #4027,410.25,21
4028,Original Frozen Chicken Nuggets #4028,443.75,24
4029,Salted Produce Green Lettuce #4029,123.25,27
4030,Spicy Meat Ground Beef #4030,1019.49,30
4031,Deluxe Bath Shampoo 200ml #4031,297.49,33
4032,Imported Clean Laundry Pod #4032,243.50,36
4033,Natural Office Marker Pen #4033,132.49,39
4034,Organic Tech Keyboard #4034,1418.49,42
4035,Premium Pet Pet Shampoo #4035,320.49,45
4036,Roasted Coffee Decaf Pods #4036,189.99,48
4037,Sweet Tea Matcha Powder #4037,43.25,51
4038,Light Snack Pretzel Sticks #4038,245.25,54
4039,Special Drink Soda Can 330ml #4039,103.49,57
4040,Local Bakery Sourdough Loaf #4040,105.75,60
4041,Fresh Dairy Whipping Cream #4041,147.49,63
4042,Classic Pantry Tomato Sauce #4042,487.49,66
4043,Original Frozen Fish Fillet #4043,174.00,69
4044,Salted Produce Cherry Tomato #4044,147.75,72
4045,Spicy Meat Bacon Strips #4045,1369.00,75
4046,Deluxe Bath Conditioner 200ml #4046,343.49,78
4047,Imported Clean Dish Soap #4047,97.25,81
4048,Natural Office Ballpen Black #4048,166.99,84
4049,Organic Tech Webcam #4049,2085.49,87
4050,Premium Pet Aquarium Pellets #4050,153.75,90
4051,Roasted Coffee Mocha Mix #4051,582.00,93
4052,Sweet Tea Oolong Tin #4052,430.50,96
4053,Light Snack Cheese Crackers #4053,152.75,99
4054,Special Drink Iced Tea Bottle #4054,148.00,7
4055,Local Bakery Baguette #4055,132.75,10
4056,Fresh Dairy Whole Milk 1L #4056,348.99,13
4057,Classic Pantry Pasta 500g #4057,204.25,16
4058,Original Frozen Veggie Mix #4058,502.25,19
4059,Salted Produce Carrot Pack #4059,56.75,22
4060,Spicy Meat Pork Loin #4060,1030.25,25
4061,Deluxe Bath Body Wash #4061,234.25,28
4062,Imported Clean All-Purpose Spray #4062,372.75,31
4063,Natural Office Notebook A5 #4063,112.25,34
4064,Organic Tech USB-C Cable #4064,599.75,37
4065,Premium Pet Bird Seed #4065,467.99,40
4066,Roasted Coffee Latte Powder #4066,412.99,43
4067,Sweet Tea Earl Grey Box #4067,394.00,46
4068,Light Snack Granola Bar #4068,98.99,49
4069,Special Drink Energy Drink #4069,75.49,52
4070,Local Bakery Croissant #4070,197.75,55
4071,Fresh Dairy Skim Milk 1L #4071,331.00,58
4072,Classic Pantry Olive Oil 500ml #4072,255.99,61
4073,Original Frozen Frozen Dumplings #4073,461.99,64
4074,Salted Produce Sweet Onion #4074,81.99,67
4075,Spicy Meat Sausage Pack #4075,594.49,70
4076,Deluxe Bath Toothpaste #4076,238.75,73
4077,Imported Clean Bleach Bottle #4077,207.75,76
4078,Natural Office Sticky Notes #4078,173.00,79
4079,Organic Tech Phone Charger #4079,433.75,82
4080,Premium Pet Dog Food 1kg #4080,916.25,85
4081,Roasted Coffee Cappuccino Sticks #4081,612.49,88
4082,Sweet Tea Jasmine Pearls #4082,351.49,91
4083,Light Snack Trail Mix #4083,232.25,94
4084,Special Drink Sports Drink #4084,59.25,97
4085,Local Bakery Cinnamon Roll #4085,205.25,5
4086,Fresh Dairy Greek Yogurt #4086,229.99,8
4087,Classic Pantry Soy Sauce 1L #4087,244.25,11
4088,Original Frozen Frozen Pizza #4088,297.99,14
4089,Salted Produce Garlic Bulb #4089,99.99,17
4090,Spicy Meat Lamb Chops #4090,848.25,20
4091,Deluxe Bath Mouthwash #4091,50.49,23
4092,Imported Clean Floor Wax #4092,419.49,26
4093,Natural Office Highlighter #4093,115.00,29
4094,Organic Tech Earphones #4094,939.99,32
4095,Premium Pet Cat Food 1kg #4095,129.25,35
4096,Roasted Coffee Espresso Beans #4096,74.25,38
4097,Sweet Tea Hibiscus Leaves #4097,85.75,41
4098,Light Snack Popcorn Bag #4098,25.00,44
4099,Special Drink Juice Box #4099,174.50,47
4100,Local Bakery Banana Bread #4100,165.50,50
4101,Fresh Dairy Cheddar Block #4101,339.00,53
4102,Classic Pantry Brown Sugar 1kg #4102,251.75,56
4103,Original Frozen Ice Cream Tub #4103,299.25,59
4104,Salted Produce Red Apple #4104,20.25,62
4105,Spicy Meat Turkey Slice #4105,611.00,65
4106,Deluxe Bath Deodorant #4106,111.49,68
4107,Imported Clean Glass Cleaner #4107,163.75,71
4108,Natural Office Stapler #4108,59.25,74
4109,Organic Tech Power Bank #4109,198.25,77
4110,Premium Pet Pet Treats #4110,921.00,80
4111,Roasted Coffee Arabica Grounds #4111,84.49,83
4112,Sweet Tea Green Tea Bags #4112,104.25,86
4113,Light Snack Beef Jerky #4113,52.99,89
4114,Special Drink Coconut Water #4114,118.25,92
4115,Local Bakery Muffin #4115,101.50,95
4116,Fresh Dairy Mozzarella Ball #4116,160.00,98
4117,Classic Pantry Iodized Salt #4117,182.00,6
4118,Original Frozen Frozen Berries #4118,602.50,9
4119,Salted Produce Banana Bunch #4119,135.75,12
4120,Spicy Meat Pork Belly #4120,479.50,15
4121,Deluxe Bath Hand Sanitizer #4121,42.75,18
4122,Imported Clean Trash Bags #4122,306.49,21
4123,Natural Office Tape Roll #4123,118.50,24
4124,Organic Tech HDMI Cable #4124,2407.75,27
4125,Premium Pet Cat Litter #4125,535.99,30
4126,Roasted Coffee Cold Brew Concentrate #4126,287.49,33
4127,Sweet Tea Black Tea Loose #4127,57.49,36
4128,Light Snack Potato Chips #4128,241.25,39
4129,Special Drink Lemonade Bottle #4129,100.75,42
4130,Local Bakery Bagel #4130,209.99,45
4131,Fresh Dairy Butter Stick #4131,223.50,48
4132,Classic Pantry Black Pepper #4132,498.00,51
4133,Original Frozen French Fries #4133,199.25,54
4134,Salted Produce Cavendish #4134,55.99,57
4135,Spicy Meat Chicken Breast #4135,189.75,60
4136,Deluxe Bath Bar Soap #4136,86.25,63
4137,Imported Clean Sponge Pack #4137,205.00,66
4138,Natural Office Eraser #4138,113.50,69
4139,Organic Tech Wireless Mouse #4139,661.49,72
4140,Premium Pet Dog Toy #4140,90.49,75
4141,Roasted Coffee Instant Sachets #4141,361.50,78
4142,Sweet Tea Chamomile Pouch #4142,350.00,81
4143,Light Snack Tortilla Chips #4143,123.25,84
4144,Special Drink Mineral Water 500ml #4144,42.49,87
4145,Local Bakery Donut #4145,78.75,90
4146,Fresh Dairy Cream Cheese #4146,407.75,93
4147,Classic Pantry Vinegar Bottle #4147,433.00,96
4148,Original Frozen Chicken Nuggets #4148,282.00,99
4149,Salted Produce Green Lettuce #4149,45.50,7
4150,Spicy Meat Ground Beef #4150,438.25,10
4151,Deluxe Bath Shampoo 200ml #4151,148.75,13
4152,Imported Clean Laundry Pod #4152,200.00,16
4153,Natural Office Marker Pen #4153,61.75,19
4154,Organic Tech Keyboard #4154,1708.50,22
4155,Premium Pet Pet Shampoo #4155,716.25,25
4156,Roasted Coffee Decaf Pods #4156,112.75,28
4157,Sweet Tea Matcha Powder #4157,388.50,31
4158,Light Snack Pretzel Sticks #4158,177.00,34
4159,Special Drink Soda Can 330ml #4159,105.50,37
4160,Local Bakery Sourdough Loaf #4160,73.99,40
4161,Fresh Dairy Whipping Cream #4161,81.75,43
4162,Classic Pantry Tomato Sauce #4162,405.75,46
4163,Original Frozen Fish Fillet #4163,368.50,49
4164,Salted Produce Cherry Tomato #4164,144.00,52
4165,Spicy Meat Bacon Strips #4165,267.99,55
4166,Deluxe Bath Conditioner 200ml #4166,191.75,58
4167,Imported Clean Dish Soap #4167,245.25,61
4168,Natural Office Ballpen Black #4168,173.25,64
4169,Organic Tech Webcam #4169,1277.50,67
4170,Premium Pet Aquarium Pellets #4170,445.00,70
4171,Roasted Coffee Mocha Mix #4171,115.25,73
4172,Sweet Tea Oolong Tin #4172,194.99,76
4173,Light Snack Cheese Crackers #4173,218.49,79
4174,Special Drink Iced Tea Bottle #4174,132.75,82
4175,Local Bakery Baguette #4175,124.00,85
4176,Fresh Dairy Whole Milk 1L #4176,183.99,88
4177,Classic Pantry Pasta 500g #4177,111.25,91
4178,Original Frozen Veggie Mix #4178,408.00,94
4179,Salted Produce Carrot Pack #4179,34.25,97
4180,Spicy Meat Pork Loin #4180,174.00,5
4181,Deluxe Bath Body Wash #4181,231.75,8
4182,Imported Clean All-Purpose Spray #4182,399.50,11
4183,Natural Office Notebook A5 #4183,178.75,14
4184,Organic Tech USB-C Cable #4184,1318.50,17
4185,Premium Pet Bird Seed #4185,860.99,20
4186,Roasted Coffee Latte Powder #4186,368.75,23
4187,Sweet Tea Earl Grey Box #4187,167.50,26
4188,Light Snack Granola Bar #4188,211.50,29
4189,Special Drink Energy Drink #4189,98.00,32
4190,Local Bakery Croissant #4190,64.75,35
4191,Fresh Dairy Skim Milk 1L #4191,379.25,38
4192,Classic Pantry Olive Oil 500ml #4192,212.00,41
4193,Original Frozen Frozen Dumplings #4193,506.50,44
4194,Salted Produce Sweet Onion #4194,125.99,47
4195,Spicy Meat Sausage Pack #4195,712.00,50
4196,Deluxe Bath Toothpaste #4196,192.25,53
4197,Imported Clean Bleach Bottle #4197,148.50,56
4198,Natural Office Sticky Notes #4198,239.25,59
4199,Organic Tech Phone Charger #4199,1898.99,62
4200,Premium Pet Dog Food 1kg #4200,217.75,65
4201,Roasted Coffee Cappuccino Sticks #4201,647.50,68
4202,Sweet Tea Jasmine Pearls #4202,246.49,71
4203,Light Snack Trail Mix #4203,127.25,74
4204,Special Drink Sports Drink #4204,114.50,77
4205,Local Bakery Cinnamon Roll #4205,153.50,80
4206,Fresh Dairy Greek Yogurt #4206,213.75,83
4207,Classic Pantry Soy Sauce 1L #4207,416.99,86
4208,Original Frozen Frozen Pizza #4208,598.99,89
4209,Salted Produce Garlic Bulb #4209,174.49,92
4210,Spicy Meat Lamb Chops #4210,989.99,95
4211,Deluxe Bath Mouthwash #4211,218.49,98
4212,Imported Clean Floor Wax #4212,160.75,6
4213,Natural Office Highlighter #4213,157.49,9
4214,Organic Tech Earphones #4214,2285.75,12
4215,Premium Pet Cat Food 1kg #4215,213.49,15
4216,Roasted Coffee Espresso Beans #4216,178.75,18
4217,Sweet Tea Hibiscus Leaves #4217,178.99,21
4218,Light Snack Popcorn Bag #4218,224.75,24
4219,Special Drink Juice Box #4219,127.99,27
4220,Local Bakery Banana Bread #4220,94.75,30
4221,Fresh Dairy Cheddar Block #4221,49.99,33
4222,Classic Pantry Brown Sugar 1kg #4222,83.49,36
4223,Original Frozen Ice Cream Tub #4223,503.25,39
4224,Salted Produce Red Apple #4224,162.49,42
4225,Spicy Meat Turkey Slice #4225,1074.75,45
4226,Deluxe Bath Deodorant #4226,287.75,48
4227,Imported Clean Glass Cleaner #4227,152.49,51
4228,Natural Office Stapler #4228,58.00,54
4229,Organic Tech Power Bank #4229,1003.99,57
4230,Premium Pet Pet Treats #4230,182.75,60
4231,Roasted Coffee Arabica Grounds #4231,121.50,63
4232,Sweet Tea Green Tea Bags #4232,80.25,66
4233,Light Snack Beef Jerky #4233,75.99,69
4234,Special Drink Coconut Water #4234,49.00,72
4235,Local Bakery Muffin #4235,182.99,75
4236,Fresh Dairy Mozzarella Ball #4236,290.00,78
4237,Classic Pantry Iodized Salt #4237,34.25,81
4238,Original Frozen Frozen Berries #4238,205.50,84
4239,Salted Produce Banana Bunch #4239,119.00,87
4240,Spicy Meat Pork Belly #4240,172.25,90
4241,Deluxe Bath Hand Sanitizer #4241,339.49,93
4242,Imported Clean Trash Bags #4242,305.25,96
4243,Natural Office Tape Roll #4243,155.25,99
4244,Organic Tech HDMI Cable #4244,370.50,7
4245,Premium Pet Cat Litter #4245,565.50,10
4246,Roasted Coffee Cold Brew Concentrate #4246,278.50,13
4247,Sweet Tea Black Tea Loose #4247,266.99,16
4248,Light Snack Potato Chips #4248,172.49,19
4249,Special Drink Lemonade Bottle #4249,95.25,22
4250,Local Bakery Bagel #4250,42.50,25
4251,Fresh Dairy Butter Stick #4251,247.50,28
4252,Classic Pantry Black Pepper #4252,472.00,31
4253,Original Frozen French Fries #4253,517.50,34
4254,Salted Produce Cavendish #4254,153.99,37
4255,Spicy Meat Chicken Breast #4255,909.49,40
4256,Deluxe Bath Bar Soap #4256,106.99,43
4257,Imported Clean Sponge Pack #4257,241.99,46
4258,Natural Office Eraser #4258,17.75,49
4259,Organic Tech Wireless Mouse #4259,576.99,52
4260,Premium Pet Dog Toy #4260,300.50,55
4261,Roasted Coffee Instant Sachets #4261,417.00,58
4262,Sweet Tea Chamomile Pouch #4262,295.99,61
4263,Light Snack Tortilla Chips #4263,242.25,64
4264,Special Drink Mineral Water 500ml #4264,129.99,67
4265,Local Bakery Donut #4265,90.99,70
4266,Fresh Dairy Cream Cheese #4266,58.49,73
4267,Classic Pantry Vinegar Bottle #4267,32.25,76
4268,Original Frozen Chicken Nuggets #4268,248.99,79
4269,Salted Produce Green Lettuce #4269,97.75,82
4270,Spicy Meat Ground Beef #4270,1366.49,85
4271,Deluxe Bath Shampoo 200ml #4271,190.75,88
4272,Imported Clean Laundry Pod #4272,398.75,91
4273,Natural Office Marker Pen #4273,112.50,94
4274,Organic Tech Keyboard #4274,890.75,97
4275,Premium Pet Pet Shampoo #4275,150.25,5
4276,Roasted Coffee Decaf Pods #4276,120.99,8
4277,Sweet Tea Matcha Powder #4277,145.75,11
4278,Light Snack Pretzel Sticks #4278,80.75,14
4279,Special Drink Soda Can 330ml #4279,40.25,17
4280,Local Bakery Sourdough Loaf #4280,109.75,20
4281,Fresh Dairy Whipping Cream #4281,386.25,23
4282,Classic Pantry Tomato Sauce #4282,341.00,26
4283,Original Frozen Fish Fillet #4283,150.75,29
4284,Salted Produce Cherry Tomato #4284,179.75,32
4285,Spicy Meat Bacon Strips #4285,1095.99,35
4286,Deluxe Bath Conditioner 200ml #4286,203.50,38
4287,Imported Clean Dish Soap #4287,396.00,41
4288,Natural Office Ballpen Black #4288,130.25,44
4289,Organic Tech Webcam #4289,1586.99,47
4290,Premium Pet Aquarium Pellets #4290,530.49,50
4291,Roasted Coffee Mocha Mix #4291,108.75,53
4292,Sweet Tea Oolong Tin #4292,207.75,56
4293,Light Snack Cheese Crackers #4293,157.99,59
4294,Special Drink Iced Tea Bottle #4294,98.00,62
4295,Local Bakery Baguette #4295,69.25,65
4296,Fresh Dairy Whole Milk 1L #4296,200.49,68
4297,Classic Pantry Pasta 500g #4297,174.25,71
4298,Original Frozen Veggie Mix #4298,326.49,74
4299,Salted Produce Carrot Pack #4299,43.49,77
4300,Spicy Meat Pork Loin #4300,652.75,80
4301,Deluxe Bath Body Wash #4301,137.00,83
4302,Imported Clean All-Purpose Spray #4302,196.00,86
4303,Natural Office Notebook A5 #4303,152.99,89
4304,Organic Tech USB-C Cable #4304,1455.50,92
4305,Premium Pet Bird Seed #4305,571.50,95
4306,Roasted Coffee Latte Powder #4306,486.00,98
4307,Sweet Tea Earl Grey Box #4307,90.75,6
4308,Light Snack Granola Bar #4308,199.00,9
4309,Special Drink Energy Drink #4309,54.00,12
4310,Local Bakery Croissant #4310,71.50,15
4311,Fresh Dairy Skim Milk 1L #4311,42.00,18
4312,Classic Pantry Olive Oil 500ml #4312,156.50,21
4313,Original Frozen Frozen Dumplings #4313,264.50,24
4314,Salted Produce Sweet Onion #4314,158.00,27
4315,Spicy Meat Sausage Pack #4315,273.99,30
4316,Deluxe Bath Toothpaste #4316,150.99,33
4317,Imported Clean Bleach Bottle #4317,399.50,36
4318,Natural Office Sticky Notes #4318,158.50,39
4319,Organic Tech Phone Charger #4319,925.50,42
4320,Premium Pet Dog Food 1kg #4320,916.00,45
4321,Roasted Coffee Cappuccino Sticks #4321,502.75,48
4322,Sweet Tea Jasmine Pearls #4322,325.00,51
4323,Light Snack Trail Mix #4323,98.99,54
4324,Special Drink Sports Drink #4324,125.75,57
4325,Local Bakery Cinnamon Roll #4325,78.49,60
4326,Fresh Dairy Greek Yogurt #4326,254.50,63
4327,Classic Pantry Soy Sauce 1L #4327,485.49,66
4328,Original Frozen Frozen Pizza #4328,593.75,69
4329,Salted Produce Garlic Bulb #4329,129.49,72
4330,Spicy Meat Lamb Chops #4330,865.50,75
4331,Deluxe Bath Mouthwash #4331,269.00,78
4332,Imported Clean Floor Wax #4332,79.99,81
4333,Natural Office Highlighter #4333,10.50,84
4334,Organic Tech Earphones #4334,205.25,87
4335,Premium Pet Cat Food 1kg #4335,395.00,90
4336,Roasted Coffee Espresso Beans #4336,296.50,93
4337,Sweet Tea Hibiscus Leaves #4337,408.50,96
4338,Light Snack Popcorn Bag #4338,164.49,99
4339,Special Drink Juice Box #4339,89.50,7
4340,Local Bakery Banana Bread #4340,78.50,10
4341,Fresh Dairy Cheddar Block #4341,254.50,13
4342,Classic Pantry Brown Sugar 1kg #4342,474.00,16
4343,Original Frozen Ice Cream Tub #4343,447.50,19
4344,Salted Produce Red Apple #4344,45.00,22
4345,Spicy Meat Turkey Slice #4345,890.99,25
4346,Deluxe Bath Deodorant #4346,300.75,28
4347,Imported Clean Glass Cleaner #4347,341.99,31
4348,Natural Office Stapler #4348,226.99,34
4349,Organic Tech Power Bank #4349,1207.00,37
4350,Premium Pet Pet Treats #4350,248.49,40
4351,Roasted Coffee Arabica Grounds #4351,443.75,43
4352,Sweet Tea Green Tea Bags #4352,183.50,46
4353,Light Snack Beef Jerky #4353,123.49,49
4354,Special Drink Coconut Water #4354,169.75,52
4355,Local Bakery Muffin #4355,208.49,55
4356,Fresh Dairy Mozzarella Ball #4356,77.50,58
4357,Classic Pantry Iodized Salt #4357,252.49,61
4358,Original Frozen Frozen Berries #4358,543.50,64
4359,Salted Produce Banana Bunch #4359,120.00,67
4360,Spicy Meat Pork Belly #4360,362.00,70
4361,Deluxe Bath Hand Sanitizer #4361,176.50,73
4362,Imported Clean Trash Bags #4362,216.00,76
4363,Natural Office Tape Roll #4363,62.99,79
4364,Organic Tech HDMI Cable #4364,2393.50,82
4365,Premium Pet Cat Litter #4365,290.25,85
4366,Roasted Coffee Cold Brew Concentrate #4366,296.00,88
4367,Sweet Tea Black Tea Loose #4367,251.25,91
4368,Light Snack Potato Chips #4368,148.25,94
4369,Special Drink Lemonade Bottle #4369,87.75,97
4370,Local Bakery Bagel #4370,109.25,5
4371,Fresh Dairy Butter Stick #4371,168.00,8
4372,Classic Pantry Black Pepper #4372,273.00,11
4373,Original Frozen French Fries #4373,393.50,14
4374,Salted Produce Cavendish #4374,63.49,17
4375,Spicy Meat Chicken Breast #4375,1467.25,20
4376,Deluxe Bath Bar Soap #4376,81.99,23
4377,Imported Clean Sponge Pack #4377,88.00,26
4378,Natural Office Eraser #4378,163.75,29
4379,Organic Tech Wireless Mouse #4379,1159.50,32
4380,Premium Pet Dog Toy #4380,114.25,35
4381,Roasted Coffee Instant Sachets #4381,532.50,38
4382,Sweet Tea Chamomile Pouch #4382,304.99,41
4383,Light Snack Tortilla Chips #4383,53.50,44
4384,Special Drink Mineral Water 500ml #4384,50.75,47
4385,Local Bakery Donut #4385,64.50,50
4386,Fresh Dairy Cream Cheese #4386,321.25,53
4387,Classic Pantry Vinegar Bottle #4387,444.00,56
4388,Original Frozen Chicken Nuggets #4388,248.50,59
4389,Salted Produce Green Lettuce #4389,29.50,62
4390,Spicy Meat Ground Beef #4390,252.25,65
4391,Deluxe Bath Shampoo 200ml #4391,109.75,68
4392,Imported Clean Laundry Pod #4392,145.75,71
4393,Natural Office Marker Pen #4393,111.25,74
4394,Organic Tech Keyboard #4394,410.50,77
4395,Premium Pet Pet Shampoo #4395,530.75,80
4396,Roasted Coffee Decaf Pods #4396,612.75,83
4397,Sweet Tea Matcha Powder #4397,249.99,86
4398,Light Snack Pretzel Sticks #4398,156.00,89
4399,Special Drink Soda Can 330ml #4399,133.25,92
4400,Local Bakery Sourdough Loaf #4400,76.00,95
4401,Fresh Dairy Whipping Cream #4401,160.50,98
4402,Classic Pantry Tomato Sauce #4402,208.75,6
4403,Original Frozen Fish Fillet #4403,469.49,9
4404,Salted Produce Cherry Tomato #4404,142.50,12
4405,Spicy Meat Bacon Strips #4405,490.75,15
4406,Deluxe Bath Conditioner 200ml #4406,323.00,18
4407,Imported Clean Dish Soap #4407,244.49,21
4408,Natural Office Ballpen Black #4408,167.00,24
4409,Organic Tech Webcam #4409,1720.99,27
4410,Premium Pet Aquarium Pellets #4410,897.00,30
4411,Roasted Coffee Mocha Mix #4411,327.50,33
4412,Sweet Tea Oolong Tin #4412,352.49,36
4413,Light Snack Cheese Crackers #4413,112.49,39
4414,Special Drink Iced Tea Bottle #4414,80.00,42
4415,Local Bakery Baguette #4415,145.50,45
4416,Fresh Dairy Whole Milk 1L #4416,245.49,48
4417,Classic Pantry Pasta 500g #4417,376.99,51
4418,Original Frozen Veggie Mix #4418,279.49,54
4419,Salted Produce Carrot Pack #4419,126.25,57
4420,Spicy Meat Pork Loin #4420,1237.25,60
4421,Deluxe Bath Body Wash #4421,320.00,63
4422,Imported Clean All-Purpose Spray #4422,337.50,66
4423,Natural Office Notebook A5 #4423,212.49,69
4424,Organic Tech USB-C Cable #4424,1657.49,72
4425,Premium Pet Bird Seed #4425,166.50,75
4426,Roasted Coffee Latte Powder #4426,547.49,78
4427,Sweet Tea Earl Grey Box #4427,417.00,81
4428,Light Snack Granola Bar #4428,233.25,84
4429,Special Drink Energy Drink #4429,65.99,87
4430,Local Bakery Croissant #4430,25.00,90
4431,Fresh Dairy Skim Milk 1L #4431,351.75,93
4432,Classic Pantry Olive Oil 500ml #4432,112.49,96
4433,Original Frozen Frozen Dumplings #4433,602.99,99
4434,Salted Produce Sweet Onion #4434,88.25,7
4435,Spicy Meat Sausage Pack #4435,137.25,10
4436,Deluxe Bath Toothpaste #4436,124.99,13
4437,Imported Clean Bleach Bottle #4437,329.75,16
4438,Natural Office Sticky Notes #4438,61.50,19
4439,Organic Tech Phone Charger #4439,811.99,22
4440,Premium Pet Dog Food 1kg #4440,327.50,25
4441,Roasted Coffee Cappuccino Sticks #4441,71.49,28
4442,Sweet Tea Jasmine Pearls #4442,408.50,31
4443,Light Snack Trail Mix #4443,193.50,34
4444,Special Drink Sports Drink #4444,120.50,37
4445,Local Bakery Cinnamon Roll #4445,180.25,40
4446,Fresh Dairy Greek Yogurt #4446,343.99,43
4447,Classic Pantry Soy Sauce 1L #4447,394.50,46
4448,Original Frozen Frozen Pizza #4448,169.00,49
4449,Salted Produce Garlic Bulb #4449,28.75,52
4450,Spicy Meat Lamb Chops #4450,1070.75,55
4451,Deluxe Bath Mouthwash #4451,176.25,58
4452,Imported Clean Floor Wax #4452,196.49,61
4453,Natural Office Highlighter #4453,242.49,64
4454,Organic Tech Earphones #4454,1650.99,67
4455,Premium Pet Cat Food 1kg #4455,922.49,70
4456,Roasted Coffee Espresso Beans #4456,497.25,73
4457,Sweet Tea Hibiscus Leaves #4457,146.75,76
4458,Light Snack Popcorn Bag #4458,195.00,79
4459,Special Drink Juice Box #4459,43.99,82
4460,Local Bakery Banana Bread #4460,42.75,85
4461,Fresh Dairy Cheddar Block #4461,213.50,88
4462,Classic Pantry Brown Sugar 1kg #4462,82.00,91
4463,Original Frozen Ice Cream Tub #4463,330.49,94
4464,Salted Produce Red Apple #4464,77.00,97
4465,Spicy Meat Turkey Slice #4465,917.75,5
4466,Deluxe Bath Deodorant #4466,208.75,8
4467,Imported Clean Glass Cleaner #4467,299.49,11
4468,Natural Office Stapler #4468,28.00,14
4469,Organic Tech Power Bank #4469,1873.00,17
4470,Premium Pet Pet Treats #4470,430.50,20
4471,Roasted Coffee Arabica Grounds #4471,494.00,23
4472,Sweet Tea Green Tea Bags #4472,322.49,26
4473,Light Snack Beef Jerky #4473,191.00,29
4474,Special Drink Coconut Water #4474,79.50,32
4475,Local Bakery Muffin #4475,83.99,35
4476,Fresh Dairy Mozzarella Ball #4476,165.99,38
4477,Classic Pantry Iodized Salt #4477,439.99,41
4478,Original Frozen Frozen Berries #4478,132.50,44
4479,Salted Produce Banana Bunch #4479,53.75,47
4480,Spicy Meat Pork Belly #4480,765.50,50
4481,Deluxe Bath Hand Sanitizer #4481,254.00,53
4482,Imported Clean Trash Bags #4482,334.49,56
4483,Natural Office Tape Roll #4483,68.00,59
4484,Organic Tech HDMI Cable #4484,2102.50,62
4485,Premium Pet Cat Litter #4485,883.49,65
4486,Roasted Coffee Cold Brew Concentrate #4486,550.49,68
4487,Sweet Tea Black Tea Loose #4487,436.49,71
4488,Light Snack Potato Chips #4488,83.25,74
4489,Special Drink Lemonade Bottle #4489,151.75,77
4490,Local Bakery Bagel #4490,175.49,80
4491,Fresh Dairy Butter Stick #4491,51.25,83
4492,Classic Pantry Black Pepper #4492,51.75,86
4493,Original Frozen French Fries #4493,208.99,89
4494,Salted Produce Cavendish #4494,121.25,92
4495,Spicy Meat Chicken Breast #4495,965.50,95
4496,Deluxe Bath Bar Soap #4496,211.49,98
4497,Imported Clean Sponge Pack #4497,327.25,6
4498,Natural Office Eraser #4498,74.25,9
4499,Organic Tech Wireless Mouse #4499,191.99,12
4500,Premium Pet Dog Toy #4500,846.99,15
4501,Roasted Coffee Instant Sachets #4501,245.50,18
4502,Sweet Tea Chamomile Pouch #4502,68.75,21
4503,Light Snack Tortilla Chips #4503,213.25,24
4504,Special Drink Mineral Water 500ml #4504,71.50,27
4505,Local Bakery Donut #4505,219.25,30
4506,Fresh Dairy Cream Cheese #4506,330.75,33
4507,Classic Pantry Vinegar Bottle #4507,482.75,36
4508,Original Frozen Chicken Nuggets #4508,439.25,39
4509,Salted Produce Green Lettuce #4509,47.99,42
4510,Spicy Meat Ground Beef #4510,1490.49,45
4511,Deluxe Bath Shampoo 200ml #4511,222.00,48
4512,Imported Clean Laundry Pod #4512,232.50,51
4513,Natural Office Marker Pen #4513,243.00,54
4514,Organic Tech Keyboard #4514,2002.49,57
4515,Premium Pet Pet Shampoo #4515,526.25,60
4516,Roasted Coffee Decaf Pods #4516,600.00,63
4517,Sweet Tea Matcha Powder #4517,155.49,66
4518,Light Snack Pretzel Sticks #4518,201.50,69
4519,Special Drink Soda Can 330ml #4519,138.50,72
4520,Local Bakery Sourdough Loaf #4520,39.00,75
4521,Fresh Dairy Whipping Cream #4521,179.75,78
4522,Classic Pantry Tomato Sauce #4522,422.00,81
4523,Original Frozen Fish Fillet #4523,434.50,84
4524,Salted Produce Cherry Tomato #4524,117.75,87
4525,Spicy Meat Bacon Strips #4525,361.75,90
4526,Deluxe Bath Conditioner 200ml #4526,41.25,93
4527,Imported Clean Dish Soap #4527,356.50,96
4528,Natural Office Ballpen Black #4528,65.49,99
4529,Organic Tech Webcam #4529,1500.25,7
4530,Premium Pet Aquarium Pellets #4530,392.00,10
4531,Roasted Coffee Mocha Mix #4531,593.49,13
4532,Sweet Tea Oolong Tin #4532,436.49,16
4533,Light Snack Cheese Crackers #4533,34.49,19
4534,Special Drink Iced Tea Bottle #4534,47.00,22
4535,Local Bakery Baguette #4535,154.75,25
4536,Fresh Dairy Whole Milk 1L #4536,145.25,28
4537,Classic Pantry Pasta 500g #4537,317.75,31
4538,Original Frozen Veggie Mix #4538,392.00,34
4539,Salted Produce Carrot Pack #4539,59.00,37
4540,Spicy Meat Pork Loin #4540,1351.49,40
4541,Deluxe Bath Body Wash #4541,219.75,43
4542,Imported Clean All-Purpose Spray #4542,137.00,46
4543,Natural Office Notebook A5 #4543,200.75,49
4544,Organic Tech USB-C Cable #4544,664.99,52
4545,Premium Pet Bird Seed #4545,226.75,55
4546,Roasted Coffee Latte Powder #4546,294.25,58
4547,Sweet Tea Earl Grey Box #4547,421.50,61
4548,Light Snack Granola Bar #4548,223.99,64
4549,Special Drink Energy Drink #4549,124.49,67
4550,Local Bakery Croissant #4550,199.49,70
4551,Fresh Dairy Skim Milk 1L #4551,351.75,73
4552,Classic Pantry Olive Oil 500ml #4552,403.50,76
4553,Original Frozen Frozen Dumplings #4553,407.75,79
4554,Salted Produce Sweet Onion #4554,115.99,82
4555,Spicy Meat Sausage Pack #4555,443.50,85
4556,Deluxe Bath Toothpaste #4556,300.00,88
4557,Imported Clean Bleach Bottle #4557,389.75,91
4558,Natural Office Sticky Notes #4558,68.75,94
4559,Organic Tech Phone Charger #4559,1085.25,97
4560,Premium Pet Dog Food 1kg #4560,390.75,5
4561,Roasted Coffee Cappuccino Sticks #4561,229.99,8
4562,Sweet Tea Jasmine Pearls #4562,197.99,11
4563,Light Snack Trail Mix #4563,244.00,14
4564,Special Drink Sports Drink #4564,107.49,17
4565,Local Bakery Cinnamon Roll #4565,206.25,20
4566,Fresh Dairy Greek Yogurt #4566,97.50,23
4567,Classic Pantry Soy Sauce 1L #4567,222.75,26
4568,Original Frozen Frozen Pizza #4568,379.00,29
4569,Salted Produce Garlic Bulb #4569,131.00,32
4570,Spicy Meat Lamb Chops #4570,516.75,35
4571,Deluxe Bath Mouthwash #4571,285.00,38
4572,Imported Clean Floor Wax #4572,406.00,41
4573,Natural Office Highlighter #4573,141.25,44
4574,Organic Tech Earphones #4574,781.49,47
4575,Premium Pet Cat Food 1kg #4575,605.49,50
4576,Roasted Coffee Espresso Beans #4576,550.49,53
4577,Sweet Tea Hibiscus Leaves #4577,152.00,56
4578,Light Snack Popcorn Bag #4578,125.50,59
4579,Special Drink Juice Box #4579,148.75,62
4580,Local Bakery Banana Bread #4580,67.99,65
4581,Fresh Dairy Cheddar Block #4581,114.50,68
4582,Classic Pantry Brown Sugar 1kg #4582,39.50,71
4583,Original Frozen Ice Cream Tub #4583,248.75,74
4584,Salted Produce Red Apple #4584,96.99,77
4585,Spicy Meat Turkey Slice #4585,1129.00,80
4586,Deluxe Bath Deodorant #4586,229.25,83
4587,Imported Clean Glass Cleaner #4587,273.50,86
4588,Natural Office Stapler #4588,223.49,89
4589,Organic Tech Power Bank #4589,2446.49,92
4590,Premium Pet Pet Treats #4590,144.99,95
4591,Roasted Coffee Arabica Grounds #4591,99.75,98
4592,Sweet Tea Green Tea Bags #4592,382.99,6
4593,Light Snack Beef Jerky #4593,150.50,9
4594,Special Drink Coconut Water #4594,124.99,12
4595,Local Bakery Muffin #4595,91.99,15
4596,Fresh Dairy Mozzarella Ball #4596,286.00,18
4597,Classic Pantry Iodized Salt #4597,100.99,21
4598,Original Frozen Frozen Berries #4598,229.50,24
4599,Salted Produce Banana Bunch #4599,127.25,27
4600,Spicy Meat Pork Belly #4600,410.49,30
4601,Deluxe Bath Hand Sanitizer #4601,219.49,33
4602,Imported Clean Trash Bags #4602,90.75,36
4603,Natural Office Tape Roll #4603,110.00,39
4604,Organic Tech HDMI Cable #4604,1260.00,42
4605,Premium Pet Cat Litter #4605,747.00,45
4606,Roasted Coffee Cold Brew Concentrate #4606,224.75,48
4607,Sweet Tea Black Tea Loose #4607,330.50,51
4608,Light Snack Potato Chips #4608,84.49,54
4609,Special Drink Lemonade Bottle #4609,166.25,57
4610,Local Bakery Bagel #4610,185.49,60
4611,Fresh Dairy Butter Stick #4611,53.75,63
4612,Classic Pantry Black Pepper #4612,286.00,66
4613,Original Frozen French Fries #4613,395.49,69
4614,Salted Produce Cavendish #4614,20.49,72
4615,Spicy Meat Chicken Breast #4615,513.00,75
4616,Deluxe Bath Bar Soap #4616,217.00,78
4617,Imported Clean Sponge Pack #4617,171.75,81
4618,Natural Office Eraser #4618,77.75,84
4619,Organic Tech Wireless Mouse #4619,516.75,87
4620,Premium Pet Dog Toy #4620,335.99,90
4621,Roasted Coffee Instant Sachets #4621,497.50,93
4622,Sweet Tea Chamomile Pouch #4622,366.49,96
4623,Light Snack Tortilla Chips #4623,83.49,99
4624,Special Drink Mineral Water 500ml #4624,78.75,7
4625,Local Bakery Donut #4625,47.25,10
4626,Fresh Dairy Cream Cheese #4626,346.25,13
4627,Classic Pantry Vinegar Bottle #4627,277.25,16
4628,Original Frozen Chicken Nuggets #4628,342.00,19
4629,Salted Produce Green Lettuce #4629,57.50,22
4630,Spicy Meat Ground Beef #4630,1318.00,25
4631,Deluxe Bath Shampoo 200ml #4631,106.75,28
4632,Imported Clean Laundry Pod #4632,307.99,31
4633,Natural Office Marker Pen #4633,111.25,34
4634,Organic Tech Keyboard #4634,2354.50,37
4635,Premium Pet Pet Shampoo #4635,171.50,40
4636,Roasted Coffee Decaf Pods #4636,171.50,43
4637,Sweet Tea Matcha Powder #4637,106.49,46
4638,Light Snack Pretzel Sticks #4638,86.00,49
4639,Special Drink Soda Can 330ml #4639,152.75,52
4640,Local Bakery Sourdough Loaf #4640,124.25,55
4641,Fresh Dairy Whipping Cream #4641,179.00,58
4642,Classic Pantry Tomato Sauce #4642,202.75,61
4643,Original Frozen Fish Fillet #4643,462.50,64
4644,Salted Produce Cherry Tomato #4644,112.49,67
4645,Spicy Meat Bacon Strips #4645,508.99,70
4646,Deluxe Bath Conditioner 200ml #4646,139.75,73
4647,Imported Clean Dish Soap #4647,417.99,76
4648,Natural Office Ballpen Black #4648,30.75,79
4649,Organic Tech Webcam #4649,840.49,82
4650,Premium Pet Aquarium Pellets #4650,439.99,85
4651,Roasted Coffee Mocha Mix #4651,436.50,88
4652,Sweet Tea Oolong Tin #4652,290.25,91
4653,Light Snack Cheese Crackers #4653,63.00,94
4654,Special Drink Iced Tea Bottle #4654,108.75,97
4655,Local Bakery Baguette #4655,167.25,5
4656,Fresh Dairy Whole Milk 1L #4656,276.25,8
4657,Classic Pantry Pasta 500g #4657,127.49,11
4658,Original Frozen Veggie Mix #4658,425.25,14
4659,Salted Produce Carrot Pack #4659,147.75,17
4660,Spicy Meat Pork Loin #4660,952.25,20
4661,Deluxe Bath Body Wash #4661,101.50,23
4662,Imported Clean All-Purpose Spray #4662,141.25,26
4663,Natural Office Notebook A5 #4663,90.49,29
4664,Organic Tech USB-C Cable #4664,1294.25,32
4665,Premium Pet Bird Seed #4665,148.00,35
4666,Roasted Coffee Latte Powder #4666,154.75,38
4667,Sweet Tea Earl Grey Box #4667,235.25,41
4668,Light Snack Granola Bar #4668,138.50,44
4669,Special Drink Energy Drink #4669,27.25,47
4670,Local Bakery Croissant #4670,130.99,50
4671,Fresh Dairy Skim Milk 1L #4671,59.00,53
4672,Classic Pantry Olive Oil 500ml #4672,400.75,56
4673,Original Frozen Frozen Dumplings #4673,604.75,59
4674,Salted Produce Sweet Onion #4674,118.99,62
4675,Spicy Meat Sausage Pack #4675,1077.49,65
4676,Deluxe Bath Toothpaste #4676,58.50,68
4677,Imported Clean Bleach Bottle #4677,119.99,71
4678,Natural Office Sticky Notes #4678,244.50,74
4679,Organic Tech Phone Charger #4679,674.25,77
4680,Premium Pet Dog Food 1kg #4680,379.00,80
4681,Roasted Coffee Cappuccino Sticks #4681,643.49,83
4682,Sweet Tea Jasmine Pearls #4682,400.49,86
4683,Light Snack Trail Mix #4683,167.75,89
4684,Special Drink Sports Drink #4684,39.25,92
4685,Local Bakery Cinnamon Roll #4685,96.75,95
4686,Fresh Dairy Greek Yogurt #4686,283.50,98
4687,Classic Pantry Soy Sauce 1L #4687,382.99,6
4688,Original Frozen Frozen Pizza #4688,388.75,9
4689,Salted Produce Garlic Bulb #4689,162.50,12
4690,Spicy Meat Lamb Chops #4690,1475.99,15
4691,Deluxe Bath Mouthwash #4691,284.25,18
4692,Imported Clean Floor Wax #4692,358.75,21
4693,Natural Office Highlighter #4693,19.50,24
4694,Organic Tech Earphones #4694,1702.75,27
4695,Premium Pet Cat Food 1kg #4695,243.50,30
4696,Roasted Coffee Espresso Beans #4696,392.50,33
4697,Sweet Tea Hibiscus Leaves #4697,392.75,36
4698,Light Snack Popcorn Bag #4698,207.25,39
4699,Special Drink Juice Box #4699,84.75,42
4700,Local Bakery Banana Bread #4700,93.50,45
4701,Fresh Dairy Cheddar Block #4701,311.49,48
4702,Classic Pantry Brown Sugar 1kg #4702,211.50,51
4703,Original Frozen Ice Cream Tub #4703,301.25,54
4704,Salted Produce Red Apple #4704,40.99,57
4705,Spicy Meat Turkey Slice #4705,754.50,60
4706,Deluxe Bath Deodorant #4706,88.99,63
4707,Imported Clean Glass Cleaner #4707,145.50,66
4708,Natural Office Stapler #4708,52.00,69
4709,Organic Tech Power Bank #4709,2394.50,72
4710,Premium Pet Pet Treats #4710,664.25,75
4711,Roasted Coffee Arabica Grounds #4711,442.50,78
4712,Sweet Tea Green Tea Bags #4712,469.25,81
4713,Light Snack Beef Jerky #4713,231.49,84
4714,Special Drink Coconut Water #4714,40.49,87
4715,Local Bakery Muffin #4715,135.99,90
4716,Fresh Dairy Mozzarella Ball #4716,394.00,93
4717,Classic Pantry Iodized Salt #4717,62.75,96
4718,Original Frozen Frozen Berries #4718,288.50,99
4719,Salted Produce Banana Bunch #4719,73.25,7
4720,Spicy Meat Pork Belly #4720,675.49,10
4721,Deluxe Bath Hand Sanitizer #4721,346.50,13
4722,Imported Clean Trash Bags #4722,237.49,16
4723,Natural Office Tape Roll #4723,113.49,19
4724,Organic Tech HDMI Cable #4724,730.00,22
4725,Premium Pet Cat Litter #4725,502.75,25
4726,Roasted Coffee Cold Brew Concentrate #4726,500.00,28
4727,Sweet Tea Black Tea Loose #4727,467.25,31
4728,Light Snack Potato Chips #4728,38.50,34
4729,Special Drink Lemonade Bottle #4729,76.00,37
4730,Local Bakery Bagel #4730,54.49,40
4731,Fresh Dairy Butter Stick #4731,177.50,43
4732,Classic Pantry Black Pepper #4732,57.50,46
4733,Original Frozen French Fries #4733,359.50,49
4734,Salted Produce Cavendish #4734,71.50,52
4735,Spicy Meat Chicken Breast #4735,167.49,55
4736,Deluxe Bath Bar Soap #4736,260.25,58
4737,Imported Clean Sponge Pack #4737,102.25,61
4738,Natural Office Eraser #4738,99.50,64
4739,Organic Tech Wireless Mouse #4739,1420.49,67
4740,Premium Pet Dog Toy #4740,475.75,70
4741,Roasted Coffee Instant Sachets #4741,245.50,73
4742,Sweet Tea Chamomile Pouch #4742,80.99,76
4743,Light Snack Tortilla Chips #4743,146.99,79
4744,Special Drink Mineral Water 500ml #4744,73.50,82
4745,Local Bakery Donut #4745,175.25,85
4746,Fresh Dairy Cream Cheese #4746,76.00,88
4747,Classic Pantry Vinegar Bottle #4747,322.99,91
4748,Original Frozen Chicken Nuggets #4748,342.75,94
4749,Salted Produce Green Lettuce #4749,177.75,97
4750,Spicy Meat Ground Beef #4750,1161.49,5
4751,Deluxe Bath Shampoo 200ml #4751,332.49,8
4752,Imported Clean Laundry Pod #4752,132.25,11
4753,Natural Office Marker Pen #4753,91.25,14
4754,Organic Tech Keyboard #4754,1107.99,17
4755,Premium Pet Pet Shampoo #4755,592.99,20
4756,Roasted Coffee Decaf Pods #4756,259.49,23
4757,Sweet Tea Matcha Powder #4757,142.99,26
4758,Light Snack Pretzel Sticks #4758,237.00,29
4759,Special Drink Soda Can 330ml #4759,98.25,32
4760,Local Bakery Sourdough Loaf #4760,104.50,35
4761,Fresh Dairy Whipping Cream #4761,89.00,38
4762,Classic Pantry Tomato Sauce #4762,130.99,41
4763,Original Frozen Fish Fillet #4763,552.25,44
4764,Salted Produce Cherry Tomato #4764,98.75,47
4765,Spicy Meat Bacon Strips #4765,990.75,50
4766,Deluxe Bath Conditioner 200ml #4766,249.00,53
4767,Imported Clean Dish Soap #4767,130.50,56
4768,Natural Office Ballpen Black #4768,22.75,59
4769,Organic Tech Webcam #4769,2266.99,62
4770,Premium Pet Aquarium Pellets #4770,792.75,65
4771,Roasted Coffee Mocha Mix #4771,578.25,68
4772,Sweet Tea Oolong Tin #4772,283.00,71
4773,Light Snack Cheese Crackers #4773,73.99,74
4774,Special Drink Iced Tea Bottle #4774,77.25,77
4775,Local Bakery Baguette #4775,83.49,80
4776,Fresh Dairy Whole Milk 1L #4776,276.99,83
4777,Classic Pantry Pasta 500g #4777,264.49,86
4778,Original Frozen Veggie Mix #4778,322.99,89
4779,Salted Produce Carrot Pack #4779,51.75,92
4780,Spicy Meat Pork Loin #4780,924.49,95
4781,Deluxe Bath Body Wash #4781,171.75,98
4782,Imported Clean All-Purpose Spray #4782,358.00,6
4783,Natural Office Notebook A5 #4783,111.25,9
4784,Organic Tech USB-C Cable #4784,1502.75,12
4785,Premium Pet Bird Seed #4785,101.00,15
4786,Roasted Coffee Latte Powder #4786,429.75,18
4787,Sweet Tea Earl Grey Box #4787,360.75,21
4788,Light Snack Granola Bar #4788,32.99,24
4789,Special Drink Energy Drink #4789,36.49,27
4790,Local Bakery Croissant #4790,27.75,30
4791,Fresh Dairy Skim Milk 1L #4791,394.25,33
4792,Classic Pantry Olive Oil 500ml #4792,328.49,36
4793,Original Frozen Frozen Dumplings #4793,161.99,39
4794,Salted Produce Sweet Onion #4794,61.75,42
4795,Spicy Meat Sausage Pack #4795,382.99,45
4796,Deluxe Bath Toothpaste #4796,67.75,48
4797,Imported Clean Bleach Bottle #4797,388.99,51
4798,Natural Office Sticky Notes #4798,37.25,54
4799,Organic Tech Phone Charger #4799,1973.75,57
4800,Premium Pet Dog Food 1kg #4800,345.99,60
4801,Roasted Coffee Cappuccino Sticks #4801,141.75,63
4802,Sweet Tea Jasmine Pearls #4802,338.49,66
4803,Light Snack Trail Mix #4803,67.99,69
4804,Special Drink Sports Drink #4804,115.49,72
4805,Local Bakery Cinnamon Roll #4805,106.00,75
4806,Fresh Dairy Greek Yogurt #4806,215.49,78
4807,Classic Pantry Soy Sauce 1L #4807,255.50,81
4808,Original Frozen Frozen Pizza #4808,85.99,84
4809,Salted Produce Garlic Bulb #4809,172.00,87
4810,Spicy Meat Lamb Chops #4810,121.49,90
4811,Deluxe Bath Mouthwash #4811,329.00,93
4812,Imported Clean Floor Wax #4812,250.25,96
4813,Natural Office Highlighter #4813,219.99,99
4814,Organic Tech Earphones #4814,1625.00,7
4815,Premium Pet Cat Food 1kg #4815,925.25,10
4816,Roasted Coffee Espresso Beans #4816,500.50,13
4817,Sweet Tea Hibiscus Leaves #4817,247.00,16
4818,Light Snack Popcorn Bag #4818,238.00,19
4819,Special Drink Juice Box #4819,75.00,22
4820,Local Bakery Banana Bread #4820,206.99,25
4821,Fresh Dairy Cheddar Block #4821,380.75,28
4822,Classic Pantry Brown Sugar 1kg #4822,228.75,31
4823,Original Frozen Ice Cream Tub #4823,529.75,34
4824,Salted Produce Red Apple #4824,150.25,37
4825,Spicy Meat Turkey Slice #4825,963.49,40
4826,Deluxe Bath Deodorant #4826,43.00,43
4827,Imported Clean Glass Cleaner #4827,207.25,46
4828,Natural Office Stapler #4828,71.50,49
4829,Organic Tech Power Bank #4829,1544.25,52
4830,Premium Pet Pet Treats #4830,330.50,55
4831,Roasted Coffee Arabica Grounds #4831,117.99,58
4832,Sweet Tea Green Tea Bags #4832,493.99,61
4833,Light Snack Beef Jerky #4833,154.00,64
4834,Special Drink Coconut Water #4834,20.00,67
4835,Local Bakery Muffin #4835,76.75,70
4836,Fresh Dairy Mozzarella Ball #4836,336.99,73
4837,Classic Pantry Iodized Salt #4837,213.75,76
4838,Original Frozen Frozen Berries #4838,189.49,79
4839,Salted Produce Banana Bunch #4839,30.25,82
4840,Spicy Meat Pork Belly #4840,327.00,85
4841,Deluxe Bath Hand Sanitizer #4841,232.25,88
4842,Imported Clean Trash Bags #4842,127.25,91
4843,Natural Office Tape Roll #4843,94.49,94
4844,Organic Tech HDMI Cable #4844,2451.00,97
4845,Premium Pet Cat Litter #4845,224.75,5
4846,Roasted Coffee Cold Brew Concentrate #4846,359.49,8
4847,Sweet Tea Black Tea Loose #4847,259.00,11
4848,Light Snack Potato Chips #4848,86.25,14
4849,Special Drink Lemonade Bottle #4849,119.99,17
4850,Local Bakery Bagel #4850,54.25,20
4851,Fresh Dairy Butter Stick #4851,302.99,23
4852,Classic Pantry Black Pepper #4852,89.25,26
4853,Original Frozen French Fries #4853,481.50,29
4854,Salted Produce Cavendish #4854,31.50,32
4855,Spicy Meat Chicken Breast #4855,694.99,35
4856,Deluxe Bath Bar Soap #4856,316.00,38
4857,Imported Clean Sponge Pack #4857,171.25,41
4858,Natural Office Eraser #4858,112.25,44
4859,Organic Tech Wireless Mouse #4859,1988.50,47
4860,Premium Pet Dog Toy #4860,537.75,50
4861,Roasted Coffee Instant Sachets #4861,493.49,53
4862,Sweet Tea Chamomile Pouch #4862,160.49,56
4863,Light Snack Tortilla Chips #4863,136.00,59
4864,Special Drink Mineral Water 500ml #4864,74.49,62
4865,Local Bakery Donut #4865,212.75,65
4866,Fresh Dairy Cream Cheese #4866,254.25,68
4867,Classic Pantry Vinegar Bottle #4867,196.99,71
4868,Original Frozen Chicken Nuggets #4868,146.25,74
4869,Salted Produce Green Lettuce #4869,76.25,77
4870,Spicy Meat Ground Beef #4870,1270.49,80
4871,Deluxe Bath Shampoo 200ml #4871,187.99,83
4872,Imported Clean Laundry Pod #4872,268.25,86
4873,Natural Office Marker Pen #4873,104.50,89
4874,Organic Tech Keyboard #4874,2260.49,92
4875,Premium Pet Pet Shampoo #4875,875.50,95
4876,Roasted Coffee Decaf Pods #4876,357.75,98
4877,Sweet Tea Matcha Powder #4877,341.75,6
4878,Light Snack Pretzel Sticks #4878,95.75,9
4879,Special Drink Soda Can 330ml #4879,56.00,12
4880,Local Bakery Sourdough Loaf #4880,165.49,15
4881,Fresh Dairy Whipping Cream #4881,385.50,18
4882,Classic Pantry Tomato Sauce #4882,391.99,21
4883,Original Frozen Fish Fillet #4883,168.49,24
4884,Salted Produce Cherry Tomato #4884,64.25,27
4885,Spicy Meat Bacon Strips #4885,251.50,30
4886,Deluxe Bath Conditioner 200ml #4886,216.50,33
4887,Imported Clean Dish Soap #4887,316.99,36
4888,Natural Office Ballpen Black #4888,106.00,39
4889,Organic Tech Webcam #4889,1110.75,42
4890,Premium Pet Aquarium Pellets #4890,393.99,45
4891,Roasted Coffee Mocha Mix #4891,246.25,48
4892,Sweet Tea Oolong Tin #4892,116.99,51
4893,Light Snack Cheese Crackers #4893,73.75,54
4894,Special Drink Iced Tea Bottle #4894,132.99,57
4895,Local Bakery Baguette #4895,217.49,60
4896,Fresh Dairy Whole Milk 1L #4896,287.00,63
4897,Classic Pantry Pasta 500g #4897,295.50,66
4898,Original Frozen Veggie Mix #4898,511.49,69
4899,Salted Produce Carrot Pack #4899,103.00,72
4900,Spicy Meat Pork Loin #4900,1418.00,75
4901,Deluxe Bath Body Wash #4901,100.00,78
4902,Imported Clean All-Purpose Spray #4902,63.25,81
4903,Natural Office Notebook A5 #4903,81.99,84
4904,Organic Tech USB-C Cable #4904,1272.49,87
4905,Premium Pet Bird Seed #4905,302.99,90
4906,Roasted Coffee Latte Powder #4906,226.75,93
4907,Sweet Tea Earl Grey Box #4907,172.25,96
4908,Light Snack Granola Bar #4908,176.25,99
4909,Special Drink Energy Drink #4909,80.25,7
4910,Local Bakery Croissant #4910,146.49,10
4911,Fresh Dairy Skim Milk 1L #4911,164.99,13
4912,Classic Pantry Olive Oil 500ml #4912,138.49,16
4913,Original Frozen Frozen Dumplings #4913,409.75,19
4914,Salted Produce Sweet Onion #4914,161.00,22
4915,Spicy Meat Sausage Pack #4915,979.99,25
4916,Deluxe Bath Toothpaste #4916,262.75,28
4917,Imported Clean Bleach Bottle #4917,133.25,31
4918,Natural Office Sticky Notes #4918,40.00,34
4919,Organic Tech Phone Charger #4919,1081.75,37
4920,Premium Pet Dog Food 1kg #4920,668.00,40
4921,Roasted Coffee Cappuccino Sticks #4921,426.25,43
4922,Sweet Tea Jasmine Pearls #4922,368.75,46
4923,Light Snack Trail Mix #4923,216.00,49
4924,Special Drink Sports Drink #4924,45.25,52
4925,Local Bakery Cinnamon Roll #4925,129.49,55
4926,Fresh Dairy Greek Yogurt #4926,63.49,58
4927,Classic Pantry Soy Sauce 1L #4927,252.99,61
4928,Original Frozen Frozen Pizza #4928,620.50,64
4929,Salted Produce Garlic Bulb #4929,112.99,67
4930,Spicy Meat Lamb Chops #4930,420.50,70
4931,Deluxe Bath Mouthwash #4931,175.75,73
4932,Imported Clean Floor Wax #4932,383.50,76
4933,Natural Office Highlighter #4933,222.50,79
4934,Organic Tech Earphones #4934,531.49,82
4935,Premium Pet Cat Food 1kg #4935,128.00,85
4936,Roasted Coffee Espresso Beans #4936,529.75,88
4937,Sweet Tea Hibiscus Leaves #4937,333.99,91
4938,Light Snack Popcorn Bag #4938,148.50,94
4939,Special Drink Juice Box #4939,105.75,97
4940,Local Bakery Banana Bread #4940,169.25,5
4941,Fresh Dairy Cheddar Block #4941,203.50,8
4942,Classic Pantry Brown Sugar 1kg #4942,459.00,11
4943,Original Frozen Ice Cream Tub #4943,608.75,14
4944,Salted Produce Red Apple #4944,61.49,17
4945,Spicy Meat Turkey Slice #4945,1121.50,20
4946,Deluxe Bath Deodorant #4946,43.75,23
4947,Imported Clean Glass Cleaner #4947,215.00,26
4948,Natural Office Stapler #4948,78.25,29
4949,Organic Tech Power Bank #4949,1307.99,32
4950,Premium Pet Pet Treats #4950,877.75,35
4951,Roasted Coffee Arabica Grounds #4951,522.25,38
4952,Sweet Tea Green Tea Bags #4952,220.99,41
4953,Light Snack Beef Jerky #4953,203.00,44
4954,Special Drink Coconut Water #4954,66.50,47
4955,Local Bakery Muffin #4955,81.75,50
4956,Fresh Dairy Mozzarella Ball #4956,375.25,53
4957,Classic Pantry Iodized Salt #4957,98.49,56
4958,Original Frozen Frozen Berries #4958,202.75,59
4959,Salted Produce Banana Bunch #4959,58.50,62
4960,Spicy Meat Pork Belly #4960,549.99,65
4961,Deluxe Bath Hand Sanitizer #4961,176.50,68
4962,Imported Clean Trash Bags #4962,69.49,71
4963,Natural Office Tape Roll #4963,199.00,74
4964,Organic Tech HDMI Cable #4964,1176.49,77
4965,Premium Pet Cat Litter #4965,551.99,80
4966,Roasted Coffee Cold Brew Concentrate #4966,335.00,83
4967,Sweet Tea Black Tea Loose #4967,367.49,86
4968,Light Snack Potato Chips #4968,91.99,89
4969,Special Drink Lemonade Bottle #4969,175.75,92
4970,Local Bakery Bagel #4970,141.49,95
4971,Fresh Dairy Butter Stick #4971,205.50,98
4972,Classic Pantry Black Pepper #4972,290.75,6
4973,Original Frozen French Fries #4973,568.99,9
4974,Salted Produce Cavendish #4974,71.00,12
4975,Spicy Meat Chicken Breast #4975,500.25,15
4976,Deluxe Bath Bar Soap #4976,74.99,18
4977,Imported Clean Sponge Pack #4977,108.25,21
4978,Natural Office Eraser #4978,169.75,24
4979,Organic Tech Wireless Mouse #4979,1467.50,27
4980,Premium Pet Dog Toy #4980,893.49,30
4981,Roasted Coffee Instant Sachets #4981,531.00,33
4982,Sweet Tea Chamomile Pouch #4982,296.25,36
4983,Light Snack Tortilla Chips #4983,50.00,39
4984,Special Drink Mineral Water 500ml #4984,39.99,42
4985,Local Bakery Donut #4985,76.25,45
4986,Fresh Dairy Cream Cheese #4986,378.99,48
4987,Classic Pantry Vinegar Bottle #4987,37.75,51
4988,Original Frozen Chicken Nuggets #4988,94.25,54
4989,Salted Produce Green Lettuce #4989,166.99,57
4990,Spicy Meat Ground Beef #4990,656.50,60
4991,Deluxe Bath Shampoo 200ml #4991,90.75,63
4992,Imported Clean Laundry Pod #4992,321.25,66
4993,Natural Office Marker Pen #4993,217.99,69
4994,Organic Tech Keyboard #4994,1176.25,72
4995,Premium Pet Pet Shampoo #4995,380.00,75
4996,Roasted Coffee Decaf Pods #4996,180.99,78
4997,Sweet Tea Matcha Powder #4997,321.00,81
4998,Light Snack Pretzel Sticks #4998,135.25,84
4999,Special Drink Soda Can 330ml #4999,47.25,87
5000,Local Bakery Sourdough Loaf #5000,199.99,90
5001,Fresh Dairy Whipping Cream #5001,394.50,93
5002,Classic Pantry Tomato Sauce #5002,294.50,96
5003,Original Frozen Fish Fillet #5003,509.75,99
5004,Salted Produce Cherry Tomato #5004,165.00,7
5005,Spicy Meat Bacon Strips #5005,565.49,10
5006,Deluxe Bath Conditioner 200ml #5006,204.50,13
5007,Imported Clean Dish Soap #5007,150.49,16
5008,Natural Office Ballpen Black #5008,199.49,19
5009,Organic Tech Webcam #5009,1637.99,22
5010,Premium Pet Aquarium Pellets #5010,138.25,25
5011,Roasted Coffee Mocha Mix #5011,617.49,28
5012,Sweet Tea Oolong Tin #5012,451.00,31
5013,Light Snack Cheese Crackers #5013,172.50,34
5014,Special Drink Iced Tea Bottle #5014,30.75,37
5015,Local Bakery Baguette #5015,159.75,40
5016,Fresh Dairy Whole Milk 1L #5016,347.25,43
5017,Classic Pantry Pasta 500g #5017,291.99,46
5018,Original Frozen Veggie Mix #5018,263.99,49
5019,Salted Produce Carrot Pack #5019,72.50,52
5020,Spicy Meat Pork Loin #5020,150.99,55
5021,Deluxe Bath Body Wash #5021,66.99,58
5022,Imported Clean All-Purpose Spray #5022,107.25,61
5023,Natural Office Notebook A5 #5023,154.49,64
5024,Organic Tech USB-C Cable #5024,949.50,67
5025,Premium Pet Bird Seed #5025,921.50,70
5026,Roasted Coffee Latte Powder #5026,522.75,73
5027,Sweet Tea Earl Grey Box #5027,150.00,76
5028,Light Snack Granola Bar #5028,34.99,79
5029,Special Drink Energy Drink #5029,159.49,82
5030,Local Bakery Croissant #5030,49.00,85
5031,Fresh Dairy Skim Milk 1L #5031,84.49,88
5032,Classic Pantry Olive Oil 500ml #5032,460.50,91
5033,Original Frozen Frozen Dumplings #5033,472.00,94
5034,Salted Produce Sweet Onion #5034,127.75,97
5035,Spicy Meat Sausage Pack #5035,1043.49,5
5036,Deluxe Bath Toothpaste #5036,69.50,8
5037,Imported Clean Bleach Bottle #5037,160.25,11
5038,Natural Office Sticky Notes #5038,165.25,14
5039,Organic Tech Phone Charger #5039,465.00,17
5040,Premium Pet Dog Food 1kg #5040,245.25,20
5041,Roasted Coffee Cappuccino Sticks #5041,285.49,23
5042,Sweet Tea Jasmine Pearls #5042,199.00,26
5043,Light Snack Trail Mix #5043,150.50,29
5044,Special Drink Sports Drink #5044,111.75,32
5045,Local Bakery Cinnamon Roll #5045,208.50,35
5046,Fresh Dairy Greek Yogurt #5046,129.00,38
5047,Classic Pantry Soy Sauce 1L #5047,103.49,41
5048,Original Frozen Frozen Pizza #5048,445.25,44
5049,Salted Produce Garlic Bulb #5049,157.25,47
5050,Spicy Meat Lamb Chops #5050,520.99,50
5051,Deluxe Bath Mouthwash #5051,256.00,53
5052,Imported Clean Floor Wax #5052,260.25,56
5053,Natural Office Highlighter #5053,105.99,59
5054,Organic Tech Earphones #5054,572.49,62
5055,Premium Pet Cat Food 1kg #5055,639.25,65
5056,Roasted Coffee Espresso Beans #5056,364.49,68
5057,Sweet Tea Hibiscus Leaves #5057,332.49,71
5058,Light Snack Popcorn Bag #5058,242.25,74
5059,Special Drink Juice Box #5059,103.00,77
5060,Local Bakery Banana Bread #5060,77.50,80
5061,Fresh Dairy Cheddar Block #5061,416.00,83
5062,Classic Pantry Brown Sugar 1kg #5062,158.99,86
5063,Original Frozen Ice Cream Tub #5063,278.25,89
5064,Salted Produce Red Apple #5064,52.00,92
5065,Spicy Meat Turkey Slice #5065,1371.50,95
5066,Deluxe Bath Deodorant #5066,144.75,98
5067,Imported Clean Glass Cleaner #5067,271.00,6
5068,Natural Office Stapler #5068,82.75,9
5069,Organic Tech Power Bank #5069,224.49,12
5070,Premium Pet Pet Treats #5070,362.00,15
5071,Roasted Coffee Arabica Grounds #5071,634.49,18
5072,Sweet Tea Green Tea Bags #5072,317.25,21
5073,Light Snack Beef Jerky #5073,182.49,24
5074,Special Drink Coconut Water #5074,93.49,27
5075,Local Bakery Muffin #5075,27.75,30
5076,Fresh Dairy Mozzarella Ball #5076,332.50,33
5077,Classic Pantry Iodized Salt #5077,116.25,36
5078,Original Frozen Frozen Berries #5078,582.50,39
5079,Salted Produce Banana Bunch #5079,28.50,42
5080,Spicy Meat Pork Belly #5080,565.49,45
5081,Deluxe Bath Hand Sanitizer #5081,96.25,48
5082,Imported Clean Trash Bags #5082,305.00,51
5083,Natural Office Tape Roll #5083,216.50,54
5084,Organic Tech HDMI Cable #5084,666.75,57
5085,Premium Pet Cat Litter #5085,256.99,60
5086,Roasted Coffee Cold Brew Concentrate #5086,630.99,63
5087,Sweet Tea Black Tea Loose #5087,315.25,66
5088,Light Snack Potato Chips #5088,35.00,69
5089,Special Drink Lemonade Bottle #5089,137.99,72
5090,Local Bakery Bagel #5090,200.00,75
5091,Fresh Dairy Butter Stick #5091,366.99,78
5092,Classic Pantry Black Pepper #5092,419.50,81
5093,Original Frozen French Fries #5093,175.50,84
5094,Salted Produce Cavendish #5094,51.75,87
5095,Spicy Meat Chicken Breast #5095,323.49,90
5096,Deluxe Bath Bar Soap #5096,42.25,93
5097,Imported Clean Sponge Pack #5097,400.75,96
5098,Natural Office Eraser #5098,145.25,99
5099,Organic Tech Wireless Mouse #5099,1116.75,7
5100,Premium Pet Dog Toy #5100,718.49,10
5101,Roasted Coffee Instant Sachets #5101,285.50,13
5102,Sweet Tea Chamomile Pouch #5102,138.25,16
5103,Light Snack Tortilla Chips #5103,37.49,19
5104,Special Drink Mineral Water 500ml #5104,151.00,22
5105,Local Bakery Donut #5105,119.49,25
5106,Fresh Dairy Cream Cheese #5106,241.99,28
5107,Classic Pantry Vinegar Bottle #5107,367.00,31
5108,Original Frozen Chicken Nuggets #5108,265.50,34
5109,Salted Produce Green Lettuce #5109,37.49,37
5110,Spicy Meat Ground Beef #5110,364.00,40
5111,Deluxe Bath Shampoo 200ml #5111,166.99,43
5112,Imported Clean Laundry Pod #5112,68.75,46
5113,Natural Office Marker Pen #5113,224.75,49
5114,Organic Tech Keyboard #5114,1031.00,52
5115,Premium Pet Pet Shampoo #5115,520.75,55
5116,Roasted Coffee Decaf Pods #5116,548.99,58
5117,Sweet Tea Matcha Powder #5117,289.49,61
5118,Light Snack Pretzel Sticks #5118,131.75,64
5119,Special Drink Soda Can 330ml #5119,51.99,67
5120,Local Bakery Sourdough Loaf #5120,82.99,70
5121,Fresh Dairy Whipping Cream #5121,220.00,73
5122,Classic Pantry Tomato Sauce #5122,110.25,76
5123,Original Frozen Fish Fillet #5123,563.25,79
5124,Salted Produce Cherry Tomato #5124,52.25,82
5125,Spicy Meat Bacon Strips #5125,682.99,85
5126,Deluxe Bath Conditioner 200ml #5126,183.50,88
5127,Imported Clean Dish Soap #5127,328.00,91
5128,Natural Office Ballpen Black #5128,170.00,94
5129,Organic Tech Webcam #5129,2007.00,97
5130,Premium Pet Aquarium Pellets #5130,427.25,5
5131,Roasted Coffee Mocha Mix #5131,67.50,8
5132,Sweet Tea Oolong Tin #5132,292.00,11
5133,Light Snack Cheese Crackers #5133,96.99,14
5134,Special Drink Iced Tea Bottle #5134,137.25,17
5135,Local Bakery Baguette #5135,73.25,20
5136,Fresh Dairy Whole Milk 1L #5136,326.50,23
5137,Classic Pantry Pasta 500g #5137,284.00,26
5138,Original Frozen Veggie Mix #5138,86.50,29
5139,Salted Produce Carrot Pack #5139,16.25,32
5140,Spicy Meat Pork Loin #5140,538.75,35
5141,Deluxe Bath Body Wash #5141,159.50,38
5142,Imported Clean All-Purpose Spray #5142,96.49,41
5143,Natural Office Notebook A5 #5143,240.50,44
5144,Organic Tech USB-C Cable #5144,2424.99,47
5145,Premium Pet Bird Seed #5145,494.99,50
5146,Roasted Coffee Latte Powder #5146,558.99,53
5147,Sweet Tea Earl Grey Box #5147,489.99,56
5148,Light Snack Granola Bar #5148,239.25,59
5149,Special Drink Energy Drink #5149,44.25,62
5150,Local Bakery Croissant #5150,40.49,65
5151,Fresh Dairy Skim Milk 1L #5151,205.25,68
5152,Classic Pantry Olive Oil 500ml #5152,463.49,71
5153,Original Frozen Frozen Dumplings #5153,258.50,74
5154,Salted Produce Sweet Onion #5154,97.00,77
5155,Spicy Meat Sausage Pack #5155,693.25,80
5156,Deluxe Bath Toothpaste #5156,56.25,83
5157,Imported Clean Bleach Bottle #5157,352.00,86
5158,Natural Office Sticky Notes #5158,174.75,89
5159,Organic Tech Phone Charger #5159,1755.00,92
5160,Premium Pet Dog Food 1kg #5160,905.99,95
5161,Roasted Coffee Cappuccino Sticks #5161,456.75,98
5162,Sweet Tea Jasmine Pearls #5162,412.99,6
5163,Light Snack Trail Mix #5163,158.75,9
5164,Special Drink Sports Drink #5164,167.25,12
5165,Local Bakery Cinnamon Roll #5165,69.50,15
5166,Fresh Dairy Greek Yogurt #5166,239.75,18
5167,Classic Pantry Soy Sauce 1L #5167,139.75,21
5168,Original Frozen Frozen Pizza #5168,349.00,24
5169,Salted Produce Garlic Bulb #5169,18.50,27
5170,Spicy Meat Lamb Chops #5170,373.00,30
5171,Deluxe Bath Mouthwash #5171,251.25,33
5172,Imported Clean Floor Wax #5172,154.00,36
5173,Natural Office Highlighter #5173,56.75,39
5174,Organic Tech Earphones #5174,593.75,42
5175,Premium Pet Cat Food 1kg #5175,901.49,45
5176,Roasted Coffee Espresso Beans #5176,474.75,48
5177,Sweet Tea Hibiscus Leaves #5177,271.75,51
5178,Light Snack Popcorn Bag #5178,61.50,54
5179,Special Drink Juice Box #5179,106.50,57
5180,Local Bakery Banana Bread #5180,76.49,60
5181,Fresh Dairy Cheddar Block #5181,67.50,63
5182,Classic Pantry Brown Sugar 1kg #5182,466.99,66
5183,Original Frozen Ice Cream Tub #5183,426.49,69
5184,Salted Produce Red Apple #5184,131.99,72
5185,Spicy Meat Turkey Slice #5185,958.25,75
5186,Deluxe Bath Deodorant #5186,187.49,78
5187,Imported Clean Glass Cleaner #5187,416.99,81
5188,Natural Office Stapler #5188,168.50,84
5189,Organic Tech Power Bank #5189,1646.25,87
5190,Premium Pet Pet Treats #5190,877.25,90
5191,Roasted Coffee Arabica Grounds #5191,511.00,93
5192,Sweet Tea Green Tea Bags #5192,438.49,96
5193,Light Snack Beef Jerky #5193,145.75,99
5194,Special Drink Coconut Water #5194,30.50,7
5195,Local Bakery Muffin #5195,106.00,10
5196,Fresh Dairy Mozzarella Ball #5196,142.75,13
5197,Classic Pantry Iodized Salt #5197,230.49,16
5198,Original Frozen Frozen Berries #5198,336.99,19
5199,Salted Produce Banana Bunch #5199,18.49,22
5200,Spicy Meat Pork Belly #5200,854.99,25
5201,Deluxe Bath Hand Sanitizer #5201,160.75,28
5202,Imported Clean Trash Bags #5202,311.00,31
5203,Natural Office Tape Roll #5203,222.49,34
5204,Organic Tech HDMI Cable #5204,2050.50,37
5205,Premium Pet Cat Litter #5205,456.25,40
5206,Roasted Coffee Cold Brew Concentrate #5206,164.00,43
5207,Sweet Tea Black Tea Loose #5207,323.25,46
5208,Light Snack Potato Chips #5208,61.50,49
5209,Special Drink Lemonade Bottle #5209,135.00,52
5210,Local Bakery Bagel #5210,163.00,55
5211,Fresh Dairy Butter Stick #5211,205.99,58
5212,Classic Pantry Black Pepper #5212,391.25,61
5213,Original Frozen French Fries #5213,564.25,64
5214,Salted Produce Cavendish #5214,156.99,67
5215,Spicy Meat Chicken Breast #5215,1229.49,70
5216,Deluxe Bath Bar Soap #5216,92.99,73
5217,Imported Clean Sponge Pack #5217,159.75,76
5218,Natural Office Eraser #5218,208.00,79
5219,Organic Tech Wireless Mouse #5219,1408.49,82
5220,Premium Pet Dog Toy #5220,414.99,85
5221,Roasted Coffee Instant Sachets #5221,630.99,88
5222,Sweet Tea Chamomile Pouch #5222,408.50,91
5223,Light Snack Tortilla Chips #5223,234.49,94
5224,Special Drink Mineral Water 500ml #5224,73.75,97
5225,Local Bakery Donut #5225,36.00,5
5226,Fresh Dairy Cream Cheese #5226,200.50,8
5227,Classic Pantry Vinegar Bottle #5227,214.99,11
5228,Original Frozen Chicken Nuggets #5228,115.25,14
5229,Salted Produce Green Lettuce #5229,156.49,17
5230,Spicy Meat Ground Beef #5230,194.99,20
5231,Deluxe Bath Shampoo 200ml #5231,109.99,23
5232,Imported Clean Laundry Pod #5232,344.99,26
5233,Natural Office Marker Pen #5233,64.25,29
5234,Organic Tech Keyboard #5234,1375.99,32
5235,Premium Pet Pet Shampoo #5235,321.50,35
5236,Roasted Coffee Decaf Pods #5236,308.00,38
5237,Sweet Tea Matcha Powder #5237,178.49,41
5238,Light Snack Pretzel Sticks #5238,187.50,44
5239,Special Drink Soda Can 330ml #5239,63.75,47
5240,Local Bakery Sourdough Loaf #5240,130.49,50
5241,Fresh Dairy Whipping Cream #5241,284.49,53
5242,Classic Pantry Tomato Sauce #5242,258.50,56
5243,Original Frozen Fish Fillet #5243,411.50,59
5244,Salted Produce Cherry Tomato #5244,40.75,62
5245,Spicy Meat Bacon Strips #5245,1195.00,65
5246,Deluxe Bath Conditioner 200ml #5246,119.49,68
5247,Imported Clean Dish Soap #5247,255.75,71
5248,Natural Office Ballpen Black #5248,33.75,74
5249,Organic Tech Webcam #5249,2439.25,77
5250,Premium Pet Aquarium Pellets #5250,188.00,80
5251,Roasted Coffee Mocha Mix #5251,378.49,83
5252,Sweet Tea Oolong Tin #5252,100.49,86
5253,Light Snack Cheese Crackers #5253,229.25,89
5254,Special Drink Iced Tea Bottle #5254,162.99,92
5255,Local Bakery Baguette #5255,117.25,95
5256,Fresh Dairy Whole Milk 1L #5256,283.99,98
5257,Classic Pantry Pasta 500g #5257,176.00,6
5258,Original Frozen Veggie Mix #5258,218.50,9
5259,Salted Produce Carrot Pack #5259,106.49,12
5260,Spicy Meat Pork Loin #5260,1389.50,15
5261,Deluxe Bath Body Wash #5261,224.49,18
5262,Imported Clean All-Purpose Spray #5262,99.75,21
5263,Natural Office Notebook A5 #5263,136.49,24
5264,Organic Tech USB-C Cable #5264,1779.25,27
5265,Premium Pet Bird Seed #5265,289.75,30
5266,Roasted Coffee Latte Powder #5266,265.25,33
5267,Sweet Tea Earl Grey Box #5267,195.49,36
5268,Light Snack Granola Bar #5268,144.49,39
5269,Special Drink Energy Drink #5269,141.99,42
5270,Local Bakery Croissant #5270,185.49,45
5271,Fresh Dairy Skim Milk 1L #5271,364.25,48
5272,Classic Pantry Olive Oil 500ml #5272,399.00,51
5273,Original Frozen Frozen Dumplings #5273,251.75,54
5274,Salted Produce Sweet Onion #5274,22.75,57
5275,Spicy Meat Sausage Pack #5275,754.99,60
5276,Deluxe Bath Toothpaste #5276,346.25,63
5277,Imported Clean Bleach Bottle #5277,187.25,66
5278,Natural Office Sticky Notes #5278,240.49,69
5279,Organic Tech Phone Charger #5279,887.00,72
5280,Premium Pet Dog Food 1kg #5280,500.50,75
5281,Roasted Coffee Cappuccino Sticks #5281,335.99,78
5282,Sweet Tea Jasmine Pearls #5282,189.75,81
5283,Light Snack Trail Mix #5283,196.99,84
5284,Special Drink Sports Drink #5284,91.99,87
5285,Local Bakery Cinnamon Roll #5285,154.50,90
5286,Fresh Dairy Greek Yogurt #5286,334.00,93
5287,Classic Pantry Soy Sauce 1L #5287,51.75,96
5288,Original Frozen Frozen Pizza #5288,491.00,99
5289,Salted Produce Garlic Bulb #5289,178.25,7
5290,Spicy Meat Lamb Chops #5290,1432.25,10
5291,Deluxe Bath Mouthwash #5291,313.25,13
5292,Imported Clean Floor Wax #5292,174.99,16
5293,Natural Office Highlighter #5293,179.49,19
5294,Organic Tech Earphones #5294,593.50,22
5295,Premium Pet Cat Food 1kg #5295,655.50,25
5296,Roasted Coffee Espresso Beans #5296,384.50,28
5297,Sweet Tea Hibiscus Leaves #5297,147.49,31
5298,Light Snack Popcorn Bag #5298,211.49,34
5299,Special Drink Juice Box #5299,153.75,37
5300,Local Bakery Banana Bread #5300,125.75,40
5301,Fresh Dairy Cheddar Block #5301,379.49,43
5302,Classic Pantry Brown Sugar 1kg #5302,186.25,46
5303,Original Frozen Ice Cream Tub #5303,535.75,49
5304,Salted Produce Red Apple #5304,60.00,52
5305,Spicy Meat Turkey Slice #5305,607.25,55
5306,Deluxe Bath Deodorant #5306,166.75,58
5307,Imported Clean Glass Cleaner #5307,338.25,61
5308,Natural Office Stapler #5308,196.49,64
5309,Organic Tech Power Bank #5309,209.50,67
5310,Premium Pet Pet Treats #5310,138.25,70
5311,Roasted Coffee Arabica Grounds #5311,208.49,73
5312,Sweet Tea Green Tea Bags #5312,367.25,76
5313,Light Snack Beef Jerky #5313,221.00,79
5314,Special Drink Coconut Water #5314,65.50,82
5315,Local Bakery Muffin #5315,58.49,85
5316,Fresh Dairy Mozzarella Ball #5316,192.00,88
5317,Classic Pantry Iodized Salt #5317,373.00,91
5318,Original Frozen Frozen Berries #5318,535.25,94
5319,Salted Produce Banana Bunch #5319,99.75,97
5320,Spicy Meat Pork Belly #5320,451.25,5
5321,Deluxe Bath Hand Sanitizer #5321,44.49,8
5322,Imported Clean Trash Bags #5322,359.75,11
5323,Natural Office Tape Roll #5323,172.25,14
5324,Organic Tech HDMI Cable #5324,2054.99,17
5325,Premium Pet Cat Litter #5325,56.00,20
5326,Roasted Coffee Cold Brew Concentrate #5326,588.25,23
5327,Sweet Tea Black Tea Loose #5327,344.00,26
5328,Light Snack Potato Chips #5328,70.99,29
5329,Special Drink Lemonade Bottle #5329,24.99,32
5330,Local Bakery Bagel #5330,103.50,35
5331,Fresh Dairy Butter Stick #5331,219.49,38
5332,Classic Pantry Black Pepper #5332,430.50,41
5333,Original Frozen French Fries #5333,434.99,44
5334,Salted Produce Cavendish #5334,70.99,47
5335,Spicy Meat Chicken Breast #5335,1433.99,50
5336,Deluxe Bath Bar Soap #5336,186.99,53
5337,Imported Clean Sponge Pack #5337,66.25,56
5338,Natural Office Eraser #5338,168.99,59
5339,Organic Tech Wireless Mouse #5339,2336.75,62
5340,Premium Pet Dog Toy #5340,284.99,65
5341,Roasted Coffee Instant Sachets #5341,105.50,68
5342,Sweet Tea Chamomile Pouch #5342,128.50,71
5343,Light Snack Tortilla Chips #5343,93.75,74
5344,Special Drink Mineral Water 500ml #5344,60.50,77
5345,Local Bakery Donut #5345,50.99,80
5346,Fresh Dairy Cream Cheese #5346,78.50,83
5347,Classic Pantry Vinegar Bottle #5347,347.25,86
5348,Original Frozen Chicken Nuggets #5348,556.99,89
5349,Salted Produce Green Lettuce #5349,98.99,92
5350,Spicy Meat Ground Beef #5350,560.50,95
5351,Deluxe Bath Shampoo 200ml #5351,52.50,98
5352,Imported Clean Laundry Pod #5352,342.50,6
5353,Natural Office Marker Pen #5353,199.99,9
5354,Organic Tech Keyboard #5354,406.49,12
5355,Premium Pet Pet Shampoo #5355,534.75,15
5356,Roasted Coffee Decaf Pods #5356,473.99,18
5357,Sweet Tea Matcha Powder #5357,238.00,21
5358,Light Snack Pretzel Sticks #5358,15.49,24
5359,Special Drink Soda Can 330ml #5359,64.75,27
5360,Local Bakery Sourdough Loaf #5360,72.99,30
5361,Fresh Dairy Whipping Cream #5361,214.50,33
5362,Classic Pantry Tomato Sauce #5362,249.25,36
5363,Original Frozen Fish Fillet #5363,98.75,39
5364,Salted Produce Cherry Tomato #5364,75.50,42
5365,Spicy Meat Bacon Strips #5365,908.00,45
5366,Deluxe Bath Conditioner 200ml #5366,74.00,48
5367,Imported Clean Dish Soap #5367,328.99,51
5368,Natural Office Ballpen Black #5368,75.25,54
5369,Organic Tech Webcam #5369,2295.49,57
5370,Premium Pet Aquarium Pellets #5370,110.00,60
5371,Roasted Coffee Mocha Mix #5371,257.75,63
5372,Sweet Tea Oolong Tin #5372,455.75,66
5373,Light Snack Cheese Crackers #5373,201.00,69
5374,Special Drink Iced Tea Bottle #5374,96.25,72
5375,Local Bakery Baguette #5375,134.75,75
5376,Fresh Dairy Whole Milk 1L #5376,255.50,78
5377,Classic Pantry Pasta 500g #5377,385.49,81
5378,Original Frozen Veggie Mix #5378,401.75,84
5379,Salted Produce Carrot Pack #5379,86.75,87
5380,Spicy Meat Pork Loin #5380,327.75,90
5381,Deluxe Bath Body Wash #5381,310.50,93
5382,Imported Clean All-Purpose Spray #5382,285.25,96
5383,Natural Office Notebook A5 #5383,196.50,99
5384,Organic Tech USB-C Cable #5384,499.25,7
5385,Premium Pet Bird Seed #5385,818.49,10
5386,Roasted Coffee Latte Powder #5386,365.25,13
5387,Sweet Tea Earl Grey Box #5387,95.50,16
5388,Light Snack Granola Bar #5388,156.50,19
5389,Special Drink Energy Drink #5389,139.49,22
5390,Local Bakery Croissant #5390,113.00,25
5391,Fresh Dairy Skim Milk 1L #5391,218.50,28
5392,Classic Pantry Olive Oil 500ml #5392,63.25,31
5393,Original Frozen Frozen Dumplings #5393,225.00,34
5394,Salted Produce Sweet Onion #5394,51.75,37
5395,Spicy Meat Sausage Pack #5395,1329.49,40
5396,Deluxe Bath Toothpaste #5396,145.00,43
5397,Imported Clean Bleach Bottle #5397,244.00,46
5398,Natural Office Sticky Notes #5398,194.49,49
5399,Organic Tech Phone Charger #5399,1704.49,52
5400,Premium Pet Dog Food 1kg #5400,592.00,55
5401,Roasted Coffee Cappuccino Sticks #5401,625.49,58
5402,Sweet Tea Jasmine Pearls #5402,68.99,61
5403,Light Snack Trail Mix #5403,190.25,64
5404,Special Drink Sports Drink #5404,90.99,67
5405,Local Bakery Cinnamon Roll #5405,203.75,70
5406,Fresh Dairy Greek Yogurt #5406,138.00,73
5407,Classic Pantry Soy Sauce 1L #5407,252.99,76
5408,Original Frozen Frozen Pizza #5408,395.25,79
5409,Salted Produce Garlic Bulb #5409,77.50,82
5410,Spicy Meat Lamb Chops #5410,761.75,85
5411,Deluxe Bath Mouthwash #5411,214.50,88
5412,Imported Clean Floor Wax #5412,277.49,91
5413,Natural Office Highlighter #5413,32.49,94
5414,Organic Tech Earphones #5414,619.25,97
5415,Premium Pet Cat Food 1kg #5415,116.25,5
5416,Roasted Coffee Espresso Beans #5416,482.49,8
5417,Sweet Tea Hibiscus Leaves #5417,219.75,11
5418,Light Snack Popcorn Bag #5418,163.25,14
5419,Special Drink Juice Box #5419,156.50,17
5420,Local Bakery Banana Bread #5420,179.75,20
5421,Fresh Dairy Cheddar Block #5421,373.99,23
5422,Classic Pantry Brown Sugar 1kg #5422,125.00,26
5423,Original Frozen Ice Cream Tub #5423,494.49,29
5424,Salted Produce Red Apple #5424,40.49,32
5425,Spicy Meat Turkey Slice #5425,258.49,35
5426,Deluxe Bath Deodorant #5426,246.25,38
5427,Imported Clean Glass Cleaner #5427,113.00,41
5428,Natural Office Stapler #5428,196.75,44
5429,Organic Tech Power Bank #5429,1718.99,47
5430,Premium Pet Pet Treats #5430,251.25,50
5431,Roasted Coffee Arabica Grounds #5431,168.00,53
5432,Sweet Tea Green Tea Bags #5432,88.49,56
5433,Light Snack Beef Jerky #5433,125.50,59
5434,Special Drink Coconut Water #5434,160.75,62
5435,Local Bakery Muffin #5435,56.50,65
5436,Fresh Dairy Mozzarella Ball #5436,148.00,68
5437,Classic Pantry Iodized Salt #5437,54.25,71
5438,Original Frozen Frozen Berries #5438,94.50,74
5439,Salted Produce Banana Bunch #5439,126.00,77
5440,Spicy Meat Pork Belly #5440,273.25,80
5441,Deluxe Bath Hand Sanitizer #5441,136.25,83
5442,Imported Clean Trash Bags #5442,288.50,86
5443,Natural Office Tape Roll #5443,92.75,89
5444,Organic Tech HDMI Cable #5444,1497.75,92
5445,Premium Pet Cat Litter #5445,179.49,95
5446,Roasted Coffee Cold Brew Concentrate #5446,477.99,98
5447,Sweet Tea Black Tea Loose #5447,455.50,6
5448,Light Snack Potato Chips #5448,199.99,9
5449,Special Drink Lemonade Bottle #5449,97.25,12
5450,Local Bakery Bagel #5450,82.00,15
5451,Fresh Dairy Butter Stick #5451,409.49,18
5452,Classic Pantry Black Pepper #5452,377.99,21
5453,Original Frozen French Fries #5453,550.25,24
5454,Salted Produce Cavendish #5454,121.00,27
5455,Spicy Meat Chicken Breast #5455,543.25,30
5456,Deluxe Bath Bar Soap #5456,305.50,33
5457,Imported Clean Sponge Pack #5457,359.99,36
5458,Natural Office Eraser #5458,244.49,39
5459,Organic Tech Wireless Mouse #5459,488.49,42
5460,Premium Pet Dog Toy #5460,776.75,45
5461,Roasted Coffee Instant Sachets #5461,264.00,48
5462,Sweet Tea Chamomile Pouch #5462,59.00,51
5463,Light Snack Tortilla Chips #5463,45.99,54
5464,Special Drink Mineral Water 500ml #5464,149.75,57
5465,Local Bakery Donut #5465,213.25,60
5466,Fresh Dairy Cream Cheese #5466,59.00,63
5467,Classic Pantry Vinegar Bottle #5467,34.75,66
5468,Original Frozen Chicken Nuggets #5468,540.99,69
5469,Salted Produce Green Lettuce #5469,43.50,72
5470,Spicy Meat Ground Beef #5470,202.49,75
5471,Deluxe Bath Shampoo 200ml #5471,275.00,78
5472,Imported Clean Laundry Pod #5472,359.50,81
5473,Natural Office Marker Pen #5473,161.00,84
5474,Organic Tech Keyboard #5474,391.75,87
5475,Premium Pet Pet Shampoo #5475,551.25,90
5476,Roasted Coffee Decaf Pods #5476,614.50,93
5477,Sweet Tea Matcha Powder #5477,129.99,96
5478,Light Snack Pretzel Sticks #5478,227.49,99
5479,Special Drink Soda Can 330ml #5479,167.50,7
5480,Local Bakery Sourdough Loaf #5480,110.99,10
5481,Fresh Dairy Whipping Cream #5481,277.75,13
5482,Classic Pantry Tomato Sauce #5482,163.25,16
5483,Original Frozen Fish Fillet #5483,227.00,19
5484,Salted Produce Cherry Tomato #5484,80.49,22
5485,Spicy Meat Bacon Strips #5485,1167.75,25
5486,Deluxe Bath Conditioner 200ml #5486,305.49,28
5487,Imported Clean Dish Soap #5487,109.49,31
5488,Natural Office Ballpen Black #5488,130.50,34
5489,Organic Tech Webcam #5489,2083.99,37
5490,Premium Pet Aquarium Pellets #5490,135.49,40
5491,Roasted Coffee Mocha Mix #5491,78.25,43
5492,Sweet Tea Oolong Tin #5492,392.75,46
5493,Light Snack Cheese Crackers #5493,139.00,49
5494,Special Drink Iced Tea Bottle #5494,64.25,52
5495,Local Bakery Baguette #5495,173.49,55
5496,Fresh Dairy Whole Milk 1L #5496,234.99,58
5497,Classic Pantry Pasta 500g #5497,66.49,61
5498,Original Frozen Veggie Mix #5498,644.50,64
5499,Salted Produce Carrot Pack #5499,176.99,67
5500,Spicy Meat Pork Loin #5500,1463.75,70
5501,Deluxe Bath Body Wash #5501,46.50,73
5502,Imported Clean All-Purpose Spray #5502,407.25,76
5503,Natural Office Notebook A5 #5503,143.49,79
5504,Organic Tech USB-C Cable #5504,1671.00,82
5505,Premium Pet Bird Seed #5505,266.49,85
5506,Roasted Coffee Latte Powder #5506,269.49,88
5507,Sweet Tea Earl Grey Box #5507,93.49,91
5508,Light Snack Granola Bar #5508,51.75,94
5509,Special Drink Energy Drink #5509,79.99,97
5510,Local Bakery Croissant #5510,155.49,5
5511,Fresh Dairy Skim Milk 1L #5511,229.25,8
5512,Classic Pantry Olive Oil 500ml #5512,402.00,11
5513,Original Frozen Frozen Dumplings #5513,343.50,14
5514,Salted Produce Sweet Onion #5514,79.99,17
5515,Spicy Meat Sausage Pack #5515,684.50,20
5516,Deluxe Bath Toothpaste #5516,319.49,23
5517,Imported Clean Bleach Bottle #5517,282.75,26
5518,Natural Office Sticky Notes #5518,227.00,29
5519,Organic Tech Phone Charger #5519,2317.00,32
5520,Premium Pet Dog Food 1kg #5520,133.99,35
5521,Roasted Coffee Cappuccino Sticks #5521,287.00,38
5522,Sweet Tea Jasmine Pearls #5522,81.00,41
5523,Light Snack Trail Mix #5523,204.75,44
5524,Special Drink Sports Drink #5524,67.50,47
5525,Local Bakery Cinnamon Roll #5525,175.99,50
5526,Fresh Dairy Greek Yogurt #5526,40.25,53
5527,Classic Pantry Soy Sauce 1L #5527,237.99,56
5528,Original Frozen Frozen Pizza #5528,197.00,59
5529,Salted Produce Garlic Bulb #5529,151.49,62
5530,Spicy Meat Lamb Chops #5530,792.49,65
5531,Deluxe Bath Mouthwash #5531,327.00,68
5532,Imported Clean Floor Wax #5532,409.49,71
5533,Natural Office Highlighter #5533,20.00,74
5534,Organic Tech Earphones #5534,493.75,77
5535,Premium Pet Cat Food 1kg #5535,510.50,80
5536,Roasted Coffee Espresso Beans #5536,155.75,83
5537,Sweet Tea Hibiscus Leaves #5537,460.25,86
5538,Light Snack Popcorn Bag #5538,85.00,89
5539,Special Drink Juice Box #5539,133.99,92
5540,Local Bakery Banana Bread #5540,186.25,95
5541,Fresh Dairy Cheddar Block #5541,264.25,98
5542,Classic Pantry Brown Sugar 1kg #5542,485.50,6
5543,Original Frozen Ice Cream Tub #5543,294.00,9
5544,Salted Produce Red Apple #5544,161.49,12
5545,Spicy Meat Turkey Slice #5545,1446.49,15
5546,Deluxe Bath Deodorant #5546,66.75,18
5547,Imported Clean Glass Cleaner #5547,259.50,21
5548,Natural Office Stapler #5548,238.25,24
5549,Organic Tech Power Bank #5549,632.49,27
5550,Premium Pet Pet Treats #5550,502.50,30
5551,Roasted Coffee Arabica Grounds #5551,488.25,33
5552,Sweet Tea Green Tea Bags #5552,424.49,36
5553,Light Snack Beef Jerky #5553,116.25,39
5554,Special Drink Coconut Water #5554,38.25,42
5555,Local Bakery Muffin #5555,71.25,45
5556,Fresh Dairy Mozzarella Ball #5556,143.00,48
5557,Classic Pantry Iodized Salt #5557,328.25,51
5558,Original Frozen Frozen Berries #5558,642.49,54
5559,Salted Produce Banana Bunch #5559,100.99,57
5560,Spicy Meat Pork Belly #5560,409.99,60
5561,Deluxe Bath Hand Sanitizer #5561,188.00,63
5562,Imported Clean Trash Bags #5562,150.49,66
5563,Natural Office Tape Roll #5563,131.75,69
5564,Organic Tech HDMI Cable #5564,952.75,72
5565,Premium Pet Cat Litter #5565,899.25,75
5566,Roasted Coffee Cold Brew Concentrate #5566,159.25,78
5567,Sweet Tea Black Tea Loose #5567,479.50,81
5568,Light Snack Potato Chips #5568,224.49,84
5569,Special Drink Lemonade Bottle #5569,34.75,87
5570,Local Bakery Bagel #5570,70.49,90
5571,Fresh Dairy Butter Stick #5571,89.50,93
5572,Classic Pantry Black Pepper #5572,77.00,96
5573,Original Frozen French Fries #5573,380.50,99
5574,Salted Produce Cavendish #5574,110.00,7
5575,Spicy Meat Chicken Breast #5575,221.99,10
5576,Deluxe Bath Bar Soap #5576,125.49,13
5577,Imported Clean Sponge Pack #5577,198.00,16
5578,Natural Office Eraser #5578,93.25,19
5579,Organic Tech Wireless Mouse #5579,1742.75,22
5580,Premium Pet Dog Toy #5580,752.75,25
5581,Roasted Coffee Instant Sachets #5581,634.49,28
5582,Sweet Tea Chamomile Pouch #5582,320.25,31
5583,Light Snack Tortilla Chips #5583,176.49,34
5584,Special Drink Mineral Water 500ml #5584,43.99,37
5585,Local Bakery Donut #5585,163.50,40
5586,Fresh Dairy Cream Cheese #5586,252.99,43
5587,Classic Pantry Vinegar Bottle #5587,267.00,46
5588,Original Frozen Chicken Nuggets #5588,107.25,49
5589,Salted Produce Green Lettuce #5589,157.99,52
5590,Spicy Meat Ground Beef #5590,396.25,55
5591,Deluxe Bath Shampoo 200ml #5591,319.99,58
5592,Imported Clean Laundry Pod #5592,242.75,61
5593,Natural Office Marker Pen #5593,249.25,64
5594,Organic Tech Keyboard #5594,1950.25,67
5595,Premium Pet Pet Shampoo #5595,145.50,70
5596,Roasted Coffee Decaf Pods #5596,51.00,73
5597,Sweet Tea Matcha Powder #5597,161.75,76
5598,Light Snack Pretzel Sticks #5598,143.75,79
5599,Special Drink Soda Can 330ml #5599,83.25,82
5600,Local Bakery Sourdough Loaf #5600,189.25,85
5601,Fresh Dairy Whipping Cream #5601,119.49,88
5602,Classic Pantry Tomato Sauce #5602,254.25,91
5603,Original Frozen Fish Fillet #5603,291.75,94
5604,Salted Produce Cherry Tomato #5604,33.25,97
5605,Spicy Meat Bacon Strips #5605,1174.00,5
5606,Deluxe Bath Conditioner 200ml #5606,212.50,8
5607,Imported Clean Dish Soap #5607,78.25,11
5608,Natural Office Ballpen Black #5608,25.49,14
5609,Organic Tech Webcam #5609,1057.99,17
5610,Premium Pet Aquarium Pellets #5610,554.25,20
5611,Roasted Coffee Mocha Mix #5611,207.50,23
5612,Sweet Tea Oolong Tin #5612,342.50,26
5613,Light Snack Cheese Crackers #5613,154.50,29
5614,Special Drink Iced Tea Bottle #5614,77.00,32
5615,Local Bakery Baguette #5615,146.25,35
5616,Fresh Dairy Whole Milk 1L #5616,124.49,38
5617,Classic Pantry Pasta 500g #5617,75.50,41
5618,Original Frozen Veggie Mix #5618,399.25,44
5619,Salted Produce Carrot Pack #5619,163.49,47
5620,Spicy Meat Pork Loin #5620,226.50,50
5621,Deluxe Bath Body Wash #5621,81.50,53
5622,Imported Clean All-Purpose Spray #5622,341.25,56
5623,Natural Office Notebook A5 #5623,150.50,59
5624,Organic Tech USB-C Cable #5624,993.00,62
5625,Premium Pet Bird Seed #5625,939.49,65
5626,Roasted Coffee Latte Powder #5626,297.25,68
5627,Sweet Tea Earl Grey Box #5627,282.99,71
5628,Light Snack Granola Bar #5628,107.25,74
5629,Special Drink Energy Drink #5629,90.99,77
5630,Local Bakery Croissant #5630,116.99,80
5631,Fresh Dairy Skim Milk 1L #5631,396.00,83
5632,Classic Pantry Olive Oil 500ml #5632,257.75,86
5633,Original Frozen Frozen Dumplings #5633,620.75,89
5634,Salted Produce Sweet Onion #5634,97.75,92
5635,Spicy Meat Sausage Pack #5635,412.75,95
5636,Deluxe Bath Toothpaste #5636,149.00,98
5637,Imported Clean Bleach Bottle #5637,139.49,6
5638,Natural Office Sticky Notes #5638,150.50,9
5639,Organic Tech Phone Charger #5639,1246.25,12
5640,Premium Pet Dog Food 1kg #5640,178.25,15
5641,Roasted Coffee Cappuccino Sticks #5641,395.25,18
5642,Sweet Tea Jasmine Pearls #5642,413.00,21
5643,Light Snack Trail Mix #5643,147.00,24
5644,Special Drink Sports Drink #5644,109.25,27
5645,Local Bakery Cinnamon Roll #5645,196.25,30
5646,Fresh Dairy Greek Yogurt #5646,207.25,33
5647,Classic Pantry Soy Sauce 1L #5647,318.75,36
5648,Original Frozen Frozen Pizza #5648,114.25,39
5649,Salted Produce Garlic Bulb #5649,103.99,42
5650,Spicy Meat Lamb Chops #5650,474.25,45
5651,Deluxe Bath Mouthwash #5651,269.99,48
5652,Imported Clean Floor Wax #5652,286.49,51
5653,Natural Office Highlighter #5653,36.99,54
5654,Organic Tech Earphones #5654,251.75,57
5655,Premium Pet Cat Food 1kg #5655,853.00,60
5656,Roasted Coffee Espresso Beans #5656,104.49,63
5657,Sweet Tea Hibiscus Leaves #5657,498.99,66
5658,Light Snack Popcorn Bag #5658,20.25,69
5659,Special Drink Juice Box #5659,136.50,72
5660,Local Bakery Banana Bread #5660,213.99,75
5661,Fresh Dairy Cheddar Block #5661,402.00,78
5662,Classic Pantry Brown Sugar 1kg #5662,192.99,81
5663,Original Frozen Ice Cream Tub #5663,642.49,84
5664,Salted Produce Red Apple #5664,69.99,87
5665,Spicy Meat Turkey Slice #5665,908.25,90
5666,Deluxe Bath Deodorant #5666,333.50,93
5667,Imported Clean Glass Cleaner #5667,105.75,96
5668,Natural Office Stapler #5668,212.25,99
5669,Organic Tech Power Bank #5669,366.49,7
5670,Premium Pet Pet Treats #5670,633.99,10
5671,Roasted Coffee Arabica Grounds #5671,609.49,13
5672,Sweet Tea Green Tea Bags #5672,340.50,16
5673,Light Snack Beef Jerky #5673,198.50,19
5674,Special Drink Coconut Water #5674,157.75,22
5675,Local Bakery Muffin #5675,117.00,25
5676,Fresh Dairy Mozzarella Ball #5676,122.50,28
5677,Classic Pantry Iodized Salt #5677,197.50,31
5678,Original Frozen Frozen Berries #5678,367.50,34
5679,Salted Produce Banana Bunch #5679,164.50,37
5680,Spicy Meat Pork Belly #5680,307.75,40
5681,Deluxe Bath Hand Sanitizer #5681,343.00,43
5682,Imported Clean Trash Bags #5682,396.49,46
5683,Natural Office Tape Roll #5683,139.49,49
5684,Organic Tech HDMI Cable #5684,848.99,52
5685,Premium Pet Cat Litter #5685,66.00,55
5686,Roasted Coffee Cold Brew Concentrate #5686,194.49,58
5687,Sweet Tea Black Tea Loose #5687,396.75,61
5688,Light Snack Potato Chips #5688,239.99,64
5689,Special Drink Lemonade Bottle #5689,31.49,67
5690,Local Bakery Bagel #5690,187.25,70
5691,Fresh Dairy Butter Stick #5691,272.75,73
5692,Classic Pantry Black Pepper #5692,457.75,76
5693,Original Frozen French Fries #5693,107.75,79
5694,Salted Produce Cavendish #5694,115.25,82
5695,Spicy Meat Chicken Breast #5695,1137.00,85
5696,Deluxe Bath Bar Soap #5696,262.49,88
5697,Imported Clean Sponge Pack #5697,356.50,91
5698,Natural Office Eraser #5698,108.49,94
5699,Organic Tech Wireless Mouse #5699,1741.75,97
5700,Premium Pet Dog Toy #5700,487.50,5
5701,Roasted Coffee Instant Sachets #5701,306.49,8
5702,Sweet Tea Chamomile Pouch #5702,408.49,11
5703,Light Snack Tortilla Chips #5703,212.00,14
5704,Special Drink Mineral Water 500ml #5704,96.50,17
5705,Local Bakery Donut #5705,173.50,20
5706,Fresh Dairy Cream Cheese #5706,166.75,23
5707,Classic Pantry Vinegar Bottle #5707,117.50,26
5708,Original Frozen Chicken Nuggets #5708,173.50,29
5709,Salted Produce Green Lettuce #5709,165.75,32
5710,Spicy Meat Ground Beef #5710,362.00,35
5711,Deluxe Bath Shampoo 200ml #5711,48.00,38
5712,Imported Clean Laundry Pod #5712,347.75,41
5713,Natural Office Marker Pen #5713,138.75,44
5714,Organic Tech Keyboard #5714,1638.99,47
5715,Premium Pet Pet Shampoo #5715,705.49,50
5716,Roasted Coffee Decaf Pods #5716,115.00,53
5717,Sweet Tea Matcha Powder #5717,200.50,56
5718,Light Snack Pretzel Sticks #5718,177.99,59
5719,Special Drink Soda Can 330ml #5719,86.49,62
5720,Local Bakery Sourdough Loaf #5720,66.25,65
5721,Fresh Dairy Whipping Cream #5721,389.75,68
5722,Classic Pantry Tomato Sauce #5722,53.25,71
5723,Original Frozen Fish Fillet #5723,103.99,74
5724,Salted Produce Cherry Tomato #5724,139.99,77
5725,Spicy Meat Bacon Strips #5725,1121.75,80
5726,Deluxe Bath Conditioner 200ml #5726,333.49,83
5727,Imported Clean Dish Soap #5727,286.00,86
5728,Natural Office Ballpen Black #5728,131.25,89
5729,Organic Tech Webcam #5729,589.00,92
5730,Premium Pet Aquarium Pellets #5730,698.75,95
5731,Roasted Coffee Mocha Mix #5731,564.50,98
5732,Sweet Tea Oolong Tin #5732,159.49,6
5733,Light Snack Cheese Crackers #5733,142.99,9
5734,Special Drink Iced Tea Bottle #5734,32.00,12
5735,Local Bakery Baguette #5735,186.99,15
5736,Fresh Dairy Whole Milk 1L #5736,361.75,18
5737,Classic Pantry Pasta 500g #5737,398.49,21
5738,Original Frozen Veggie Mix #5738,387.49,24
5739,Salted Produce Carrot Pack #5739,37.25,27
5740,Spicy Meat Pork Loin #5740,1097.75,30
5741,Deluxe Bath Body Wash #5741,244.00,33
5742,Imported Clean All-Purpose Spray #5742,100.00,36
5743,Natural Office Notebook A5 #5743,187.49,39
5744,Organic Tech USB-C Cable #5744,245.00,42
5745,Premium Pet Bird Seed #5745,549.00,45
5746,Roasted Coffee Latte Powder #5746,292.49,48
5747,Sweet Tea Earl Grey Box #5747,280.75,51
5748,Light Snack Granola Bar #5748,72.25,54
5749,Special Drink Energy Drink #5749,81.00,57
5750,Local Bakery Croissant #5750,203.00,60
5751,Fresh Dairy Skim Milk 1L #5751,155.00,63
5752,Classic Pantry Olive Oil 500ml #5752,124.50,66
5753,Original Frozen Frozen Dumplings #5753,328.25,69
5754,Salted Produce Sweet Onion #5754,61.49,72
5755,Spicy Meat Sausage Pack #5755,554.49,75
5756,Deluxe Bath Toothpaste #5756,247.49,78
5757,Imported Clean Bleach Bottle #5757,273.49,81
5758,Natural Office Sticky Notes #5758,111.99,84
5759,Organic Tech Phone Charger #5759,1296.50,87
5760,Premium Pet Dog Food 1kg #5760,156.25,90
5761,Roasted Coffee Cappuccino Sticks #5761,637.99,93
5762,Sweet Tea Jasmine Pearls #5762,474.50,96
5763,Light Snack Trail Mix #5763,240.99,99
5764,Special Drink Sports Drink #5764,179.25,7
5765,Local Bakery Cinnamon Roll #5765,147.25,10
5766,Fresh Dairy Greek Yogurt #5766,373.00,13
5767,Classic Pantry Soy Sauce 1L #5767,477.75,16
5768,Original Frozen Frozen Pizza #5768,278.00,19
5769,Salted Produce Garlic Bulb #5769,19.00,22
5770,Spicy Meat Lamb Chops #5770,486.49,25
5771,Deluxe Bath Mouthwash #5771,240.99,28
5772,Imported Clean Floor Wax #5772,271.49,31
5773,Natural Office Highlighter #5773,163.75,34
5774,Organic Tech Earphones #5774,640.49,37
5775,Premium Pet Cat Food 1kg #5775,249.50,40
5776,Roasted Coffee Espresso Beans #5776,428.00,43
5777,Sweet Tea Hibiscus Leaves #5777,351.00,46
5778,Light Snack Popcorn Bag #5778,62.25,49
5779,Special Drink Juice Box #5779,50.25,52
5780,Local Bakery Banana Bread #5780,216.99,55
5781,Fresh Dairy Cheddar Block #5781,89.99,58
5782,Classic Pantry Brown Sugar 1kg #5782,240.49,61
5783,Original Frozen Ice Cream Tub #5783,466.25,64
5784,Salted Produce Red Apple #5784,19.25,67
5785,Spicy Meat Turkey Slice #5785,278.75,70
5786,Deluxe Bath Deodorant #5786,131.75,73
5787,Imported Clean Glass Cleaner #5787,301.75,76
5788,Natural Office Stapler #5788,79.49,79
5789,Organic Tech Power Bank #5789,2143.00,82
5790,Premium Pet Pet Treats #5790,632.00,85
5791,Roasted Coffee Arabica Grounds #5791,437.25,88
5792,Sweet Tea Green Tea Bags #5792,269.50,91
5793,Light Snack Beef Jerky #5793,173.25,94
5794,Special Drink Coconut Water #5794,36.49,97
5795,Local Bakery Muffin #5795,122.50,5
5796,Fresh Dairy Mozzarella Ball #5796,252.99,8
5797,Classic Pantry Iodized Salt #5797,259.50,11
5798,Original Frozen Frozen Berries #5798,98.75,14
5799,Salted Produce Banana Bunch #5799,49.49,17
5800,Spicy Meat Pork Belly #5800,987.25,20
5801,Deluxe Bath Hand Sanitizer #5801,73.99,23
5802,Imported Clean Trash Bags #5802,60.75,26
5803,Natural Office Tape Roll #5803,184.25,29
5804,Organic Tech HDMI Cable #5804,1061.49,32
5805,Premium Pet Cat Litter #5805,319.99,35
5806,Roasted Coffee Cold Brew Concentrate #5806,236.75,38
5807,Sweet Tea Black Tea Loose #5807,228.25,41
5808,Light Snack Potato Chips #5808,156.25,44
5809,Special Drink Lemonade Bottle #5809,175.25,47
5810,Local Bakery Bagel #5810,203.99,50
5811,Fresh Dairy Butter Stick #5811,133.00,53
5812,Classic Pantry Black Pepper #5812,400.00,56
5813,Original Frozen French Fries #5813,524.49,59
5814,Salted Produce Cavendish #5814,109.00,62
5815,Spicy Meat Chicken Breast #5815,376.00,65
5816,Deluxe Bath Bar Soap #5816,249.00,68
5817,Imported Clean Sponge Pack #5817,195.49,71
5818,Natural Office Eraser #5818,165.99,74
5819,Organic Tech Wireless Mouse #5819,675.00,77
5820,Premium Pet Dog Toy #5820,835.49,80
5821,Roasted Coffee Instant Sachets #5821,474.49,83
5822,Sweet Tea Chamomile Pouch #5822,199.49,86
5823,Light Snack Tortilla Chips #5823,38.75,89
5824,Special Drink Mineral Water 500ml #5824,87.50,92
5825,Local Bakery Donut #5825,168.49,95
5826,Fresh Dairy Cream Cheese #5826,204.75,98
5827,Classic Pantry Vinegar Bottle #5827,486.49,6
5828,Original Frozen Chicken Nuggets #5828,640.50,9
5829,Salted Produce Green Lettuce #5829,48.25,12
5830,Spicy Meat Ground Beef #5830,677.25,15
5831,Deluxe Bath Shampoo 200ml #5831,189.00,18
5832,Imported Clean Laundry Pod #5832,307.49,21
5833,Natural Office Marker Pen #5833,230.50,24
5834,Organic Tech Keyboard #5834,891.99,27
5835,Premium Pet Pet Shampoo #5835,304.75,30
5836,Roasted Coffee Decaf Pods #5836,234.49,33
5837,Sweet Tea Matcha Powder #5837,320.49,36
5838,Light Snack Pretzel Sticks #5838,119.00,39
5839,Special Drink Soda Can 330ml #5839,30.99,42
5840,Local Bakery Sourdough Loaf #5840,76.25,45
5841,Fresh Dairy Whipping Cream #5841,158.99,48
5842,Classic Pantry Tomato Sauce #5842,421.25,51
5843,Original Frozen Fish Fillet #5843,354.00,54
5844,Salted Produce Cherry Tomato #5844,89.49,57
5845,Spicy Meat Bacon Strips #5845,482.75,60
5846,Deluxe Bath Conditioner 200ml #5846,53.75,63
5847,Imported Clean Dish Soap #5847,371.25,66
5848,Natural Office Ballpen Black #5848,95.75,69
5849,Organic Tech Webcam #5849,1971.50,72
5850,Premium Pet Aquarium Pellets #5850,624.50,75
5851,Roasted Coffee Mocha Mix #5851,429.75,78
5852,Sweet Tea Oolong Tin #5852,443.25,81
5853,Light Snack Cheese Crackers #5853,223.75,84
5854,Special Drink Iced Tea Bottle #5854,154.00,87
5855,Local Bakery Baguette #5855,185.00,90
5856,Fresh Dairy Whole Milk 1L #5856,204.00,93
5857,Classic Pantry Pasta 500g #5857,389.25,96
5858,Original Frozen Veggie Mix #5858,571.50,99
5859,Salted Produce Carrot Pack #5859,151.49,7
5860,Spicy Meat Pork Loin #5860,629.99,10
5861,Deluxe Bath Body Wash #5861,98.25,13
5862,Imported Clean All-Purpose Spray #5862,161.75,16
5863,Natural Office Notebook A5 #5863,111.75,19
5864,Organic Tech USB-C Cable #5864,879.00,22
5865,Premium Pet Bird Seed #5865,118.49,25
5866,Roasted Coffee Latte Powder #5866,499.49,28
5867,Sweet Tea Earl Grey Box #5867,478.50,31
5868,Light Snack Granola Bar #5868,176.49,34
5869,Special Drink Energy Drink #5869,113.00,37
5870,Local Bakery Croissant #5870,98.75,40
5871,Fresh Dairy Skim Milk 1L #5871,294.25,43
5872,Classic Pantry Olive Oil 500ml #5872,447.00,46
5873,Original Frozen Frozen Dumplings #5873,326.25,49
5874,Salted Produce Sweet Onion #5874,90.00,52
5875,Spicy Meat Sausage Pack #5875,290.49,55
5876,Deluxe Bath Toothpaste #5876,94.50,58
5877,Imported Clean Bleach Bottle #5877,114.99,61
5878,Natural Office Sticky Notes #5878,177.99,64
5879,Organic Tech Phone Charger #5879,2320.75,67
5880,Premium Pet Dog Food 1kg #5880,486.00,70
5881,Roasted Coffee Cappuccino Sticks #5881,639.49,73
5882,Sweet Tea Jasmine Pearls #5882,67.99,76
5883,Light Snack Trail Mix #5883,113.49,79
5884,Special Drink Sports Drink #5884,37.49,82
5885,Local Bakery Cinnamon Roll #5885,80.50,85
5886,Fresh Dairy Greek Yogurt #5886,412.25,88
5887,Classic Pantry Soy Sauce 1L #5887,388.99,91
5888,Original Frozen Frozen Pizza #5888,293.50,94
5889,Salted Produce Garlic Bulb #5889,96.50,97
5890,Spicy Meat Lamb Chops #5890,1060.00,5
5891,Deluxe Bath Mouthwash #5891,148.99,8
5892,Imported Clean Floor Wax #5892,63.49,11
5893,Natural Office Highlighter #5893,34.00,14
5894,Organic Tech Earphones #5894,911.99,17
5895,Premium Pet Cat Food 1kg #5895,496.00,20
5896,Roasted Coffee Espresso Beans #5896,565.00,23
5897,Sweet Tea Hibiscus Leaves #5897,416.50,26
5898,Light Snack Popcorn Bag #5898,79.49,29
5899,Special Drink Juice Box #5899,164.50,32
5900,Local Bakery Banana Bread #5900,103.75,35
5901,Fresh Dairy Cheddar Block #5901,72.25,38
5902,Classic Pantry Brown Sugar 1kg #5902,97.00,41
5903,Original Frozen Ice Cream Tub #5903,111.50,44
5904,Salted Produce Red Apple #5904,148.75,47
5905,Spicy Meat Turkey Slice #5905,868.00,50
5906,Deluxe Bath Deodorant #5906,218.99,53
5907,Imported Clean Glass Cleaner #5907,156.49,56
5908,Natural Office Stapler #5908,114.00,59
5909,Organic Tech Power Bank #5909,631.99,62
5910,Premium Pet Pet Treats #5910,201.99,65
5911,Roasted Coffee Arabica Grounds #5911,75.49,68
5912,Sweet Tea Green Tea Bags #5912,106.75,71
5913,Light Snack Beef Jerky #5913,135.75,74
5914,Special Drink Coconut Water #5914,126.25,77
5915,Local Bakery Muffin #5915,41.25,80
5916,Fresh Dairy Mozzarella Ball #5916,251.75,83
5917,Classic Pantry Iodized Salt #5917,306.75,86
5918,Original Frozen Frozen Berries #5918,546.75,89
5919,Salted Produce Banana Bunch #5919,77.25,92
5920,Spicy Meat Pork Belly #5920,1304.50,95
5921,Deluxe Bath Hand Sanitizer #5921,236.50,98
5922,Imported Clean Trash Bags #5922,177.00,6
5923,Natural Office Tape Roll #5923,18.00,9
5924,Organic Tech HDMI Cable #5924,280.49,12
5925,Premium Pet Cat Litter #5925,277.00,15
5926,Roasted Coffee Cold Brew Concentrate #5926,105.00,18
5927,Sweet Tea Black Tea Loose #5927,77.25,21
5928,Light Snack Potato Chips #5928,194.00,24
5929,Special Drink Lemonade Bottle #5929,92.49,27
5930,Local Bakery Bagel #5930,207.75,30
5931,Fresh Dairy Butter Stick #5931,386.75,33
5932,Classic Pantry Black Pepper #5932,92.75,36
5933,Original Frozen French Fries #5933,225.00,39
5934,Salted Produce Cavendish #5934,154.49,42
5935,Spicy Meat Chicken Breast #5935,1016.49,45
5936,Deluxe Bath Bar Soap #5936,266.25,48
5937,Imported Clean Sponge Pack #5937,283.49,51
5938,Natural Office Eraser #5938,229.25,54
5939,Organic Tech Wireless Mouse #5939,1516.75,57
5940,Premium Pet Dog Toy #5940,577.25,60
5941,Roasted Coffee Instant Sachets #5941,345.50,63
5942,Sweet Tea Chamomile Pouch #5942,498.75,66
5943,Light Snack Tortilla Chips #5943,55.99,69
5944,Special Drink Mineral Water 500ml #5944,161.99,72
5945,Local Bakery Donut #5945,76.49,75
5946,Fresh Dairy Cream Cheese #5946,268.25,78
5947,Classic Pantry Vinegar Bottle #5947,301.75,81
5948,Original Frozen Chicken Nuggets #5948,376.50,84
5949,Salted Produce Green Lettuce #5949,28.00,87
5950,Spicy Meat Ground Beef #5950,1000.75,90
5951,Deluxe Bath Shampoo 200ml #5951,126.50,93
5952,Imported Clean Laundry Pod #5952,296.00,96
5953,Natural Office Marker Pen #5953,102.00,99
5954,Organic Tech Keyboard #5954,1542.99,7
5955,Premium Pet Pet Shampoo #5955,888.25,10
5956,Roasted Coffee Decaf Pods #5956,505.75,13
5957,Sweet Tea Matcha Powder #5957,295.00,16
5958,Light Snack Pretzel Sticks #5958,17.49,19
5959,Special Drink Soda Can 330ml #5959,111.75,22
5960,Local Bakery Sourdough Loaf #5960,64.00,25
5961,Fresh Dairy Whipping Cream #5961,209.49,28
5962,Classic Pantry Tomato Sauce #5962,370.25,31
5963,Original Frozen Fish Fillet #5963,481.50,34
5964,Salted Produce Cherry Tomato #5964,147.00,37
5965,Spicy Meat Bacon Strips #5965,912.00,40
5966,Deluxe Bath Conditioner 200ml #5966,304.00,43
5967,Imported Clean Dish Soap #5967,240.75,46
5968,Natural Office Ballpen Black #5968,155.49,49
5969,Organic Tech Webcam #5969,2242.49,52
5970,Premium Pet Aquarium Pellets #5970,609.75,55
5971,Roasted Coffee Mocha Mix #5971,347.50,58
5972,Sweet Tea Oolong Tin #5972,404.50,61
5973,Light Snack Cheese Crackers #5973,101.99,64
5974,Special Drink Iced Tea Bottle #5974,97.49,67
5975,Local Bakery Baguette #5975,79.75,70
5976,Fresh Dairy Whole Milk 1L #5976,260.49,73
5977,Classic Pantry Pasta 500g #5977,182.50,76
5978,Original Frozen Veggie Mix #5978,280.75,79
5979,Salted Produce Carrot Pack #5979,110.99,82
5980,Spicy Meat Pork Loin #5980,328.99,85
5981,Deluxe Bath Body Wash #5981,46.50,88
5982,Imported Clean All-Purpose Spray #5982,376.50,91
5983,Natural Office Notebook A5 #5983,143.25,94
5984,Organic Tech USB-C Cable #5984,349.49,97
5985,Premium Pet Bird Seed #5985,699.49,5
5986,Roasted Coffee Latte Powder #5986,218.00,8
5987,Sweet Tea Earl Grey Box #5987,131.49,11
5988,Light Snack Granola Bar #5988,217.00,14
5989,Special Drink Energy Drink #5989,89.00,17
5990,Local Bakery Croissant #5990,153.00,20
5991,Fresh Dairy Skim Milk 1L #5991,144.49,23
5992,Classic Pantry Olive Oil 500ml #5992,214.00,26
5993,Original Frozen Frozen Dumplings #5993,404.49,29
5994,Salted Produce Sweet Onion #5994,68.25,32
5995,Spicy Meat Sausage Pack #5995,832.00,35
5996,Deluxe Bath Toothpaste #5996,64.25,38
5997,Imported Clean Bleach Bottle #5997,413.50,41
5998,Natural Office Sticky Notes #5998,110.99,44
5999,Organic Tech Phone Charger #5999,1968.50,47
6000,Premium Pet Dog Food 1kg #6000,310.00,50
6001,Roasted Coffee Cappuccino Sticks #6001,325.75,53
6002,Sweet Tea Jasmine Pearls #6002,63.49,56
6003,Light Snack Trail Mix #6003,41.99,59
6004,Special Drink Sports Drink #6004,120.99,62
6005,Local Bakery Cinnamon Roll #6005,213.50,65
6006,Fresh Dairy Greek Yogurt #6006,85.25,68
6007,Classic Pantry Soy Sauce 1L #6007,68.25,71
6008,Original Frozen Frozen Pizza #6008,449.50,74
6009,Salted Produce Garlic Bulb #6009,89.99,77
6010,Spicy Meat Lamb Chops #6010,589.99,80
6011,Deluxe Bath Mouthwash #6011,344.75,83
6012,Imported Clean Floor Wax #6012,156.49,86
6013,Natural Office Highlighter #6013,111.00,89
6014,Organic Tech Earphones #6014,195.75,92
6015,Premium Pet Cat Food 1kg #6015,115.75,95
6016,Roasted Coffee Espresso Beans #6016,262.99,98
6017,Sweet Tea Hibiscus Leaves #6017,468.25,6
6018,Light Snack Popcorn Bag #6018,27.00,9
6019,Special Drink Juice Box #6019,154.75,12
6020,Local Bakery Banana Bread #6020,79.00,15
6021,Fresh Dairy Cheddar Block #6021,396.00,18
6022,Classic Pantry Brown Sugar 1kg #6022,208.99,21
6023,Original Frozen Ice Cream Tub #6023,338.50,24
6024,Salted Produce Red Apple #6024,94.99,27
6025,Spicy Meat Turkey Slice #6025,1020.99,30
6026,Deluxe Bath Deodorant #6026,107.75,33
6027,Imported Clean Glass Cleaner #6027,114.25,36
6028,Natural Office Stapler #6028,70.75,39
6029,Organic Tech Power Bank #6029,652.25,42
6030,Premium Pet Pet Treats #6030,95.49,45
6031,Roasted Coffee Arabica Grounds #6031,162.25,48
6032,Sweet Tea Green Tea Bags #6032,109.00,51
6033,Light Snack Beef Jerky #6033,47.49,54
6034,Special Drink Coconut Water #6034,62.75,57
6035,Local Bakery Muffin #6035,173.50,60
6036,Fresh Dairy Mozzarella Ball #6036,197.00,63
6037,Classic Pantry Iodized Salt #6037,62.99,66
6038,Original Frozen Frozen Berries #6038,597.25,69
6039,Salted Produce Banana Bunch #6039,38.99,72
6040,Spicy Meat Pork Belly #6040,507.25,75
6041,Deluxe Bath Hand Sanitizer #6041,214.25,78
6042,Imported Clean Trash Bags #6042,308.75,81
6043,Natural Office Tape Roll #6043,239.49,84
6044,Organic Tech HDMI Cable #6044,709.49,87
6045,Premium Pet Cat Litter #6045,892.49,90
6046,Roasted Coffee Cold Brew Concentrate #6046,592.99,93
6047,Sweet Tea Black Tea Loose #6047,49.75,96
6048,Light Snack Potato Chips #6048,22.49,99
6049,Special Drink Lemonade Bottle #6049,58.75,7
6050,Local Bakery Bagel #6050,113.75,10
6051,Fresh Dairy Butter Stick #6051,247.50,13
6052,Classic Pantry Black Pepper #6052,363.00,16
6053,Original Frozen French Fries #6053,443.50,19
6054,Salted Produce Cavendish #6054,179.75,22
6055,Spicy Meat Chicken Breast #6055,727.25,25
6056,Deluxe Bath Bar Soap #6056,217.25,28
6057,Imported Clean Sponge Pack #6057,215.99,31
6058,Natural Office Eraser #6058,36.75,34
6059,Organic Tech Wireless Mouse #6059,2219.25,37
6060,Premium Pet Dog Toy #6060,306.99,40
6061,Roasted Coffee Instant Sachets #6061,196.00,43
6062,Sweet Tea Chamomile Pouch #6062,470.75,46
6063,Light Snack Tortilla Chips #6063,237.75,49
6064,Special Drink Mineral Water 500ml #6064,158.99,52
6065,Local Bakery Donut #6065,130.75,55
6066,Fresh Dairy Cream Cheese #6066,319.99,58
6067,Classic Pantry Vinegar Bottle #6067,366.99,61
6068,Original Frozen Chicken Nuggets #6068,132.49,64
6069,Salted Produce Green Lettuce #6069,57.49,67
6070,Spicy Meat Ground Beef #6070,133.75,70
6071,Deluxe Bath Shampoo 200ml #6071,316.49,73
6072,Imported Clean Laundry Pod #6072,150.25,76
6073,Natural Office Marker Pen #6073,17.49,79
6074,Organic Tech Keyboard #6074,1042.50,82
6075,Premium Pet Pet Shampoo #6075,472.99,85
6076,Roasted Coffee Decaf Pods #6076,638.00,88
6077,Sweet Tea Matcha Powder #6077,380.25,91
6078,Light Snack Pretzel Sticks #6078,147.75,94
6079,Special Drink Soda Can 330ml #6079,50.00,97
6080,Local Bakery Sourdough Loaf #6080,39.49,5
6081,Fresh Dairy Whipping Cream #6081,246.99,8
6082,Classic Pantry Tomato Sauce #6082,201.25,11
6083,Original Frozen Fish Fillet #6083,98.00,14
6084,Salted Produce Cherry Tomato #6084,100.25,17
6085,Spicy Meat Bacon Strips #6085,154.25,20
6086,Deluxe Bath Conditioner 200ml #6086,117.50,23
6087,Imported Clean Dish Soap #6087,272.99,26
6088,Natural Office Ballpen Black #6088,41.49,29
6089,Organic Tech Webcam #6089,1535.00,32
6090,Premium Pet Aquarium Pellets #6090,317.00,35
6091,Roasted Coffee Mocha Mix #6091,99.49,38
6092,Sweet Tea Oolong Tin #6092,147.75,41
6093,Light Snack Cheese Crackers #6093,122.25,44
6094,Special Drink Iced Tea Bottle #6094,178.75,47
6095,Local Bakery Baguette #6095,213.50,50
6096,Fresh Dairy Whole Milk 1L #6096,166.50,53
6097,Classic Pantry Pasta 500g #6097,445.00,56
6098,Original Frozen Veggie Mix #6098,383.00,59
6099,Salted Produce Carrot Pack #6099,81.49,62
6100,Spicy Meat Pork Loin #6100,953.75,65
6101,Deluxe Bath Body Wash #6101,310.50,68
6102,Imported Clean All-Purpose Spray #6102,244.50,71
6103,Natural Office Notebook A5 #6103,26.99,74
6104,Organic Tech USB-C Cable #6104,1072.50,77
6105,Premium Pet Bird Seed #6105,356.50,80
6106,Roasted Coffee Latte Powder #6106,142.00,83
6107,Sweet Tea Earl Grey Box #6107,293.00,86
6108,Light Snack Granola Bar #6108,31.75,89
6109,Special Drink Energy Drink #6109,143.25,92
6110,Local Bakery Croissant #6110,161.75,95
6111,Fresh Dairy Skim Milk 1L #6111,101.99,98
6112,Classic Pantry Olive Oil 500ml #6112,419.99,6
6113,Original Frozen Frozen Dumplings #6113,135.99,9
6114,Salted Produce Sweet Onion #6114,172.50,12
6115,Spicy Meat Sausage Pack #6115,519.75,15
6116,Deluxe Bath Toothpaste #6116,277.25,18
6117,Imported Clean Bleach Bottle #6117,269.50,21
6118,Natural Office Sticky Notes #6118,65.00,24
6119,Organic Tech Phone Charger #6119,1911.75,27
6120,Premium Pet Dog Food 1kg #6120,622.99,30
6121,Roasted Coffee Cappuccino Sticks #6121,96.50,33
6122,Sweet Tea Jasmine Pearls #6122,90.50,36
6123,Light Snack Trail Mix #6123,207.75,39
6124,Special Drink Sports Drink #6124,120.99,42
6125,Local Bakery Cinnamon Roll #6125,118.99,45
6126,Fresh Dairy Greek Yogurt #6126,45.49,48
6127,Classic Pantry Soy Sauce 1L #6127,134.25,51
6128,Original Frozen Frozen Pizza #6128,637.00,54
6129,Salted Produce Garlic Bulb #6129,75.49,57
6130,Spicy Meat Lamb Chops #6130,1315.00,60
6131,Deluxe Bath Mouthwash #6131,348.00,63
6132,Imported Clean Floor Wax #6132,254.50,66
6133,Natural Office Highlighter #6133,154.25,69
6134,Organic Tech Earphones #6134,1341.99,72
6135,Premium Pet Cat Food 1kg #6135,100.99,75
6136,Roasted Coffee Espresso Beans #6136,330.50,78
6137,Sweet Tea Hibiscus Leaves #6137,312.25,81
6138,Light Snack Popcorn Bag #6138,58.49,84
6139,Special Drink Juice Box #6139,157.25,87
6140,Local Bakery Banana Bread #6140,126.25,90
6141,Fresh Dairy Cheddar Block #6141,48.49,93
6142,Classic Pantry Brown Sugar 1kg #6142,89.50,96
6143,Original Frozen Ice Cream Tub #6143,349.00,99
6144,Salted Produce Red Apple #6144,175.75,7
6145,Spicy Meat Turkey Slice #6145,698.99,10
6146,Deluxe Bath Deodorant #6146,224.50,13
6147,Imported Clean Glass Cleaner #6147,150.25,16
6148,Natural Office Stapler #6148,205.99,19
6149,Organic Tech Power Bank #6149,763.25,22
6150,Premium Pet Pet Treats #6150,326.75,25
6151,Roasted Coffee Arabica Grounds #6151,200.00,28
6152,Sweet Tea Green Tea Bags #6152,320.75,31
6153,Light Snack Beef Jerky #6153,221.25,34
6154,Special Drink Coconut Water #6154,158.99,37
6155,Local Bakery Muffin #6155,135.50,40
6156,Fresh Dairy Mozzarella Ball #6156,121.25,43
6157,Classic Pantry Iodized Salt #6157,131.99,46
6158,Original Frozen Frozen Berries #6158,591.50,49
6159,Salted Produce Banana Bunch #6159,144.49,52
6160,Spicy Meat Pork Belly #6160,1176.00,55
6161,Deluxe Bath Hand Sanitizer #6161,261.49,58
6162,Imported Clean Trash Bags #6162,188.75,61
6163,Natural Office Tape Roll #6163,185.00,64
6164,Organic Tech HDMI Cable #6164,1567.75,67
6165,Premium Pet Cat Litter #6165,500.25,70
6166,Roasted Coffee Cold Brew Concentrate #6166,171.75,73
6167,Sweet Tea Black Tea Loose #6167,125.99,76
6168,Light Snack Potato Chips #6168,34.50,79
6169,Special Drink Lemonade Bottle #6169,136.49,82
6170,Local Bakery Bagel #6170,126.50,85
6171,Fresh Dairy Butter Stick #6171,231.50,88
6172,Classic Pantry Black Pepper #6172,472.99,91
6173,Original Frozen French Fries #6173,513.49,94
6174,Salted Produce Cavendish #6174,30.00,97
6175,Spicy Meat Chicken Breast #6175,1245.99,5
6176,Deluxe Bath Bar Soap #6176,231.50,8
6177,Imported Clean Sponge Pack #6177,84.75,11
6178,Natural Office Eraser #6178,238.99,14
6179,Organic Tech Wireless Mouse #6179,2152.25,17
6180,Premium Pet Dog Toy #6180,940.75,20
6181,Roasted Coffee Instant Sachets #6181,96.75,23
6182,Sweet Tea Chamomile Pouch #6182,245.75,26
6183,Light Snack Tortilla Chips #6183,234.49,29
6184,Special Drink Mineral Water 500ml #6184,136.25,32
6185,Local Bakery Donut #6185,132.25,35
6186,Fresh Dairy Cream Cheese #6186,232.00,38
6187,Classic Pantry Vinegar Bottle #6187,467.75,41
6188,Original Frozen Chicken Nuggets #6188,458.99,44
6189,Salted Produce Green Lettuce #6189,123.50,47
6190,Spicy Meat Ground Beef #6190,587.50,50
6191,Deluxe Bath Shampoo 200ml #6191,268.49,53
6192,Imported Clean Laundry Pod #6192,380.00,56
6193,Natural Office Marker Pen #6193,152.00,59
6194,Organic Tech Keyboard #6194,1892.49,62
6195,Premium Pet Pet Shampoo #6195,232.50,65
6196,Roasted Coffee Decaf Pods #6196,130.50,68
6197,Sweet Tea Matcha Powder #6197,158.50,71
6198,Light Snack Pretzel Sticks #6198,192.99,74
6199,Special Drink Soda Can 330ml #6199,50.25,77
6200,Local Bakery Sourdough Loaf #6200,102.99,80
6201,Fresh Dairy Whipping Cream #6201,188.99,83
6202,Classic Pantry Tomato Sauce #6202,290.99,86
6203,Original Frozen Fish Fillet #6203,544.49,89
6204,Salted Produce Cherry Tomato #6204,141.75,92
6205,Spicy Meat Bacon Strips #6205,190.75,95
6206,Deluxe Bath Conditioner 200ml #6206,333.99,98
6207,Imported Clean Dish Soap #6207,241.75,6
6208,Natural Office Ballpen Black #6208,10.99,9
6209,Organic Tech Webcam #6209,1086.49,12
6210,Premium Pet Aquarium Pellets #6210,367.00,15
6211,Roasted Coffee Mocha Mix #6211,551.99,18
6212,Sweet Tea Oolong Tin #6212,444.99,21
6213,Light Snack Cheese Crackers #6213,128.99,24
6214,Special Drink Iced Tea Bottle #6214,140.75,27
6215,Local Bakery Baguette #6215,151.49,30
6216,Fresh Dairy Whole Milk 1L #6216,342.25,33
6217,Classic Pantry Pasta 500g #6217,46.50,36
6218,Original Frozen Veggie Mix #6218,583.25,39
6219,Salted Produce Carrot Pack #6219,22.00,42
6220,Spicy Meat Pork Loin #6220,598.00,45
6221,Deluxe Bath Body Wash #6221,57.50,48
6222,Imported Clean All-Purpose Spray #6222,73.49,51
6223,Natural Office Notebook A5 #6223,119.50,54
6224,Organic Tech USB-C Cable #6224,963.49,57
6225,Premium Pet Bird Seed #6225,321.50,60
6226,Roasted Coffee Latte Powder #6226,355.49,63
6227,Sweet Tea Earl Grey Box #6227,157.49,66
6228,Light Snack Granola Bar #6228,233.99,69
6229,Special Drink Energy Drink #6229,24.49,72
6230,Local Bakery Croissant #6230,72.99,75
6231,Fresh Dairy Skim Milk 1L #6231,218.50,78
6232,Classic Pantry Olive Oil 500ml #6232,134.25,81
6233,Original Frozen Frozen Dumplings #6233,605.25,84
6234,Salted Produce Sweet Onion #6234,36.50,87
6235,Spicy Meat Sausage Pack #6235,686.00,90
6236,Deluxe Bath Toothpaste #6236,143.99,93
6237,Imported Clean Bleach Bottle #6237,285.75,96
6238,Natural Office Sticky Notes #6238,105.50,99
6239,Organic Tech Phone Charger #6239,1799.99,7
6240,Premium Pet Dog Food 1kg #6240,78.99,10
6241,Roasted Coffee Cappuccino Sticks #6241,294.49,13
6242,Sweet Tea Jasmine Pearls #6242,405.75,16
6243,Light Snack Trail Mix #6243,236.50,19
6244,Special Drink Sports Drink #6244,109.00,22
6245,Local Bakery Cinnamon Roll #6245,199.75,25
6246,Fresh Dairy Greek Yogurt #6246,279.50,28
6247,Classic Pantry Soy Sauce 1L #6247,65.75,31
6248,Original Frozen Frozen Pizza #6248,548.99,34
6249,Salted Produce Garlic Bulb #6249,134.50,37
6250,Spicy Meat Lamb Chops #6250,941.25,40
6251,Deluxe Bath Mouthwash #6251,76.50,43
6252,Imported Clean Floor Wax #6252,308.75,46
6253,Natural Office Highlighter #6253,179.99,49
6254,Organic Tech Earphones #6254,1824.50,52
6255,Premium Pet Cat Food 1kg #6255,419.00,55
6256,Roasted Coffee Espresso Beans #6256,405.49,58
6257,Sweet Tea Hibiscus Leaves #6257,99.75,61
6258,Light Snack Popcorn Bag #6258,85.75,64
6259,Special Drink Juice Box #6259,132.75,67
6260,Local Bakery Banana Bread #6260,121.00,70
6261,Fresh Dairy Cheddar Block #6261,188.00,73
6262,Classic Pantry Brown Sugar 1kg #6262,125.00,76
6263,Original Frozen Ice Cream Tub #6263,459.00,79
6264,Salted Produce Red Apple #6264,60.49,82
6265,Spicy Meat Turkey Slice #6265,1047.50,85
6266,Deluxe Bath Deodorant #6266,42.25,88
6267,Imported Clean Glass Cleaner #6267,167.49,91
6268,Natural Office Stapler #6268,87.75,94
6269,Organic Tech Power Bank #6269,427.25,97
6270,Premium Pet Pet Treats #6270,59.99,5
6271,Roasted Coffee Arabica Grounds #6271,454.25,8
6272,Sweet Tea Green Tea Bags #6272,483.25,11
6273,Light Snack Beef Jerky #6273,223.50,14
6274,Special Drink Coconut Water #6274,162.49,17
6275,Local Bakery Muffin #6275,172.49,20
6276,Fresh Dairy Mozzarella Ball #6276,321.99,23
6277,Classic Pantry Iodized Salt #6277,388.75,26
6278,Original Frozen Frozen Berries #6278,436.00,29
6279,Salted Produce Banana Bunch #6279,175.49,32
6280,Spicy Meat Pork Belly #6280,605.99,35
6281,Deluxe Bath Hand Sanitizer #6281,266.75,38
6282,Imported Clean Trash Bags #6282,373.75,41
6283,Natural Office Tape Roll #6283,215.25,44
6284,Organic Tech HDMI Cable #6284,1219.99,47
6285,Premium Pet Cat Litter #6285,342.00,50
6286,Roasted Coffee Cold Brew Concentrate #6286,387.00,53
6287,Sweet Tea Black Tea Loose #6287,372.49,56
6288,Light Snack Potato Chips #6288,195.25,59
6289,Special Drink Lemonade Bottle #6289,117.75,62
6290,Local Bakery Bagel #6290,134.00,65
6291,Fresh Dairy Butter Stick #6291,396.75,68
6292,Classic Pantry Black Pepper #6292,45.00,71
6293,Original Frozen French Fries #6293,384.75,74
6294,Salted Produce Cavendish #6294,51.00,77
6295,Spicy Meat Chicken Breast #6295,982.75,80
6296,Deluxe Bath Bar Soap #6296,281.75,83
6297,Imported Clean Sponge Pack #6297,338.25,86
6298,Natural Office Eraser #6298,220.25,89
6299,Organic Tech Wireless Mouse #6299,336.50,92
6300,Premium Pet Dog Toy #6300,240.99,95
6301,Roasted Coffee Instant Sachets #6301,583.49,98
6302,Sweet Tea Chamomile Pouch #6302,497.99,6
6303,Light Snack Tortilla Chips #6303,28.75,9
6304,Special Drink Mineral Water 500ml #6304,23.75,12
6305,Local Bakery Donut #6305,128.00,15
6306,Fresh Dairy Cream Cheese #6306,71.75,18
6307,Classic Pantry Vinegar Bottle #6307,177.00,21
6308,Original Frozen Chicken Nuggets #6308,361.50,24
6309,Salted Produce Green Lettuce #6309,15.99,27
6310,Spicy Meat Ground Beef #6310,296.49,30
6311,Deluxe Bath Shampoo 200ml #6311,234.00,33
6312,Imported Clean Laundry Pod #6312,129.99,36
6313,Natural Office Marker Pen #6313,249.00,39
6314,Organic Tech Keyboard #6314,2061.75,42
6315,Premium Pet Pet Shampoo #6315,699.00,45
6316,Roasted Coffee Decaf Pods #6316,90.99,48
6317,Sweet Tea Matcha Powder #6317,440.99,51
6318,Light Snack Pretzel Sticks #6318,90.49,54
6319,Special Drink Soda Can 330ml #6319,162.00,57
6320,Local Bakery Sourdough Loaf #6320,170.75,60
6321,Fresh Dairy Whipping Cream #6321,353.99,63
6322,Classic Pantry Tomato Sauce #6322,62.00,66
6323,Original Frozen Fish Fillet #6323,156.25,69
6324,Salted Produce Cherry Tomato #6324,106.25,72
6325,Spicy Meat Bacon Strips #6325,284.99,75
6326,Deluxe Bath Conditioner 200ml #6326,212.99,78
6327,Imported Clean Dish Soap #6327,399.25,81
6328,Natural Office Ballpen Black #6328,111.75,84
6329,Organic Tech Webcam #6329,2302.99,87
6330,Premium Pet Aquarium Pellets #6330,908.49,90
6331,Roasted Coffee Mocha Mix #6331,354.25,93
6332,Sweet Tea Oolong Tin #6332,499.50,96
6333,Light Snack Cheese Crackers #6333,244.00,99
6334,Special Drink Iced Tea Bottle #6334,150.75,7
6335,Local Bakery Baguette #6335,189.99,10
6336,Fresh Dairy Whole Milk 1L #6336,243.99,13
6337,Classic Pantry Pasta 500g #6337,391.49,16
6338,Original Frozen Veggie Mix #6338,555.50,19
6339,Salted Produce Carrot Pack #6339,175.49,22
6340,Spicy Meat Pork Loin #6340,469.99,25
6341,Deluxe Bath Body Wash #6341,152.00,28
6342,Imported Clean All-Purpose Spray #6342,341.49,31
6343,Natural Office Notebook A5 #6343,146.25,34
6344,Organic Tech USB-C Cable #6344,798.75,37
6345,Premium Pet Bird Seed #6345,599.99,40
6346,Roasted Coffee Latte Powder #6346,291.75,43
6347,Sweet Tea Earl Grey Box #6347,454.50,46
6348,Light Snack Granola Bar #6348,163.75,49
6349,Special Drink Energy Drink #6349,106.49,52
6350,Local Bakery Croissant #6350,162.25,55
6351,Fresh Dairy Skim Milk 1L #6351,291.50,58
6352,Classic Pantry Olive Oil 500ml #6352,492.50,61
6353,Original Frozen Frozen Dumplings #6353,204.49,64
6354,Salted Produce Sweet Onion #6354,142.49,67
6355,Spicy Meat Sausage Pack #6355,1025.75,70
6356,Deluxe Bath Toothpaste #6356,51.75,73
6357,Imported Clean Bleach Bottle #6357,396.25,76
6358,Natural Office Sticky Notes #6358,152.25,79
6359,Organic Tech Phone Charger #6359,1255.00,82
6360,Premium Pet Dog Food 1kg #6360,689.75,85
6361,Roasted Coffee Cappuccino Sticks #6361,57.00,88
6362,Sweet Tea Jasmine Pearls #6362,277.99,91
6363,Light Snack Trail Mix #6363,89.00,94
6364,Special Drink Sports Drink #6364,37.25,97
6365,Local Bakery Cinnamon Roll #6365,140.75,5
6366,Fresh Dairy Greek Yogurt #6366,245.99,8
6367,Classic Pantry Soy Sauce 1L #6367,136.00,11
6368,Original Frozen Frozen Pizza #6368,226.99,14
6369,Salted Produce Garlic Bulb #6369,96.50,17
6370,Spicy Meat Lamb Chops #6370,760.75,20
6371,Deluxe Bath Mouthwash #6371,300.50,23
6372,Imported Clean Floor Wax #6372,280.99,26
6373,Natural Office Highlighter #6373,23.49,29
6374,Organic Tech Earphones #6374,1340.99,32
6375,Premium Pet Cat Food 1kg #6375,561.49,35
6376,Roasted Coffee Espresso Beans #6376,113.50,38
6377,Sweet Tea Hibiscus Leaves #6377,132.75,41
6378,Light Snack Popcorn Bag #6378,110.75,44
6379,Special Drink Juice Box #6379,76.99,47
6380,Local Bakery Banana Bread #6380,188.99,50
6381,Fresh Dairy Cheddar Block #6381,242.25,53
6382,Classic Pantry Brown Sugar 1kg #6382,118.25,56
6383,Original Frozen Ice Cream Tub #6383,158.99,59
6384,Salted Produce Red Apple #6384,49.49,62
6385,Spicy Meat Turkey Slice #6385,1105.50,65
6386,Deluxe Bath Deodorant #6386,127.49,68
6387,Imported Clean Glass Cleaner #6387,288.49,71
6388,Natural Office Stapler #6388,148.00,74
6389,Organic Tech Power Bank #6389,408.00,77
6390,Premium Pet Pet Treats #6390,200.99,80
6391,Roasted Coffee Arabica Grounds #6391,163.00,83
6392,Sweet Tea Green Tea Bags #6392,390.25,86
6393,Light Snack Beef Jerky #6393,177.25,89
6394,Special Drink Coconut Water #6394,117.50,92
6395,Local Bakery Muffin #6395,218.50,95
6396,Fresh Dairy Mozzarella Ball #6396,250.50,98
6397,Classic Pantry Iodized Salt #6397,311.25,6
6398,Original Frozen Frozen Berries #6398,419.99,9
6399,Salted Produce Banana Bunch #6399,20.49,12
6400,Spicy Meat Pork Belly #6400,1330.99,15
6401,Deluxe Bath Hand Sanitizer #6401,266.50,18
6402,Imported Clean Trash Bags #6402,89.25,21
6403,Natural Office Tape Roll #6403,40.49,24
6404,Organic Tech HDMI Cable #6404,2008.00,27
6405,Premium Pet Cat Litter #6405,205.50,30
6406,Roasted Coffee Cold Brew Concentrate #6406,317.75,33
6407,Sweet Tea Black Tea Loose #6407,50.50,36
6408,Light Snack Potato Chips #6408,235.00,39
6409,Special Drink Lemonade Bottle #6409,69.50,42
6410,Local Bakery Bagel #6410,142.25,45
6411,Fresh Dairy Butter Stick #6411,360.00,48
6412,Classic Pantry Black Pepper #6412,104.75,51
6413,Original Frozen French Fries #6413,198.50,54
6414,Salted Produce Cavendish #6414,70.25,57
6415,Spicy Meat Chicken Breast #6415,589.25,60
6416,Deluxe Bath Bar Soap #6416,262.49,63
6417,Imported Clean Sponge Pack #6417,191.00,66
6418,Natural Office Eraser #6418,107.25,69
6419,Organic Tech Wireless Mouse #6419,2114.99,72
6420,Premium Pet Dog Toy #6420,128.99,75
6421,Roasted Coffee Instant Sachets #6421,427.50,78
6422,Sweet Tea Chamomile Pouch #6422,112.50,81
6423,Light Snack Tortilla Chips #6423,146.49,84
6424,Special Drink Mineral Water 500ml #6424,140.49,87
6425,Local Bakery Donut #6425,97.99,90
6426,Fresh Dairy Cream Cheese #6426,346.50,93
6427,Classic Pantry Vinegar Bottle #6427,182.00,96
6428,Original Frozen Chicken Nuggets #6428,341.49,99
6429,Salted Produce Green Lettuce #6429,23.75,7
6430,Spicy Meat Ground Beef #6430,432.00,10
6431,Deluxe Bath Shampoo 200ml #6431,276.50,13
6432,Imported Clean Laundry Pod #6432,330.99,16
6433,Natural Office Marker Pen #6433,17.50,19
6434,Organic Tech Keyboard #6434,515.00,22
6435,Premium Pet Pet Shampoo #6435,148.25,25
6436,Roasted Coffee Decaf Pods #6436,437.75,28
6437,Sweet Tea Matcha Powder #6437,273.00,31
6438,Light Snack Pretzel Sticks #6438,241.25,34
6439,Special Drink Soda Can 330ml #6439,122.50,37
6440,Local Bakery Sourdough Loaf #6440,107.49,40
6441,Fresh Dairy Whipping Cream #6441,385.99,43
6442,Classic Pantry Tomato Sauce #6442,139.50,46
6443,Original Frozen Fish Fillet #6443,389.00,49
6444,Salted Produce Cherry Tomato #6444,142.50,52
6445,Spicy Meat Bacon Strips #6445,1049.49,55
6446,Deluxe Bath Conditioner 200ml #6446,160.75,58
6447,Imported Clean Dish Soap #6447,338.75,61
6448,Natural Office Ballpen Black #6448,68.50,64
6449,Organic Tech Webcam #6449,2286.49,67
6450,Premium Pet Aquarium Pellets #6450,345.25,70
6451,Roasted Coffee Mocha Mix #6451,392.50,73
6452,Sweet Tea Oolong Tin #6452,389.25,76
6453,Light Snack Cheese Crackers #6453,220.75,79
6454,Special Drink Iced Tea Bottle #6454,101.99,82
6455,Local Bakery Baguette #6455,86.99,85
6456,Fresh Dairy Whole Milk 1L #6456,49.75,88
6457,Classic Pantry Pasta 500g #6457,158.00,91
6458,Original Frozen Veggie Mix #6458,123.99,94
6459,Salted Produce Carrot Pack #6459,136.49,97
6460,Spicy Meat Pork Loin #6460,793.75,5
6461,Deluxe Bath Body Wash #6461,104.00,8
6462,Imported Clean All-Purpose Spray #6462,306.75,11
6463,Natural Office Notebook A5 #6463,68.49,14
6464,Organic Tech USB-C Cable #6464,1614.75,17
6465,Premium Pet Bird Seed #6465,550.50,20
6466,Roasted Coffee Latte Powder #6466,609.50,23
6467,Sweet Tea Earl Grey Box #6467,359.75,26
6468,Light Snack Granola Bar #6468,57.25,29
6469,Special Drink Energy Drink #6469,142.75,32
6470,Local Bakery Croissant #6470,61.50,35
6471,Fresh Dairy Skim Milk 1L #6471,88.49,38
6472,Classic Pantry Olive Oil 500ml #6472,233.49,41
6473,Original Frozen Frozen Dumplings #6473,492.75,44
6474,Salted Produce Sweet Onion #6474,52.25,47
6475,Spicy Meat Sausage Pack #6475,1177.49,50
6476,Deluxe Bath Toothpaste #6476,153.25,53
6477,Imported Clean Bleach Bottle #6477,105.75,56
6478,Natural Office Sticky Notes #6478,136.49,59
6479,Organic Tech Phone Charger #6479,853.49,62
6480,Premium Pet Dog Food 1kg #6480,852.25,65
6481,Roasted Coffee Cappuccino Sticks #6481,242.25,68
6482,Sweet Tea Jasmine Pearls #6482,234.49,71
6483,Light Snack Trail Mix #6483,228.49,74
6484,Special Drink Sports Drink #6484,88.25,77
6485,Local Bakery Cinnamon Roll #6485,166.25,80
6486,Fresh Dairy Greek Yogurt #6486,55.00,83
6487,Classic Pantry Soy Sauce 1L #6487,274.75,86
6488,Original Frozen Frozen Pizza #6488,533.00,89
6489,Salted Produce Garlic Bulb #6489,57.25,92
6490,Spicy Meat Lamb Chops #6490,716.50,95
6491,Deluxe Bath Mouthwash #6491,231.50,98
6492,Imported Clean Floor Wax #6492,186.50,6
6493,Natural Office Highlighter #6493,25.49,9
6494,Organic Tech Earphones #6494,1414.50,12
6495,Premium Pet Cat Food 1kg #6495,934.25,15
6496,Roasted Coffee Espresso Beans #6496,155.75,18
6497,Sweet Tea Hibiscus Leaves #6497,377.49,21
6498,Light Snack Popcorn Bag #6498,79.25,24
6499,Special Drink Juice Box #6499,22.99,27
6500,Local Bakery Banana Bread #6500,180.99,30
6501,Fresh Dairy Cheddar Block #6501,138.99,33
6502,Classic Pantry Brown Sugar 1kg #6502,371.75,36
6503,Original Frozen Ice Cream Tub #6503,390.00,39
6504,Salted Produce Red Apple #6504,156.00,42
6505,Spicy Meat Turkey Slice #6505,616.25,45
6506,Deluxe Bath Deodorant #6506,88.49,48
6507,Imported Clean Glass Cleaner #6507,110.75,51
6508,Natural Office Stapler #6508,212.00,54
6509,Organic Tech Power Bank #6509,1854.99,57
6510,Premium Pet Pet Treats #6510,393.49,60
6511,Roasted Coffee Arabica Grounds #6511,583.50,63
6512,Sweet Tea Green Tea Bags #6512,59.49,66
6513,Light Snack Beef Jerky #6513,128.50,69
6514,Special Drink Coconut Water #6514,127.49,72
6515,Local Bakery Muffin #6515,212.49,75
6516,Fresh Dairy Mozzarella Ball #6516,349.75,78
6517,Classic Pantry Iodized Salt #6517,428.50,81
6518,Original Frozen Frozen Berries #6518,353.00,84
6519,Salted Produce Banana Bunch #6519,36.99,87
6520,Spicy Meat Pork Belly #6520,992.49,90
6521,Deluxe Bath Hand Sanitizer #6521,203.25,93
6522,Imported Clean Trash Bags #6522,283.50,96
6523,Natural Office Tape Roll #6523,153.25,99
6524,Organic Tech HDMI Cable #6524,783.50,7
6525,Premium Pet Cat Litter #6525,617.50,10
6526,Roasted Coffee Cold Brew Concentrate #6526,494.00,13
6527,Sweet Tea Black Tea Loose #6527,128.99,16
6528,Light Snack Potato Chips #6528,138.75,19
6529,Special Drink Lemonade Bottle #6529,141.75,22
6530,Local Bakery Bagel #6530,210.49,25
6531,Fresh Dairy Butter Stick #6531,388.75,28
6532,Classic Pantry Black Pepper #6532,193.25,31
6533,Original Frozen French Fries #6533,612.50,34
6534,Salted Produce Cavendish #6534,94.50,37
6535,Spicy Meat Chicken Breast #6535,623.50,40
6536,Deluxe Bath Bar Soap #6536,310.49,43
6537,Imported Clean Sponge Pack #6537,236.75,46
6538,Natural Office Eraser #6538,210.50,49
6539,Organic Tech Wireless Mouse #6539,1925.00,52
6540,Premium Pet Dog Toy #6540,409.50,55
6541,Roasted Coffee Instant Sachets #6541,531.00,58
6542,Sweet Tea Chamomile Pouch #6542,190.50,61
6543,Light Snack Tortilla Chips #6543,129.50,64
6544,Special Drink Mineral Water 500ml #6544,46.75,67
6545,Local Bakery Donut #6545,175.49,70
6546,Fresh Dairy Cream Cheese #6546,212.50,73
6547,Classic Pantry Vinegar Bottle #6547,88.00,76
6548,Original Frozen Chicken Nuggets #6548,514.99,79
6549,Salted Produce Green Lettuce #6549,128.75,82
6550,Spicy Meat Ground Beef #6550,205.25,85
6551,Deluxe Bath Shampoo 200ml #6551,325.49,88
6552,Imported Clean Laundry Pod #6552,268.99,91
6553,Natural Office Marker Pen #6553,178.49,94
6554,Organic Tech Keyboard #6554,312.99,97
6555,Premium Pet Pet Shampoo #6555,363.49,5
6556,Roasted Coffee Decaf Pods #6556,641.99,8
6557,Sweet Tea Matcha Powder #6557,100.25,11
6558,Light Snack Pretzel Sticks #6558,117.25,14
6559,Special Drink Soda Can 330ml #6559,27.75,17
6560,Local Bakery Sourdough Loaf #6560,102.49,20
6561,Fresh Dairy Whipping Cream #6561,196.75,23
6562,Classic Pantry Tomato Sauce #6562,280.50,26
6563,Original Frozen Fish Fillet #6563,111.50,29
6564,Salted Produce Cherry Tomato #6564,81.99,32
6565,Spicy Meat Bacon Strips #6565,1459.00,35
6566,Deluxe Bath Conditioner 200ml #6566,224.00,38
6567,Imported Clean Dish Soap #6567,145.49,41
6568,Natural Office Ballpen Black #6568,130.25,44
6569,Organic Tech Webcam #6569,2465.75,47
6570,Premium Pet Aquarium Pellets #6570,178.00,50
6571,Roasted Coffee Mocha Mix #6571,359.50,53
6572,Sweet Tea Oolong Tin #6572,426.25,56
6573,Light Snack Cheese Crackers #6573,20.00,59
6574,Special Drink Iced Tea Bottle #6574,64.99,62
6575,Local Bakery Baguette #6575,37.25,65
6576,Fresh Dairy Whole Milk 1L #6576,396.49,68
6577,Classic Pantry Pasta 500g #6577,161.50,71
6578,Original Frozen Veggie Mix #6578,212.75,74
6579,Salted Produce Carrot Pack #6579,90.49,77
6580,Spicy Meat Pork Loin #6580,518.99,80
6581,Deluxe Bath Body Wash #6581,177.50,83
6582,Imported Clean All-Purpose Spray #6582,307.99,86
6583,Natural Office Notebook A5 #6583,25.50,89
6584,Organic Tech USB-C Cable #6584,1595.25,92
6585,Premium Pet Bird Seed #6585,144.75,95
6586,Roasted Coffee Latte Powder #6586,420.00,98
6587,Sweet Tea Earl Grey Box #6587,196.25,6
6588,Light Snack Granola Bar #6588,151.50,9
6589,Special Drink Energy Drink #6589,66.49,12
6590,Local Bakery Croissant #6590,164.99,15
6591,Fresh Dairy Skim Milk 1L #6591,275.99,18
6592,Classic Pantry Olive Oil 500ml #6592,218.49,21
6593,Original Frozen Frozen Dumplings #6593,277.00,24
6594,Salted Produce Sweet Onion #6594,130.50,27
6595,Spicy Meat Sausage Pack #6595,1057.25,30
6596,Deluxe Bath Toothpaste #6596,62.99,33
6597,Imported Clean Bleach Bottle #6597,368.50,36
6598,Natural Office Sticky Notes #6598,161.00,39
6599,Organic Tech Phone Charger #6599,1922.49,42
6600,Premium Pet Dog Food 1kg #6600,102.25,45
6601,Roasted Coffee Cappuccino Sticks #6601,477.50,48
6602,Sweet Tea Jasmine Pearls #6602,125.00,51
6603,Light Snack Trail Mix #6603,74.99,54
6604,Special Drink Sports Drink #6604,159.75,57
6605,Local Bakery Cinnamon Roll #6605,171.49,60
6606,Fresh Dairy Greek Yogurt #6606,337.99,63
6607,Classic Pantry Soy Sauce 1L #6607,394.99,66
6608,Original Frozen Frozen Pizza #6608,247.00,69
6609,Salted Produce Garlic Bulb #6609,83.99,72
6610,Spicy Meat Lamb Chops #6610,1062.99,75
6611,Deluxe Bath Mouthwash #6611,330.99,78
6612,Imported Clean Floor Wax #6612,340.49,81
6613,Natural Office Highlighter #6613,94.00,84
6614,Organic Tech Earphones #6614,1660.99,87
6615,Premium Pet Cat Food 1kg #6615,648.25,90
6616,Roasted Coffee Espresso Beans #6616,167.99,93
6617,Sweet Tea Hibiscus Leaves #6617,79.00,96
6618,Light Snack Popcorn Bag #6618,31.25,99
6619,Special Drink Juice Box #6619,81.75,7
6620,Local Bakery Banana Bread #6620,97.50,10
6621,Fresh Dairy Cheddar Block #6621,53.00,13
6622,Classic Pantry Brown Sugar 1kg #6622,349.49,16
6623,Original Frozen Ice Cream Tub #6623,626.49,19
6624,Salted Produce Red Apple #6624,121.25,22
6625,Spicy Meat Turkey Slice #6625,472.50,25
6626,Deluxe Bath Deodorant #6626,112.25,28
6627,Imported Clean Glass Cleaner #6627,116.75,31
6628,Natural Office Stapler #6628,180.25,34
6629,Organic Tech Power Bank #6629,1562.50,37
6630,Premium Pet Pet Treats #6630,922.99,40
6631,Roasted Coffee Arabica Grounds #6631,390.75,43
6632,Sweet Tea Green Tea Bags #6632,84.49,46
6633,Light Snack Beef Jerky #6633,58.99,49
6634,Special Drink Coconut Water #6634,41.50,52
6635,Local Bakery Muffin #6635,204.75,55
6636,Fresh Dairy Mozzarella Ball #6636,54.75,58
6637,Classic Pantry Iodized Salt #6637,274.25,61
6638,Original Frozen Frozen Berries #6638,104.25,64
6639,Salted Produce Banana Bunch #6639,54.25,67
6640,Spicy Meat Pork Belly #6640,986.75,70
6641,Deluxe Bath Hand Sanitizer #6641,237.49,73
6642,Imported Clean Trash Bags #6642,150.99,76
6643,Natural Office Tape Roll #6643,91.49,79
6644,Organic Tech HDMI Cable #6644,918.49,82
6645,Premium Pet Cat Litter #6645,853.50,85
6646,Roasted Coffee Cold Brew Concentrate #6646,617.49,88
6647,Sweet Tea Black Tea Loose #6647,270.49,91
6648,Light Snack Potato Chips #6648,238.99,94
6649,Special Drink Lemonade Bottle #6649,20.49,97
6650,Local Bakery Bagel #6650,89.00,5
6651,Fresh Dairy Butter Stick #6651,315.00,8
6652,Classic Pantry Black Pepper #6652,113.00,11
6653,Original Frozen French Fries #6653,613.50,14
6654,Salted Produce Cavendish #6654,46.75,17
6655,Spicy Meat Chicken Breast #6655,219.00,20
6656,Deluxe Bath Bar Soap #6656,138.75,23
6657,Imported Clean Sponge Pack #6657,105.49,26
6658,Natural Office Eraser #6658,51.99,29
6659,Organic Tech Wireless Mouse #6659,2242.75,32
6660,Premium Pet Dog Toy #6660,639.75,35
6661,Roasted Coffee Instant Sachets #6661,422.50,38
6662,Sweet Tea Chamomile Pouch #6662,375.00,41
6663,Light Snack Tortilla Chips #6663,45.49,44
6664,Special Drink Mineral Water 500ml #6664,110.25,47
6665,Local Bakery Donut #6665,177.50,50
6666,Fresh Dairy Cream Cheese #6666,299.99,53
6667,Classic Pantry Vinegar Bottle #6667,443.00,56
6668,Original Frozen Chicken Nuggets #6668,127.00,59
6669,Salted Produce Green Lettuce #6669,112.75,62
6670,Spicy Meat Ground Beef #6670,972.75,65
6671,Deluxe Bath Shampoo 200ml #6671,218.50,68
6672,Imported Clean Laundry Pod #6672,225.49,71
6673,Natural Office Marker Pen #6673,85.99,74
6674,Organic Tech Keyboard #6674,656.50,77
6675,Premium Pet Pet Shampoo #6675,521.75,80
6676,Roasted Coffee Decaf Pods #6676,393.99,83
6677,Sweet Tea Matcha Powder #6677,478.00,86
6678,Light Snack Pretzel Sticks #6678,242.99,89
6679,Special Drink Soda Can 330ml #6679,141.25,92
6680,Local Bakery Sourdough Loaf #6680,63.00,95
6681,Fresh Dairy Whipping Cream #6681,372.49,98
6682,Classic Pantry Tomato Sauce #6682,37.50,6
6683,Original Frozen Fish Fillet #6683,452.50,9
6684,Salted Produce Cherry Tomato #6684,90.00,12
6685,Spicy Meat Bacon Strips #6685,742.00,15
6686,Deluxe Bath Conditioner 200ml #6686,91.49,18
6687,Imported Clean Dish Soap #6687,221.00,21
6688,Natural Office Ballpen Black #6688,25.49,24
6689,Organic Tech Webcam #6689,1097.75,27
6690,Premium Pet Aquarium Pellets #6690,211.00,30
6691,Roasted Coffee Mocha Mix #6691,150.75,33
6692,Sweet Tea Oolong Tin #6692,483.25,36
6693,Light Snack Cheese Crackers #6693,177.75,39
6694,Special Drink Iced Tea Bottle #6694,172.25,42
6695,Local Bakery Baguette #6695,91.00,45
6696,Fresh Dairy Whole Milk 1L #6696,296.75,48
6697,Classic Pantry Pasta 500g #6697,135.50,51
6698,Original Frozen Veggie Mix #6698,185.00,54
6699,Salted Produce Carrot Pack #6699,28.00,57
6700,Spicy Meat Pork Loin #6700,1214.00,60
6701,Deluxe Bath Body Wash #6701,222.50,63
6702,Imported Clean All-Purpose Spray #6702,394.99,66
6703,Natural Office Notebook A5 #6703,84.99,69
6704,Organic Tech USB-C Cable #6704,2316.99,72
6705,Premium Pet Bird Seed #6705,655.25,75
6706,Roasted Coffee Latte Powder #6706,271.75,78
6707,Sweet Tea Earl Grey Box #6707,42.25,81
6708,Light Snack Granola Bar #6708,54.25,84
6709,Special Drink Energy Drink #6709,112.00,87
6710,Local Bakery Croissant #6710,185.49,90
6711,Fresh Dairy Skim Milk 1L #6711,246.00,93
6712,Classic Pantry Olive Oil 500ml #6712,399.75,96
6713,Original Frozen Frozen Dumplings #6713,534.49,99
6714,Salted Produce Sweet Onion #6714,49.75,7
6715,Spicy Meat Sausage Pack #6715,712.50,10
6716,Deluxe Bath Toothpaste #6716,230.49,13
6717,Imported Clean Bleach Bottle #6717,135.75,16
6718,Natural Office Sticky Notes #6718,26.00,19
6719,Organic Tech Phone Charger #6719,1611.50,22
6720,Premium Pet Dog Food 1kg #6720,870.99,25
6721,Roasted Coffee Cappuccino Sticks #6721,446.25,28
6722,Sweet Tea Jasmine Pearls #6722,468.00,31
6723,Light Snack Trail Mix #6723,128.49,34
6724,Special Drink Sports Drink #6724,151.75,37
6725,Local Bakery Cinnamon Roll #6725,28.49,40
6726,Fresh Dairy Greek Yogurt #6726,181.75,43
6727,Classic Pantry Soy Sauce 1L #6727,246.75,46
6728,Original Frozen Frozen Pizza #6728,443.75,49
6729,Salted Produce Garlic Bulb #6729,82.50,52
6730,Spicy Meat Lamb Chops #6730,728.49,55
6731,Deluxe Bath Mouthwash #6731,307.50,58
6732,Imported Clean Floor Wax #6732,259.75,61
6733,Natural Office Highlighter #6733,215.25,64
6734,Organic Tech Earphones #6734,203.00,67
6735,Premium Pet Cat Food 1kg #6735,924.49,70
6736,Roasted Coffee Espresso Beans #6736,618.49,73
6737,Sweet Tea Hibiscus Leaves #6737,327.75,76
6738,Light Snack Popcorn Bag #6738,142.25,79
6739,Special Drink Juice Box #6739,118.49,82
6740,Local Bakery Banana Bread #6740,181.49,85
6741,Fresh Dairy Cheddar Block #6741,195.99,88
6742,Classic Pantry Brown Sugar 1kg #6742,256.00,91
6743,Original Frozen Ice Cream Tub #6743,596.50,94
6744,Salted Produce Red Apple #6744,32.49,97
6745,Spicy Meat Turkey Slice #6745,193.49,5
6746,Deluxe Bath Deodorant #6746,270.75,8
6747,Imported Clean Glass Cleaner #6747,314.99,11
6748,Natural Office Stapler #6748,56.25,14
6749,Organic Tech Power Bank #6749,1243.50,17
6750,Premium Pet Pet Treats #6750,314.49,20
6751,Roasted Coffee Arabica Grounds #6751,64.49,23
6752,Sweet Tea Green Tea Bags #6752,497.50,26
6753,Light Snack Beef Jerky #6753,245.50,29
6754,Special Drink Coconut Water #6754,79.00,32
6755,Local Bakery Muffin #6755,70.50,35
6756,Fresh Dairy Mozzarella Ball #6756,289.00,38
6757,Classic Pantry Iodized Salt #6757,490.25,41
6758,Original Frozen Frozen Berries #6758,625.25,44
6759,Salted Produce Banana Bunch #6759,15.50,47
6760,Spicy Meat Pork Belly #6760,531.25,50
6761,Deluxe Bath Hand Sanitizer #6761,343.75,53
6762,Imported Clean Trash Bags #6762,307.49,56
6763,Natural Office Tape Roll #6763,244.25,59
6764,Organic Tech HDMI Cable #6764,2407.25,62
6765,Premium Pet Cat Litter #6765,475.99,65
6766,Roasted Coffee Cold Brew Concentrate #6766,282.49,68
6767,Sweet Tea Black Tea Loose #6767,337.75,71
6768,Light Snack Potato Chips #6768,243.75,74
6769,Special Drink Lemonade Bottle #6769,95.25,77
6770,Local Bakery Bagel #6770,86.25,80
6771,Fresh Dairy Butter Stick #6771,287.00,83
6772,Classic Pantry Black Pepper #6772,382.99,86
6773,Original Frozen French Fries #6773,494.00,89
6774,Salted Produce Cavendish #6774,147.49,92
6775,Spicy Meat Chicken Breast #6775,486.49,95
6776,Deluxe Bath Bar Soap #6776,47.00,98
6777,Imported Clean Sponge Pack #6777,390.49,6
6778,Natural Office Eraser #6778,110.49,9
6779,Organic Tech Wireless Mouse #6779,792.75,12
6780,Premium Pet Dog Toy #6780,722.25,15
6781,Roasted Coffee Instant Sachets #6781,155.49,18
6782,Sweet Tea Chamomile Pouch #6782,122.00,21
6783,Light Snack Tortilla Chips #6783,125.25,24
6784,Special Drink Mineral Water 500ml #6784,99.75,27
6785,Local Bakery Donut #6785,101.00,30
6786,Fresh Dairy Cream Cheese #6786,394.99,33
6787,Classic Pantry Vinegar Bottle #6787,418.49,36
6788,Original Frozen Chicken Nuggets #6788,181.25,39
6789,Salted Produce Green Lettuce #6789,47.00,42
6790,Spicy Meat Ground Beef #6790,1054.75,45
6791,Deluxe Bath Shampoo 200ml #6791,111.99,48
6792,Imported Clean Laundry Pod #6792,230.49,51
6793,Natural Office Marker Pen #6793,68.25,54
6794,Organic Tech Keyboard #6794,2454.49,57
6795,Premium Pet Pet Shampoo #6795,710.75,60
6796,Roasted Coffee Decaf Pods #6796,511.50,63
6797,Sweet Tea Matcha Powder #6797,396.50,66
6798,Light Snack Pretzel Sticks #6798,201.25,69
6799,Special Drink Soda Can 330ml #6799,148.00,72
6800,Local Bakery Sourdough Loaf #6800,28.00,75
6801,Fresh Dairy Whipping Cream #6801,65.00,78
6802,Classic Pantry Tomato Sauce #6802,132.99,81
6803,Original Frozen Fish Fillet #6803,296.50,84
6804,Salted Produce Cherry Tomato #6804,30.75,87
6805,Spicy Meat Bacon Strips #6805,719.00,90
6806,Deluxe Bath Conditioner 200ml #6806,44.00,93
6807,Imported Clean Dish Soap #6807,318.50,96
6808,Natural Office Ballpen Black #6808,169.50,99
6809,Organic Tech Webcam #6809,2355.00,7
6810,Premium Pet Aquarium Pellets #6810,667.00,10
6811,Roasted Coffee Mocha Mix #6811,287.75,13
6812,Sweet Tea Oolong Tin #6812,131.25,16
6813,Light Snack Cheese Crackers #6813,177.50,19
6814,Special Drink Iced Tea Bottle #6814,122.00,22
6815,Local Bakery Baguette #6815,78.49,25
6816,Fresh Dairy Whole Milk 1L #6816,59.50,28
6817,Classic Pantry Pasta 500g #6817,228.00,31
6818,Original Frozen Veggie Mix #6818,186.25,34
6819,Salted Produce Carrot Pack #6819,78.50,37
6820,Spicy Meat Pork Loin #6820,647.99,40
6821,Deluxe Bath Body Wash #6821,41.00,43
6822,Imported Clean All-Purpose Spray #6822,142.99,46
6823,Natural Office Notebook A5 #6823,75.50,49
6824,Organic Tech USB-C Cable #6824,332.75,52
6825,Premium Pet Bird Seed #6825,882.99,55
6826,Roasted Coffee Latte Powder #6826,428.50,58
6827,Sweet Tea Earl Grey Box #6827,441.50,61
6828,Light Snack Granola Bar #6828,133.75,64
6829,Special Drink Energy Drink #6829,93.49,67
6830,Local Bakery Croissant #6830,26.25,70
6831,Fresh Dairy Skim Milk 1L #6831,98.49,73
6832,Classic Pantry Olive Oil 500ml #6832,198.50,76
6833,Original Frozen Frozen Dumplings #6833,553.99,79
6834,Salted Produce Sweet Onion #6834,152.75,82
6835,Spicy Meat Sausage Pack #6835,1273.99,85
6836,Deluxe Bath Toothpaste #6836,273.99,88
6837,Imported Clean Bleach Bottle #6837,193.25,91
6838,Natural Office Sticky Notes #6838,240.25,94
6839,Organic Tech Phone Charger #6839,1021.00,97
6840,Premium Pet Dog Food 1kg #6840,292.00,5
6841,Roasted Coffee Cappuccino Sticks #6841,66.25,8
6842,Sweet Tea Jasmine Pearls #6842,389.49,11
6843,Light Snack Trail Mix #6843,86.75,14
6844,Special Drink Sports Drink #6844,162.50,17
6845,Local Bakery Cinnamon Roll #6845,131.25,20
6846,Fresh Dairy Greek Yogurt #6846,297.50,23
6847,Classic Pantry Soy Sauce 1L #6847,421.25,26
6848,Original Frozen Frozen Pizza #6848,444.25,29
6849,Salted Produce Garlic Bulb #6849,24.00,32
6850,Spicy Meat Lamb Chops #6850,934.75,35
6851,Deluxe Bath Mouthwash #6851,106.50,38
6852,Imported Clean Floor Wax #6852,339.75,41
6853,Natural Office Highlighter #6853,105.50,44
6854,Organic Tech Earphones #6854,1878.25,47
6855,Premium Pet Cat Food 1kg #6855,53.49,50
6856,Roasted Coffee Espresso Beans #6856,155.50,53
6857,Sweet Tea Hibiscus Leaves #6857,255.25,56
6858,Light Snack Popcorn Bag #6858,187.25,59
6859,Special Drink Juice Box #6859,91.50,62
6860,Local Bakery Banana Bread #6860,137.75,65
6861,Fresh Dairy Cheddar Block #6861,364.50,68
6862,Classic Pantry Brown Sugar 1kg #6862,74.00,71
6863,Original Frozen Ice Cream Tub #6863,466.99,74
6864,Salted Produce Red Apple #6864,98.50,77
6865,Spicy Meat Turkey Slice #6865,397.99,80
6866,Deluxe Bath Deodorant #6866,329.00,83
6867,Imported Clean Glass Cleaner #6867,311.49,86
6868,Natural Office Stapler #6868,191.00,89
6869,Organic Tech Power Bank #6869,678.00,92
6870,Premium Pet Pet Treats #6870,919.00,95
6871,Roasted Coffee Arabica Grounds #6871,469.75,98
6872,Sweet Tea Green Tea Bags #6872,102.75,6
6873,Light Snack Beef Jerky #6873,32.49,9
6874,Special Drink Coconut Water #6874,103.75,12
6875,Local Bakery Muffin #6875,63.75,15
6876,Fresh Dairy Mozzarella Ball #6876,65.25,18
6877,Classic Pantry Iodized Salt #6877,312.00,21
6878,Original Frozen Frozen Berries #6878,213.00,24
6879,Salted Produce Banana Bunch #6879,108.25,27
6880,Spicy Meat Pork Belly #6880,1340.25,30
6881,Deluxe Bath Hand Sanitizer #6881,327.75,33
6882,Imported Clean Trash Bags #6882,364.49,36
6883,Natural Office Tape Roll #6883,237.25,39
6884,Organic Tech HDMI Cable #6884,1077.99,42
6885,Premium Pet Cat Litter #6885,752.25,45
6886,Roasted Coffee Cold Brew Concentrate #6886,643.00,48
6887,Sweet Tea Black Tea Loose #6887,133.99,51
6888,Light Snack Potato Chips #6888,235.25,54
6889,Special Drink Lemonade Bottle #6889,176.50,57
6890,Local Bakery Bagel #6890,29.99,60
6891,Fresh Dairy Butter Stick #6891,86.99,63
6892,Classic Pantry Black Pepper #6892,470.99,66
6893,Original Frozen French Fries #6893,631.50,69
6894,Salted Produce Cavendish #6894,101.25,72
6895,Spicy Meat Chicken Breast #6895,451.75,75
6896,Deluxe Bath Bar Soap #6896,260.99,78
6897,Imported Clean Sponge Pack #6897,139.50,81
6898,Natural Office Eraser #6898,84.00,84
6899,Organic Tech Wireless Mouse #6899,180.99,87
6900,Premium Pet Dog Toy #6900,821.00,90
6901,Roasted Coffee Instant Sachets #6901,220.99,93
6902,Sweet Tea Chamomile Pouch #6902,157.00,96
6903,Light Snack Tortilla Chips #6903,80.50,99
6904,Special Drink Mineral Water 500ml #6904,21.99,7
6905,Local Bakery Donut #6905,51.99,10
6906,Fresh Dairy Cream Cheese #6906,193.25,13
6907,Classic Pantry Vinegar Bottle #6907,261.00,16
6908,Original Frozen Chicken Nuggets #6908,425.25,19
6909,Salted Produce Green Lettuce #6909,68.50,22
6910,Spicy Meat Ground Beef #6910,437.50,25
6911,Deluxe Bath Shampoo 200ml #6911,112.25,28
6912,Imported Clean Laundry Pod #6912,254.00,31
6913,Natural Office Marker Pen #6913,200.50,34
6914,Organic Tech Keyboard #6914,1978.75,37
6915,Premium Pet Pet Shampoo #6915,382.50,40
6916,Roasted Coffee Decaf Pods #6916,359.00,43
6917,Sweet Tea Matcha Powder #6917,192.25,46
6918,Light Snack Pretzel Sticks #6918,148.00,49
6919,Special Drink Soda Can 330ml #6919,118.25,52
6920,Local Bakery Sourdough Loaf #6920,44.49,55
6921,Fresh Dairy Whipping Cream #6921,401.99,58
6922,Classic Pantry Tomato Sauce #6922,284.50,61
6923,Original Frozen Fish Fillet #6923,380.49,64
6924,Salted Produce Cherry Tomato #6924,87.50,67
6925,Spicy Meat Bacon Strips #6925,124.50,70
6926,Deluxe Bath Conditioner 200ml #6926,44.50,73
6927,Imported Clean Dish Soap #6927,302.75,76
6928,Natural Office Ballpen Black #6928,202.99,79
6929,Organic Tech Webcam #6929,758.99,82
6930,Premium Pet Aquarium Pellets #6930,933.50,85
6931,Roasted Coffee Mocha Mix #6931,460.49,88
6932,Sweet Tea Oolong Tin #6932,293.99,91
6933,Light Snack Cheese Crackers #6933,225.49,94
6934,Special Drink Iced Tea Bottle #6934,78.50,97
6935,Local Bakery Baguette #6935,217.49,5
6936,Fresh Dairy Whole Milk 1L #6936,242.00,8
6937,Classic Pantry Pasta 500g #6937,488.99,11
6938,Original Frozen Veggie Mix #6938,588.99,14
6939,Salted Produce Carrot Pack #6939,167.50,17
6940,Spicy Meat Pork Loin #6940,607.75,20
6941,Deluxe Bath Body Wash #6941,157.49,23
6942,Imported Clean All-Purpose Spray #6942,243.50,26
6943,Natural Office Notebook A5 #6943,123.99,29
6944,Organic Tech USB-C Cable #6944,294.75,32
6945,Premium Pet Bird Seed #6945,425.49,35
6946,Roasted Coffee Latte Powder #6946,198.49,38
6947,Sweet Tea Earl Grey Box #6947,421.00,41
6948,Light Snack Granola Bar #6948,53.00,44
6949,Special Drink Energy Drink #6949,103.99,47
6950,Local Bakery Croissant #6950,145.75,50
6951,Fresh Dairy Skim Milk 1L #6951,320.00,53
6952,Classic Pantry Olive Oil 500ml #6952,452.75,56
6953,Original Frozen Frozen Dumplings #6953,327.99,59
6954,Salted Produce Sweet Onion #6954,133.49,62
6955,Spicy Meat Sausage Pack #6955,390.49,65
6956,Deluxe Bath Toothpaste #6956,222.00,68
6957,Imported Clean Bleach Bottle #6957,308.50,71
6958,Natural Office Sticky Notes #6958,221.50,74
6959,Organic Tech Phone Charger #6959,755.50,77
6960,Premium Pet Dog Food 1kg #6960,700.25,80
6961,Roasted Coffee Cappuccino Sticks #6961,610.49,83
6962,Sweet Tea Jasmine Pearls #6962,436.50,86
6963,Light Snack Trail Mix #6963,157.50,89
6964,Special Drink Sports Drink #6964,153.50,92
6965,Local Bakery Cinnamon Roll #6965,139.50,95
6966,Fresh Dairy Greek Yogurt #6966,135.00,98
6967,Classic Pantry Soy Sauce 1L #6967,254.99,6
6968,Original Frozen Frozen Pizza #6968,416.25,9
6969,Salted Produce Garlic Bulb #6969,143.99,12
6970,Spicy Meat Lamb Chops #6970,614.75,15
6971,Deluxe Bath Mouthwash #6971,105.00,18
6972,Imported Clean Floor Wax #6972,178.99,21
6973,Natural Office Highlighter #6973,35.99,24
6974,Organic Tech Earphones #6974,2384.75,27
6975,Premium Pet Cat Food 1kg #6975,468.00,30
6976,Roasted Coffee Espresso Beans #6976,585.50,33
6977,Sweet Tea Hibiscus Leaves #6977,233.00,36
6978,Light Snack Popcorn Bag #6978,225.25,39
6979,Special Drink Juice Box #6979,69.50,42
6980,Local Bakery Banana Bread #6980,114.99,45
6981,Fresh Dairy Cheddar Block #6981,229.50,48
6982,Classic Pantry Brown Sugar 1kg #6982,147.75,51
6983,Original Frozen Ice Cream Tub #6983,615.00,54
6984,Salted Produce Red Apple #6984,168.00,57
6985,Spicy Meat Turkey Slice #6985,337.49,60
6986,Deluxe Bath Deodorant #6986,84.00,63
6987,Imported Clean Glass Cleaner #6987,82.49,66
6988,Natural Office Stapler #6988,159.99,69
6989,Organic Tech Power Bank #6989,380.00,72
6990,Premium Pet Pet Treats #6990,621.50,75
6991,Roasted Coffee Arabica Grounds #6991,595.99,78
6992,Sweet Tea Green Tea Bags #6992,357.25,81
6993,Light Snack Beef Jerky #6993,22.00,84
6994,Special Drink Coconut Water #6994,172.49,87
6995,Local Bakery Muffin #6995,110.00,90
6996,Fresh Dairy Mozzarella Ball #6996,222.75,93
6997,Classic Pantry Iodized Salt #6997,58.25,96
6998,Original Frozen Frozen Berries #6998,564.00,99
6999,Salted Produce Banana Bunch #6999,16.75,7
7000,Spicy Meat Pork Belly #7000,1229.25,10
7001,Deluxe Bath Hand Sanitizer #7001,348.75,13
7002,Imported Clean Trash Bags #7002,131.49,16
7003,Natural Office Tape Roll #7003,242.99,19
7004,Organic Tech HDMI Cable #7004,1019.75,22
7005,Premium Pet Cat Litter #7005,121.49,25
7006,Roasted Coffee Cold Brew Concentrate #7006,552.75,28
7007,Sweet Tea Black Tea Loose #7007,109.25,31
7008,Light Snack Potato Chips #7008,228.99,34
7009,Special Drink Lemonade Bottle #7009,81.50,37
7010,Local Bakery Bagel #7010,210.00,40
7011,Fresh Dairy Butter Stick #7011,301.75,43
7012,Classic Pantry Black Pepper #7012,454.75,46
7013,Original Frozen French Fries #7013,341.49,49
7014,Salted Produce Cavendish #7014,105.00,52
7015,Spicy Meat Chicken Breast #7015,1101.49,55
7016,Deluxe Bath Bar Soap #7016,327.49,58
7017,Imported Clean Sponge Pack #7017,148.75,61
7018,Natural Office Eraser #7018,168.25,64
7019,Organic Tech Wireless Mouse #7019,418.00,67
7020,Premium Pet Dog Toy #7020,431.99,70
7021,Roasted Coffee Instant Sachets #7021,618.75,73
7022,Sweet Tea Chamomile Pouch #7022,83.99,76
7023,Light Snack Tortilla Chips #7023,78.25,79
7024,Special Drink Mineral Water 500ml #7024,96.50,82
7025,Local Bakery Donut #7025,108.25,85
7026,Fresh Dairy Cream Cheese #7026,70.99,88
7027,Classic Pantry Vinegar Bottle #7027,49.99,91
7028,Original Frozen Chicken Nuggets #7028,438.99,94
7029,Salted Produce Green Lettuce #7029,52.25,97
7030,Spicy Meat Ground Beef #7030,693.49,5
7031,Deluxe Bath Shampoo 200ml #7031,265.50,8
7032,Imported Clean Laundry Pod #7032,350.75,11
7033,Natural Office Marker Pen #7033,212.00,14
7034,Organic Tech Keyboard #7034,1911.00,17
7035,Premium Pet Pet Shampoo #7035,667.50,20
7036,Roasted Coffee Decaf Pods #7036,168.49,23
7037,Sweet Tea Matcha Powder #7037,384.50,26
7038,Light Snack Pretzel Sticks #7038,227.99,29
7039,Special Drink Soda Can 330ml #7039,164.49,32
7040,Local Bakery Sourdough Loaf #7040,67.50,35
7041,Fresh Dairy Whipping Cream #7041,341.00,38
7042,Classic Pantry Tomato Sauce #7042,485.00,41
7043,Original Frozen Fish Fillet #7043,279.75,44
7044,Salted Produce Cherry Tomato #7044,49.25,47
7045,Spicy Meat Bacon Strips #7045,1384.75,50
7046,Deluxe Bath Conditioner 200ml #7046,222.49,53
7047,Imported Clean Dish Soap #7047,224.50,56
7048,Natural Office Ballpen Black #7048,215.75,59
7049,Organic Tech Webcam #7049,1829.00,62
7050,Premium Pet Aquarium Pellets #7050,322.00,65
7051,Roasted Coffee Mocha Mix #7051,507.00,68
7052,Sweet Tea Oolong Tin #7052,305.99,71
7053,Light Snack Cheese Crackers #7053,174.75,74
7054,Special Drink Iced Tea Bottle #7054,97.25,77
7055,Local Bakery Baguette #7055,155.49,80
7056,Fresh Dairy Whole Milk 1L #7056,166.50,83
7057,Classic Pantry Pasta 500g #7057,385.50,86
7058,Original Frozen Veggie Mix #7058,387.99,89
7059,Salted Produce Carrot Pack #7059,161.75,92
7060,Spicy Meat Pork Loin #7060,160.49,95
7061,Deluxe Bath Body Wash #7061,279.25,98
7062,Imported Clean All-Purpose Spray #7062,178.50,6
7063,Natural Office Notebook A5 #7063,72.49,9
7064,Organic Tech USB-C Cable #7064,1155.50,12
7065,Premium Pet Bird Seed #7065,435.75,15
7066,Roasted Coffee Latte Powder #7066,157.00,18
7067,Sweet Tea Earl Grey Box #7067,135.25,21
7068,Light Snack Granola Bar #7068,173.00,24
7069,Special Drink Energy Drink #7069,133.50,27
7070,Local Bakery Croissant #7070,31.99,30
7071,Fresh Dairy Skim Milk 1L #7071,354.00,33
7072,Classic Pantry Olive Oil 500ml #7072,366.25,36
7073,Original Frozen Frozen Dumplings #7073,112.75,39
7074,Salted Produce Sweet Onion #7074,84.25,42
7075,Spicy Meat Sausage Pack #7075,644.75,45
7076,Deluxe Bath Toothpaste #7076,238.75,48
7077,Imported Clean Bleach Bottle #7077,409.00,51
7078,Natural Office Sticky Notes #7078,71.00,54
7079,Organic Tech Phone Charger #7079,216.00,57
7080,Premium Pet Dog Food 1kg #7080,792.75,60
7081,Roasted Coffee Cappuccino Sticks #7081,122.00,63
7082,Sweet Tea Jasmine Pearls #7082,178.49,66
7083,Light Snack Trail Mix #7083,195.25,69
7084,Special Drink Sports Drink #7084,84.49,72
7085,Local Bakery Cinnamon Roll #7085,33.00,75
7086,Fresh Dairy Greek Yogurt #7086,75.75,78
7087,Classic Pantry Soy Sauce 1L #7087,329.50,81
7088,Original Frozen Frozen Pizza #7088,233.00,84
7089,Salted Produce Garlic Bulb #7089,39.75,87
7090,Spicy Meat Lamb Chops #7090,649.00,90
7091,Deluxe Bath Mouthwash #7091,314.25,93
7092,Imported Clean Floor Wax #7092,172.75,96
7093,Natural Office Highlighter #7093,70.49,99
7094,Organic Tech Earphones #7094,656.49,7
7095,Premium Pet Cat Food 1kg #7095,819.49,10
7096,Roasted Coffee Espresso Beans #7096,572.50,13
7097,Sweet Tea Hibiscus Leaves #7097,302.25,16
7098,Light Snack Popcorn Bag #7098,33.49,19
7099,Special Drink Juice Box #7099,148.50,22
7100,Local Bakery Banana Bread #7100,113.25,25
7101,Fresh Dairy Cheddar Block #7101,301.75,28
7102,Classic Pantry Brown Sugar 1kg #7102,108.99,31
7103,Original Frozen Ice Cream Tub #7103,287.00,34
7104,Salted Produce Red Apple #7104,49.49,37
7105,Spicy Meat Turkey Slice #7105,1186.00,40
7106,Deluxe Bath Deodorant #7106,270.25,43
7107,Imported Clean Glass Cleaner #7107,68.75,46
7108,Natural Office Stapler #7108,182.25,49
7109,Organic Tech Power Bank #7109,1474.75,52
7110,Premium Pet Pet Treats #7110,323.50,55
7111,Roasted Coffee Arabica Grounds #7111,120.49,58
7112,Sweet Tea Green Tea Bags #7112,114.25,61
7113,Light Snack Beef Jerky #7113,47.99,64
7114,Special Drink Coconut Water #7114,62.49,67
7115,Local Bakery Muffin #7115,110.49,70
7116,Fresh Dairy Mozzarella Ball #7116,357.49,73
7117,Classic Pantry Iodized Salt #7117,390.00,76
7118,Original Frozen Frozen Berries #7118,183.25,79
7119,Salted Produce Banana Bunch #7119,131.00,82
7120,Spicy Meat Pork Belly #7120,176.25,85
7121,Deluxe Bath Hand Sanitizer #7121,187.50,88
7122,Imported Clean Trash Bags #7122,295.00,91
7123,Natural Office Tape Roll #7123,200.00,94
7124,Organic Tech HDMI Cable #7124,1781.49,97
7125,Premium Pet Cat Litter #7125,842.49,5
7126,Roasted Coffee Cold Brew Concentrate #7126,552.00,8
7127,Sweet Tea Black Tea Loose #7127,51.49,11
7128,Light Snack Potato Chips #7128,238.50,14
7129,Special Drink Lemonade Bottle #7129,118.49,17
7130,Local Bakery Bagel #7130,151.99,20
7131,Fresh Dairy Butter Stick #7131,400.99,23
7132,Classic Pantry Black Pepper #7132,317.99,26
7133,Original Frozen French Fries #7133,289.50,29
7134,Salted Produce Cavendish #7134,37.75,32
7135,Spicy Meat Chicken Breast #7135,1453.49,35
7136,Deluxe Bath Bar Soap #7136,228.75,38
7137,Imported Clean Sponge Pack #7137,198.50,41
7138,Natural Office Eraser #7138,65.50,44
7139,Organic Tech Wireless Mouse #7139,189.00,47
7140,Premium Pet Dog Toy #7140,620.75,50
7141,Roasted Coffee Instant Sachets #7141,369.49,53
7142,Sweet Tea Chamomile Pouch #7142,70.25,56
7143,Light Snack Tortilla Chips #7143,33.50,59
7144,Special Drink Mineral Water 500ml #7144,67.00,62
7145,Local Bakery Donut #7145,26.49,65
7146,Fresh Dairy Cream Cheese #7146,195.49,68
7147,Classic Pantry Vinegar Bottle #7147,265.75,71
7148,Original Frozen Chicken Nuggets #7148,179.50,74
7149,Salted Produce Green Lettuce #7149,80.75,77
7150,Spicy Meat Ground Beef #7150,1354.99,80
7151,Deluxe Bath Shampoo 200ml #7151,120.49,83
7152,Imported Clean Laundry Pod #7152,319.99,86
7153,Natural Office Marker Pen #7153,212.25,89
7154,Organic Tech Keyboard #7154,241.00,92
7155,Premium Pet Pet Shampoo #7155,267.00,95
7156,Roasted Coffee Decaf Pods #7156,576.00,98
7157,Sweet Tea Matcha Powder #7157,155.49,6
7158,Light Snack Pretzel Sticks #7158,141.49,9
7159,Special Drink Soda Can 330ml #7159,109.50,12
7160,Local Bakery Sourdough Loaf #7160,82.50,15
7161,Fresh Dairy Whipping Cream #7161,173.00,18
7162,Classic Pantry Tomato Sauce #7162,359.25,21
7163,Original Frozen Fish Fillet #7163,464.00,24
7164,Salted Produce Cherry Tomato #7164,51.00,27
7165,Spicy Meat Bacon Strips #7165,616.00,30
7166,Deluxe Bath Conditioner 200ml #7166,207.50,33
7167,Imported Clean Dish Soap #7167,63.99,36
7168,Natural Office Ballpen Black #7168,56.00,39
7169,Organic Tech Webcam #7169,275.99,42
7170,Premium Pet Aquarium Pellets #7170,552.75,45
7171,Roasted Coffee Mocha Mix #7171,139.75,48
7172,Sweet Tea Oolong Tin #7172,417.49,51
7173,Light Snack Cheese Crackers #7173,146.49,54
7174,Special Drink Iced Tea Bottle #7174,123.00,57
7175,Local Bakery Baguette #7175,61.50,60
7176,Fresh Dairy Whole Milk 1L #7176,400.50,63
7177,Classic Pantry Pasta 500g #7177,193.99,66
7178,Original Frozen Veggie Mix #7178,585.50,69
7179,Salted Produce Carrot Pack #7179,151.99,72
7180,Spicy Meat Pork Loin #7180,465.00,75
7181,Deluxe Bath Body Wash #7181,58.75,78
7182,Imported Clean All-Purpose Spray #7182,300.25,81
7183,Natural Office Notebook A5 #7183,40.49,84
7184,Organic Tech USB-C Cable #7184,1057.75,87
7185,Premium Pet Bird Seed #7185,369.00,90
7186,Roasted Coffee Latte Powder #7186,128.50,93
7187,Sweet Tea Earl Grey Box #7187,183.99,96
7188,Light Snack Granola Bar #7188,127.25,99
7189,Special Drink Energy Drink #7189,77.25,7
7190,Local Bakery Croissant #7190,164.75,10
7191,Fresh Dairy Skim Milk 1L #7191,327.99,13
7192,Classic Pantry Olive Oil 500ml #7192,184.25,16
7193,Original Frozen Frozen Dumplings #7193,183.25,19
7194,Salted Produce Sweet Onion #7194,159.75,22
7195,Spicy Meat Sausage Pack #7195,686.49,25
7196,Deluxe Bath Toothpaste #7196,298.49,28
7197,Imported Clean Bleach Bottle #7197,229.50,31
7198,Natural Office Sticky Notes #7198,28.50,34
7199,Organic Tech Phone Charger #7199,1383.99,37
7200,Premium Pet Dog Food 1kg #7200,623.49,40
7201,Roasted Coffee Cappuccino Sticks #7201,137.75,43
7202,Sweet Tea Jasmine Pearls #7202,150.99,46
7203,Light Snack Trail Mix #7203,177.75,49
7204,Special Drink Sports Drink #7204,74.49,52
7205,Local Bakery Cinnamon Roll #7205,188.00,55
7206,Fresh Dairy Greek Yogurt #7206,122.99,58
7207,Classic Pantry Soy Sauce 1L #7207,481.75,61
7208,Original Frozen Frozen Pizza #7208,515.25,64
7209,Salted Produce Garlic Bulb #7209,111.25,67
7210,Spicy Meat Lamb Chops #7210,527.50,70
7211,Deluxe Bath Mouthwash #7211,77.75,73
7212,Imported Clean Floor Wax #7212,67.25,76
7213,Natural Office Highlighter #7213,56.99,79
7214,Organic Tech Earphones #7214,1603.50,82
7215,Premium Pet Cat Food 1kg #7215,132.50,85
7216,Roasted Coffee Espresso Beans #7216,346.00,88
7217,Sweet Tea Hibiscus Leaves #7217,437.49,91
7218,Light Snack Popcorn Bag #7218,87.50,94
7219,Special Drink Juice Box #7219,139.75,97
7220,Local Bakery Banana Bread #7220,142.75,5
7221,Fresh Dairy Cheddar Block #7221,157.25,8
7222,Classic Pantry Brown Sugar 1kg #7222,317.25,11
7223,Original Frozen Ice Cream Tub #7223,425.00,14
7224,Salted Produce Red Apple #7224,170.50,17
7225,Spicy Meat Turkey Slice #7225,921.50,20
7226,Deluxe Bath Deodorant #7226,334.49,23
7227,Imported Clean Glass Cleaner #7227,392.75,26
7228,Natural Office Stapler #7228,144.75,29
7229,Organic Tech Power Bank #7229,2049.99,32
7230,Premium Pet Pet Treats #7230,464.49,35
7231,Roasted Coffee Arabica Grounds #7231,475.00,38
7232,Sweet Tea Green Tea Bags #7232,232.75,41
7233,Light Snack Beef Jerky #7233,103.75,44
7234,Special Drink Coconut Water #7234,121.99,47
7235,Local Bakery Muffin #7235,123.25,50
7236,Fresh Dairy Mozzarella Ball #7236,285.75,53
7237,Classic Pantry Iodized Salt #7237,283.99,56
7238,Original Frozen Frozen Berries #7238,459.50,59
7239,Salted Produce Banana Bunch #7239,151.00,62
7240,Spicy Meat Pork Belly #7240,1370.75,65
7241,Deluxe Bath Hand Sanitizer #7241,329.00,68
7242,Imported Clean Trash Bags #7242,249.75,71
7243,Natural Office Tape Roll #7243,167.75,74
7244,Organic Tech HDMI Cable #7244,708.00,77
7245,Premium Pet Cat Litter #7245,653.25,80
7246,Roasted Coffee Cold Brew Concentrate #7246,483.25,83
7247,Sweet Tea Black Tea Loose #7247,91.00,86
7248,Light Snack Potato Chips #7248,68.50,89
7249,Special Drink Lemonade Bottle #7249,146.50,92
7250,Local Bakery Bagel #7250,150.00,95
7251,Fresh Dairy Butter Stick #7251,118.75,98
7252,Classic Pantry Black Pepper #7252,291.75,6
7253,Original Frozen French Fries #7253,636.49,9
7254,Salted Produce Cavendish #7254,75.49,12
7255,Spicy Meat Chicken Breast #7255,864.25,15
7256,Deluxe Bath Bar Soap #7256,95.25,18
7257,Imported Clean Sponge Pack #7257,74.49,21
7258,Natural Office Eraser #7258,88.49,24
7259,Organic Tech Wireless Mouse #7259,1298.75,27
7260,Premium Pet Dog Toy #7260,413.99,30
7261,Roasted Coffee Instant Sachets #7261,304.25,33
7262,Sweet Tea Chamomile Pouch #7262,260.00,36
7263,Light Snack Tortilla Chips #7263,116.25,39
7264,Special Drink Mineral Water 500ml #7264,118.49,42
7265,Local Bakery Donut #7265,133.99,45
7266,Fresh Dairy Cream Cheese #7266,317.00,48
7267,Classic Pantry Vinegar Bottle #7267,447.00,51
7268,Original Frozen Chicken Nuggets #7268,414.49,54
7269,Salted Produce Green Lettuce #7269,150.99,57
7270,Spicy Meat Ground Beef #7270,250.25,60
7271,Deluxe Bath Shampoo 200ml #7271,185.49,63
7272,Imported Clean Laundry Pod #7272,214.49,66
7273,Natural Office Marker Pen #7273,44.25,69
7274,Organic Tech Keyboard #7274,2438.50,72
7275,Premium Pet Pet Shampoo #7275,246.99,75
7276,Roasted Coffee Decaf Pods #7276,390.75,78
7277,Sweet Tea Matcha Powder #7277,59.25,81
7278,Light Snack Pretzel Sticks #7278,34.50,84
7279,Special Drink Soda Can 330ml #7279,49.99,87
7280,Local Bakery Sourdough Loaf #7280,103.99,90
7281,Fresh Dairy Whipping Cream #7281,160.99,93
7282,Classic Pantry Tomato Sauce #7282,414.25,96
7283,Original Frozen Fish Fillet #7283,460.25,99
7284,Salted Produce Cherry Tomato #7284,119.50,7
7285,Spicy Meat Bacon Strips #7285,1246.99,10
7286,Deluxe Bath Conditioner 200ml #7286,279.75,13
7287,Imported Clean Dish Soap #7287,277.25,16
7288,Natural Office Ballpen Black #7288,81.50,19
7289,Organic Tech Webcam #7289,266.50,22
7290,Premium Pet Aquarium Pellets #7290,161.50,25
7291,Roasted Coffee Mocha Mix #7291,293.49,28
7292,Sweet Tea Oolong Tin #7292,96.99,31
7293,Light Snack Cheese Crackers #7293,231.99,34
7294,Special Drink Iced Tea Bottle #7294,105.25,37
7295,Local Bakery Baguette #7295,140.25,40
7296,Fresh Dairy Whole Milk 1L #7296,179.75,43
7297,Classic Pantry Pasta 500g #7297,381.49,46
7298,Original Frozen Veggie Mix #7298,467.50,49
7299,Salted Produce Carrot Pack #7299,144.00,52
7300,Spicy Meat Pork Loin #7300,1292.49,55
7301,Deluxe Bath Body Wash #7301,240.00,58
7302,Imported Clean All-Purpose Spray #7302,122.75,61
7303,Natural Office Notebook A5 #7303,48.50,64
7304,Organic Tech USB-C Cable #7304,1308.25,67
7305,Premium Pet Bird Seed #7305,456.99,70
7306,Roasted Coffee Latte Powder #7306,645.75,73
7307,Sweet Tea Earl Grey Box #7307,176.00,76
7308,Light Snack Granola Bar #7308,231.00,79
7309,Special Drink Energy Drink #7309,34.99,82
7310,Local Bakery Croissant #7310,164.50,85
7311,Fresh Dairy Skim Milk 1L #7311,340.75,88
7312,Classic Pantry Olive Oil 500ml #7312,143.50,91
7313,Original Frozen Frozen Dumplings #7313,502.25,94
7314,Salted Produce Sweet Onion #7314,124.99,97
7315,Spicy Meat Sausage Pack #7315,1217.00,5
7316,Deluxe Bath Toothpaste #7316,42.75,8
7317,Imported Clean Bleach Bottle #7317,98.49,11
7318,Natural Office Sticky Notes #7318,75.99,14
7319,Organic Tech Phone Charger #7319,490.99,17
7320,Premium Pet Dog Food 1kg #7320,283.00,20
7321,Roasted Coffee Cappuccino Sticks #7321,109.25,23
7322,Sweet Tea Jasmine Pearls #7322,460.99,26
7323,Light Snack Trail Mix #7323,220.75,29
7324,Special Drink Sports Drink #7324,172.49,32
7325,Local Bakery Cinnamon Roll #7325,145.00,35
7326,Fresh Dairy Greek Yogurt #7326,244.50,38
7327,Classic Pantry Soy Sauce 1L #7327,254.99,41
7328,Original Frozen Frozen Pizza #7328,377.25,44
7329,Salted Produce Garlic Bulb #7329,98.75,47
7330,Spicy Meat Lamb Chops #7330,1283.49,50
7331,Deluxe Bath Mouthwash #7331,343.99,53
7332,Imported Clean Floor Wax #7332,204.49,56
7333,Natural Office Highlighter #7333,92.25,59
7334,Organic Tech Earphones #7334,250.75,62
7335,Premium Pet Cat Food 1kg #7335,301.25,65
7336,Roasted Coffee Espresso Beans #7336,340.25,68
7337,Sweet Tea Hibiscus Leaves #7337,235.99,71
7338,Light Snack Popcorn Bag #7338,179.49,74
7339,Special Drink Juice Box #7339,22.75,77
7340,Local Bakery Banana Bread #7340,148.25,80
7341,Fresh Dairy Cheddar Block #7341,389.75,83
7342,Classic Pantry Brown Sugar 1kg #7342,159.50,86
7343,Original Frozen Ice Cream Tub #7343,315.25,89
7344,Salted Produce Red Apple #7344,164.25,92
7345,Spicy Meat Turkey Slice #7345,1090.25,95
7346,Deluxe Bath Deodorant #7346,277.99,98
7347,Imported Clean Glass Cleaner #7347,78.00,6
7348,Natural Office Stapler #7348,83.99,9
7349,Organic Tech Power Bank #7349,1544.00,12
7350,Premium Pet Pet Treats #7350,648.50,15
7351,Roasted Coffee Arabica Grounds #7351,127.49,18
7352,Sweet Tea Green Tea Bags #7352,415.49,21
7353,Light Snack Beef Jerky #7353,20.50,24
7354,Special Drink Coconut Water #7354,103.49,27
7355,Local Bakery Muffin #7355,209.99,30
7356,Fresh Dairy Mozzarella Ball #7356,337.49,33
7357,Classic Pantry Iodized Salt #7357,391.49,36
7358,Original Frozen Frozen Berries #7358,463.75,39
7359,Salted Produce Banana Bunch #7359,86.00,42
7360,Spicy Meat Pork Belly #7360,776.75,45
7361,Deluxe Bath Hand Sanitizer #7361,157.25,48
7362,Imported Clean Trash Bags #7362,316.99,51
7363,Natural Office Tape Roll #7363,65.99,54
7364,Organic Tech HDMI Cable #7364,1602.75,57
7365,Premium Pet Cat Litter #7365,416.75,60
7366,Roasted Coffee Cold Brew Concentrate #7366,271.99,63
7367,Sweet Tea Black Tea Loose #7367,263.99,66
7368,Light Snack Potato Chips #7368,15.25,69
7369,Special Drink Lemonade Bottle #7369,39.00,72
7370,Local Bakery Bagel #7370,81.99,75
7371,Fresh Dairy Butter Stick #7371,217.49,78
7372,Classic Pantry Black Pepper #7372,114.25,81
7373,Original Frozen French Fries #7373,296.50,84
7374,Salted Produce Cavendish #7374,57.25,87
7375,Spicy Meat Chicken Breast #7375,1179.50,90
7376,Deluxe Bath Bar Soap #7376,164.49,93
7377,Imported Clean Sponge Pack #7377,313.00,96
7378,Natural Office Eraser #7378,242.00,99
7379,Organic Tech Wireless Mouse #7379,1540.75,7
7380,Premium Pet Dog Toy #7380,304.50,10
7381,Roasted Coffee Instant Sachets #7381,369.25,13
7382,Sweet Tea Chamomile Pouch #7382,130.25,16
7383,Light Snack Tortilla Chips #7383,66.00,19
7384,Special Drink Mineral Water 500ml #7384,131.49,22
7385,Local Bakery Donut #7385,53.25,25
7386,Fresh Dairy Cream Cheese #7386,256.99,28
7387,Classic Pantry Vinegar Bottle #7387,179.50,31
7388,Original Frozen Chicken Nuggets #7388,463.49,34
7389,Salted Produce Green Lettuce #7389,49.00,37
7390,Spicy Meat Ground Beef #7390,1313.50,40
7391,Deluxe Bath Shampoo 200ml #7391,288.25,43
7392,Imported Clean Laundry Pod #7392,215.75,46
7393,Natural Office Marker Pen #7393,102.25,49
7394,Organic Tech Keyboard #7394,2137.99,52
7395,Premium Pet Pet Shampoo #7395,327.75,55
7396,Roasted Coffee Decaf Pods #7396,524.75,58
7397,Sweet Tea Matcha Powder #7397,331.49,61
7398,Light Snack Pretzel Sticks #7398,123.25,64
7399,Special Drink Soda Can 330ml #7399,124.99,67
7400,Local Bakery Sourdough Loaf #7400,42.50,70
7401,Fresh Dairy Whipping Cream #7401,68.75,73
7402,Classic Pantry Tomato Sauce #7402,366.25,76
7403,Original Frozen Fish Fillet #7403,194.75,79
7404,Salted Produce Cherry Tomato #7404,132.75,82
7405,Spicy Meat Bacon Strips #7405,1136.00,85
7406,Deluxe Bath Conditioner 200ml #7406,260.49,88
7407,Imported Clean Dish Soap #7407,130.50,91
7408,Natural Office Ballpen Black #7408,32.50,94
7409,Organic Tech Webcam #7409,2462.00,97
7410,Premium Pet Aquarium Pellets #7410,884.99,5
7411,Roasted Coffee Mocha Mix #7411,62.25,8
7412,Sweet Tea Oolong Tin #7412,161.50,11
7413,Light Snack Cheese Crackers #7413,86.00,14
7414,Special Drink Iced Tea Bottle #7414,87.49,17
7415,Local Bakery Baguette #7415,205.99,20
7416,Fresh Dairy Whole Milk 1L #7416,209.00,23
7417,Classic Pantry Pasta 500g #7417,187.75,26
7418,Original Frozen Veggie Mix #7418,274.75,29
7419,Salted Produce Carrot Pack #7419,156.75,32
7420,Spicy Meat Pork Loin #7420,770.99,35
7421,Deluxe Bath Body Wash #7421,189.25,38
7422,Imported Clean All-Purpose Spray #7422,312.75,41
7423,Natural Office Notebook A5 #7423,115.50,44
7424,Organic Tech USB-C Cable #7424,2414.25,47
7425,Premium Pet Bird Seed #7425,629.25,50
7426,Roasted Coffee Latte Powder #7426,201.50,53
7427,Sweet Tea Earl Grey Box #7427,249.49,56
7428,Light Snack Granola Bar #7428,99.75,59
7429,Special Drink Energy Drink #7429,86.25,62
7430,Local Bakery Croissant #7430,131.75,65
7431,Fresh Dairy Skim Milk 1L #7431,322.25,68
7432,Classic Pantry Olive Oil 500ml #7432,105.99,71
7433,Original Frozen Frozen Dumplings #7433,221.25,74
7434,Salted Produce Sweet Onion #7434,61.50,77
7435,Spicy Meat Sausage Pack #7435,368.50,80
7436,Deluxe Bath Toothpaste #7436,46.99,83
7437,Imported Clean Bleach Bottle #7437,333.49,86
7438,Natural Office Sticky Notes #7438,32.25,89
7439,Organic Tech Phone Charger #7439,2046.00,92
7440,Premium Pet Dog Food 1kg #7440,938.50,95
7441,Roasted Coffee Cappuccino Sticks #7441,455.49,98
7442,Sweet Tea Jasmine Pearls #7442,329.25,6
7443,Light Snack Trail Mix #7443,232.99,9
7444,Special Drink Sports Drink #7444,110.25,12
7445,Local Bakery Cinnamon Roll #7445,121.99,15
7446,Fresh Dairy Greek Yogurt #7446,360.00,18
7447,Classic Pantry Soy Sauce 1L #7447,62.25,21
7448,Original Frozen Frozen Pizza #7448,236.50,24
7449,Salted Produce Garlic Bulb #7449,56.50,27
7450,Spicy Meat Lamb Chops #7450,373.49,30
7451,Deluxe Bath Mouthwash #7451,297.75,33
7452,Imported Clean Floor Wax #7452,63.75,36
7453,Natural Office Highlighter #7453,204.99,39
7454,Organic Tech Earphones #7454,1578.50,42
7455,Premium Pet Cat Food 1kg #7455,735.49,45
7456,Roasted Coffee Espresso Beans #7456,636.25,48
7457,Sweet Tea Hibiscus Leaves #7457,354.00,51
7458,Light Snack Popcorn Bag #7458,150.99,54
7459,Special Drink Juice Box #7459,167.25,57
7460,Local Bakery Banana Bread #7460,34.99,60
7461,Fresh Dairy Cheddar Block #7461,270.75,63
7462,Classic Pantry Brown Sugar 1kg #7462,369.50,66
7463,Original Frozen Ice Cream Tub #7463,312.75,69
7464,Salted Produce Red Apple #7464,89.25,72
7465,Spicy Meat Turkey Slice #7465,1177.25,75
7466,Deluxe Bath Deodorant #7466,182.75,78
7467,Imported Clean Glass Cleaner #7467,149.00,81
7468,Natural Office Stapler #7468,114.50,84
7469,Organic Tech Power Bank #7469,2491.99,87
7470,Premium Pet Pet Treats #7470,917.99,90
7471,Roasted Coffee Arabica Grounds #7471,556.49,93
7472,Sweet Tea Green Tea Bags #7472,57.50,96
7473,Light Snack Beef Jerky #7473,145.50,99
7474,Special Drink Coconut Water #7474,165.00,7
7475,Local Bakery Muffin #7475,198.99,10
7476,Fresh Dairy Mozzarella Ball #7476,73.50,13
7477,Classic Pantry Iodized Salt #7477,314.50,16
7478,Original Frozen Frozen Berries #7478,244.75,19
7479,Salted Produce Banana Bunch #7479,72.49,22
7480,Spicy Meat Pork Belly #7480,554.00,25
7481,Deluxe Bath Hand Sanitizer #7481,176.49,28
7482,Imported Clean Trash Bags #7482,341.75,31
7483,Natural Office Tape Roll #7483,119.50,34
7484,Organic Tech HDMI Cable #7484,1298.50,37
7485,Premium Pet Cat Litter #7485,830.99,40
7486,Roasted Coffee Cold Brew Concentrate #7486,360.25,43
7487,Sweet Tea Black Tea Loose #7487,65.50,46
7488,Light Snack Potato Chips #7488,137.00,49
7489,Special Drink Lemonade Bottle #7489,157.99,52
7490,Local Bakery Bagel #7490,184.99,55
7491,Fresh Dairy Butter Stick #7491,227.99,58
7492,Classic Pantry Black Pepper #7492,196.00,61
7493,Original Frozen French Fries #7493,352.49,64
7494,Salted Produce Cavendish #7494,102.25,67
7495,Spicy Meat Chicken Breast #7495,1391.25,70
7496,Deluxe Bath Bar Soap #7496,61.00,73
7497,Imported Clean Sponge Pack #7497,72.49,76
7498,Natural Office Eraser #7498,143.49,79
7499,Organic Tech Wireless Mouse #7499,870.50,82
7500,Premium Pet Dog Toy #7500,720.25,85
7501,Roasted Coffee Instant Sachets #7501,463.00,88
7502,Sweet Tea Chamomile Pouch #7502,105.99,91
7503,Light Snack Tortilla Chips #7503,238.25,94
7504,Special Drink Mineral Water 500ml #7504,158.00,97
7505,Local Bakery Donut #7505,138.25,5
7506,Fresh Dairy Cream Cheese #7506,107.99,8
7507,Classic Pantry Vinegar Bottle #7507,398.25,11
7508,Original Frozen Chicken Nuggets #7508,298.49,14
7509,Salted Produce Green Lettuce #7509,108.99,17
7510,Spicy Meat Ground Beef #7510,396.99,20
7511,Deluxe Bath Shampoo 200ml #7511,347.49,23
7512,Imported Clean Laundry Pod #7512,405.49,26
7513,Natural Office Marker Pen #7513,32.75,29
7514,Organic Tech Keyboard #7514,914.99,32
7515,Premium Pet Pet Shampoo #7515,583.00,35
7516,Roasted Coffee Decaf Pods #7516,609.75,38
7517,Sweet Tea Matcha Powder #7517,91.49,41
7518,Light Snack Pretzel Sticks #7518,212.00,44
7519,Special Drink Soda Can 330ml #7519,168.50,47
7520,Local Bakery Sourdough Loaf #7520,62.25,50
7521,Fresh Dairy Whipping Cream #7521,81.75,53
7522,Classic Pantry Tomato Sauce #7522,292.99,56
7523,Original Frozen Fish Fillet #7523,281.99,59
7524,Salted Produce Cherry Tomato #7524,126.50,62
7525,Spicy Meat Bacon Strips #7525,1145.25,65
7526,Deluxe Bath Conditioner 200ml #7526,209.25,68
7527,Imported Clean Dish Soap #7527,352.99,71
7528,Natural Office Ballpen Black #7528,99.99,74
7529,Organic Tech Webcam #7529,999.75,77
7530,Premium Pet Aquarium Pellets #7530,915.00,80
7531,Roasted Coffee Mocha Mix #7531,420.75,83
7532,Sweet Tea Oolong Tin #7532,149.75,86
7533,Light Snack Cheese Crackers #7533,143.25,89
7534,Special Drink Iced Tea Bottle #7534,67.49,92
7535,Local Bakery Baguette #7535,132.25,95
7536,Fresh Dairy Whole Milk 1L #7536,412.25,98
7537,Classic Pantry Pasta 500g #7537,410.50,6
7538,Original Frozen Veggie Mix #7538,615.49,9
7539,Salted Produce Carrot Pack #7539,126.99,12
7540,Spicy Meat Pork Loin #7540,906.99,15
7541,Deluxe Bath Body Wash #7541,203.25,18
7542,Imported Clean All-Purpose Spray #7542,63.00,21
7543,Natural Office Notebook A5 #7543,39.99,24
7544,Organic Tech USB-C Cable #7544,1530.49,27
7545,Premium Pet Bird Seed #7545,251.75,30
7546,Roasted Coffee Latte Powder #7546,373.99,33
7547,Sweet Tea Earl Grey Box #7547,257.50,36
7548,Light Snack Granola Bar #7548,30.50,39
7549,Special Drink Energy Drink #7549,146.99,42
7550,Local Bakery Croissant #7550,189.75,45
7551,Fresh Dairy Skim Milk 1L #7551,300.49,48
7552,Classic Pantry Olive Oil 500ml #7552,106.49,51
7553,Original Frozen Frozen Dumplings #7553,336.00,54
7554,Salted Produce Sweet Onion #7554,173.50,57
7555,Spicy Meat Sausage Pack #7555,868.50,60
7556,Deluxe Bath Toothpaste #7556,247.49,63
7557,Imported Clean Bleach Bottle #7557,189.75,66
7558,Natural Office Sticky Notes #7558,123.49,69
7559,Organic Tech Phone Charger #7559,542.25,72
7560,Premium Pet Dog Food 1kg #7560,574.75,75
7561,Roasted Coffee Cappuccino Sticks #7561,600.50,78
7562,Sweet Tea Jasmine Pearls #7562,279.25,81
7563,Light Snack Trail Mix #7563,194.25,84
7564,Special Drink Sports Drink #7564,35.50,87
7565,Local Bakery Cinnamon Roll #7565,117.50,90
7566,Fresh Dairy Greek Yogurt #7566,136.00,93
7567,Classic Pantry Soy Sauce 1L #7567,469.25,96
7568,Original Frozen Frozen Pizza #7568,326.50,99
7569,Salted Produce Garlic Bulb #7569,78.99,7
7570,Spicy Meat Lamb Chops #7570,867.25,10
7571,Deluxe Bath Mouthwash #7571,279.25,13
7572,Imported Clean Floor Wax #7572,387.75,16
7573,Natural Office Highlighter #7573,20.75,19
7574,Organic Tech Earphones #7574,2189.00,22
7575,Premium Pet Cat Food 1kg #7575,117.49,25
7576,Roasted Coffee Espresso Beans #7576,550.25,28
7577,Sweet Tea Hibiscus Leaves #7577,340.00,31
7578,Light Snack Popcorn Bag #7578,102.00,34
7579,Special Drink Juice Box #7579,142.25,37
7580,Local Bakery Banana Bread #7580,71.25,40
7581,Fresh Dairy Cheddar Block #7581,143.99,43
7582,Classic Pantry Brown Sugar 1kg #7582,277.00,46
7583,Original Frozen Ice Cream Tub #7583,144.25,49
7584,Salted Produce Red Apple #7584,173.25,52
7585,Spicy Meat Turkey Slice #7585,223.49,55
7586,Deluxe Bath Deodorant #7586,45.49,58
7587,Imported Clean Glass Cleaner #7587,134.25,61
7588,Natural Office Stapler #7588,192.75,64
7589,Organic Tech Power Bank #7589,1603.00,67
7590,Premium Pet Pet Treats #7590,136.99,70
7591,Roasted Coffee Arabica Grounds #7591,69.25,73
7592,Sweet Tea Green Tea Bags #7592,322.50,76
7593,Light Snack Beef Jerky #7593,100.25,79
7594,Special Drink Coconut Water #7594,117.00,82
7595,Local Bakery Muffin #7595,198.00,85
7596,Fresh Dairy Mozzarella Ball #7596,123.00,88
7597,Classic Pantry Iodized Salt #7597,279.99,91
7598,Original Frozen Frozen Berries #7598,242.25,94
7599,Salted Produce Banana Bunch #7599,69.00,97
7600,Spicy Meat Pork Belly #7600,1051.25,5
7601,Deluxe Bath Hand Sanitizer #7601,298.00,8
7602,Imported Clean Trash Bags #7602,377.99,11
7603,Natural Office Tape Roll #7603,99.50,14
7604,Organic Tech HDMI Cable #7604,1375.50,17
7605,Premium Pet Cat Litter #7605,289.75,20
7606,Roasted Coffee Cold Brew Concentrate #7606,391.50,23
7607,Sweet Tea Black Tea Loose #7607,317.00,26
7608,Light Snack Potato Chips #7608,153.99,29
7609,Special Drink Lemonade Bottle #7609,41.75,32
7610,Local Bakery Bagel #7610,65.49,35
7611,Fresh Dairy Butter Stick #7611,45.50,38
7612,Classic Pantry Black Pepper #7612,416.25,41
7613,Original Frozen French Fries #7613,349.99,44
7614,Salted Produce Cavendish #7614,125.49,47
7615,Spicy Meat Chicken Breast #7615,447.25,50
7616,Deluxe Bath Bar Soap #7616,231.49,53
7617,Imported Clean Sponge Pack #7617,263.49,56
7618,Natural Office Eraser #7618,224.50,59
7619,Organic Tech Wireless Mouse #7619,1995.99,62
7620,Premium Pet Dog Toy #7620,713.25,65
7621,Roasted Coffee Instant Sachets #7621,613.50,68
7622,Sweet Tea Chamomile Pouch #7622,71.99,71
7623,Light Snack Tortilla Chips #7623,109.75,74
7624,Special Drink Mineral Water 500ml #7624,94.49,77
7625,Local Bakery Donut #7625,67.99,80
7626,Fresh Dairy Cream Cheese #7626,153.00,83
7627,Classic Pantry Vinegar Bottle #7627,168.50,86
7628,Original Frozen Chicken Nuggets #7628,371.99,89
7629,Salted Produce Green Lettuce #7629,97.49,92
7630,Spicy Meat Ground Beef #7630,1153.49,95
7631,Deluxe Bath Shampoo 200ml #7631,243.75,98
7632,Imported Clean Laundry Pod #7632,373.49,6
7633,Natural Office Marker Pen #7633,30.00,9
7634,Organic Tech Keyboard #7634,901.75,12
7635,Premium Pet Pet Shampoo #7635,152.25,15
7636,Roasted Coffee Decaf Pods #7636,614.49,18
7637,Sweet Tea Matcha Powder #7637,473.00,21
7638,Light Snack Pretzel Sticks #7638,153.75,24
7639,Special Drink Soda Can 330ml #7639,152.75,27
7640,Local Bakery Sourdough Loaf #7640,181.50,30
7641,Fresh Dairy Whipping Cream #7641,274.49,33
7642,Classic Pantry Tomato Sauce #7642,429.49,36
7643,Original Frozen Fish Fillet #7643,95.25,39
7644,Salted Produce Cherry Tomato #7644,30.99,42
7645,Spicy Meat Bacon Strips #7645,801.75,45
7646,Deluxe Bath Conditioner 200ml #7646,274.50,48
7647,Imported Clean Dish Soap #7647,385.00,51
7648,Natural Office Ballpen Black #7648,231.75,54
7649,Organic Tech Webcam #7649,977.99,57
7650,Premium Pet Aquarium Pellets #7650,806.75,60
7651,Roasted Coffee Mocha Mix #7651,136.00,63
7652,Sweet Tea Oolong Tin #7652,499.25,66
7653,Light Snack Cheese Crackers #7653,142.25,69
7654,Special Drink Iced Tea Bottle #7654,75.75,72
7655,Local Bakery Baguette #7655,104.25,75
7656,Fresh Dairy Whole Milk 1L #7656,357.00,78
7657,Classic Pantry Pasta 500g #7657,118.00,81
7658,Original Frozen Veggie Mix #7658,554.50,84
7659,Salted Produce Carrot Pack #7659,156.99,87
7660,Spicy Meat Pork Loin #7660,938.99,90
7661,Deluxe Bath Body Wash #7661,304.99,93
7662,Imported Clean All-Purpose Spray #7662,143.49,96
7663,Natural Office Notebook A5 #7663,18.49,99
7664,Organic Tech USB-C Cable #7664,448.50,7
7665,Premium Pet Bird Seed #7665,131.00,10
7666,Roasted Coffee Latte Powder #7666,82.49,13
7667,Sweet Tea Earl Grey Box #7667,48.00,16
7668,Light Snack Granola Bar #7668,154.00,19
7669,Special Drink Energy Drink #7669,67.49,22
7670,Local Bakery Croissant #7670,33.49,25
7671,Fresh Dairy Skim Milk 1L #7671,386.99,28
7672,Classic Pantry Olive Oil 500ml #7672,431.49,31
7673,Original Frozen Frozen Dumplings #7673,431.50,34
7674,Salted Produce Sweet Onion #7674,115.50,37
7675,Spicy Meat Sausage Pack #7675,762.99,40
7676,Deluxe Bath Toothpaste #7676,155.50,43
7677,Imported Clean Bleach Bottle #7677,286.50,46
7678,Natural Office Sticky Notes #7678,223.50,49
7679,Organic Tech Phone Charger #7679,704.50,52
7680,Premium Pet Dog Food 1kg #7680,436.99,55
7681,Roasted Coffee Cappuccino Sticks #7681,287.00,58
7682,Sweet Tea Jasmine Pearls #7682,283.99,61
7683,Light Snack Trail Mix #7683,125.75,64
7684,Special Drink Sports Drink #7684,71.50,67
7685,Local Bakery Cinnamon Roll #7685,148.75,70
7686,Fresh Dairy Greek Yogurt #7686,193.49,73
7687,Classic Pantry Soy Sauce 1L #7687,474.49,76
7688,Original Frozen Frozen Pizza #7688,607.50,79
7689,Salted Produce Garlic Bulb #7689,122.49,82
7690,Spicy Meat Lamb Chops #7690,396.00,85
7691,Deluxe Bath Mouthwash #7691,170.00,88
7692,Imported Clean Floor Wax #7692,92.00,91
7693,Natural Office Highlighter #7693,124.99,94
7694,Organic Tech Earphones #7694,2035.49,97
7695,Premium Pet Cat Food 1kg #7695,930.50,5
7696,Roasted Coffee Espresso Beans #7696,482.25,8
7697,Sweet Tea Hibiscus Leaves #7697,152.99,11
7698,Light Snack Popcorn Bag #7698,83.00,14
7699,Special Drink Juice Box #7699,41.00,17
7700,Local Bakery Banana Bread #7700,218.49,20
7701,Fresh Dairy Cheddar Block #7701,195.75,23
7702,Classic Pantry Brown Sugar 1kg #7702,61.99,26
7703,Original Frozen Ice Cream Tub #7703,464.99,29
7704,Salted Produce Red Apple #7704,32.00,32
7705,Spicy Meat Turkey Slice #7705,211.25,35
7706,Deluxe Bath Deodorant #7706,244.75,38
7707,Imported Clean Glass Cleaner #7707,327.49,41
7708,Natural Office Stapler #7708,196.75,44
7709,Organic Tech Power Bank #7709,1151.49,47
7710,Premium Pet Pet Treats #7710,205.50,50
7711,Roasted Coffee Arabica Grounds #7711,117.49,53
7712,Sweet Tea Green Tea Bags #7712,111.99,56
7713,Light Snack Beef Jerky #7713,224.00,59
7714,Special Drink Coconut Water #7714,20.99,62
7715,Local Bakery Muffin #7715,74.00,65
7716,Fresh Dairy Mozzarella Ball #7716,195.99,68
7717,Classic Pantry Iodized Salt #7717,423.00,71
7718,Original Frozen Frozen Berries #7718,427.75,74
7719,Salted Produce Banana Bunch #7719,135.99,77
7720,Spicy Meat Pork Belly #7720,1241.00,80
7721,Deluxe Bath Hand Sanitizer #7721,347.00,83
7722,Imported Clean Trash Bags #7722,301.49,86
7723,Natural Office Tape Roll #7723,139.75,89
7724,Organic Tech HDMI Cable #7724,1513.25,92
7725,Premium Pet Cat Litter #7725,372.49,95
7726,Roasted Coffee Cold Brew Concentrate #7726,225.00,98
7727,Sweet Tea Black Tea Loose #7727,298.50,6
7728,Light Snack Potato Chips #7728,178.49,9
7729,Special Drink Lemonade Bottle #7729,56.99,12
7730,Local Bakery Bagel #7730,172.99,15
7731,Fresh Dairy Butter Stick #7731,194.99,18
7732,Classic Pantry Black Pepper #7732,314.25,21
7733,Original Frozen French Fries #7733,112.25,24
7734,Salted Produce Cavendish #7734,92.75,27
7735,Spicy Meat Chicken Breast #7735,1413.50,30
7736,Deluxe Bath Bar Soap #7736,103.75,33
7737,Imported Clean Sponge Pack #7737,312.00,36
7738,Natural Office Eraser #7738,26.75,39
7739,Organic Tech Wireless Mouse #7739,800.00,42
7740,Premium Pet Dog Toy #7740,878.99,45
7741,Roasted Coffee Instant Sachets #7741,421.49,48
7742,Sweet Tea Chamomile Pouch #7742,435.50,51
7743,Light Snack Tortilla Chips #7743,69.49,54
7744,Special Drink Mineral Water 500ml #7744,40.75,57
7745,Local Bakery Donut #7745,55.50,60
7746,Fresh Dairy Cream Cheese #7746,106.75,63
7747,Classic Pantry Vinegar Bottle #7747,358.99,66
7748,Original Frozen Chicken Nuggets #7748,562.00,69
7749,Salted Produce Green Lettuce #7749,83.25,72
7750,Spicy Meat Ground Beef #7750,467.50,75
7751,Deluxe Bath Shampoo 200ml #7751,177.49,78
7752,Imported Clean Laundry Pod #7752,340.99,81
7753,Natural Office Marker Pen #7753,94.49,84
7754,Organic Tech Keyboard #7754,538.50,87
7755,Premium Pet Pet Shampoo #7755,737.49,90
7756,Roasted Coffee Decaf Pods #7756,236.75,93
7757,Sweet Tea Matcha Powder #7757,119.00,96
7758,Light Snack Pretzel Sticks #7758,130.75,99
7759,Special Drink Soda Can 330ml #7759,71.49,7
7760,Local Bakery Sourdough Loaf #7760,37.25,10
7761,Fresh Dairy Whipping Cream #7761,393.75,13
7762,Classic Pantry Tomato Sauce #7762,66.00,16
7763,Original Frozen Fish Fillet #7763,231.00,19
7764,Salted Produce Cherry Tomato #7764,106.75,22
7765,Spicy Meat Bacon Strips #7765,1264.00,25
7766,Deluxe Bath Conditioner 200ml #7766,102.99,28
7767,Imported Clean Dish Soap #7767,294.49,31
7768,Natural Office Ballpen Black #7768,60.49,34
7769,Organic Tech Webcam #7769,1401.00,37
7770,Premium Pet Aquarium Pellets #7770,730.00,40
7771,Roasted Coffee Mocha Mix #7771,220.50,43
7772,Sweet Tea Oolong Tin #7772,221.25,46
7773,Light Snack Cheese Crackers #7773,245.75,49
7774,Special Drink Iced Tea Bottle #7774,63.25,52
7775,Local Bakery Baguette #7775,44.00,55
7776,Fresh Dairy Whole Milk 1L #7776,311.25,58
7777,Classic Pantry Pasta 500g #7777,232.00,61
7778,Original Frozen Veggie Mix #7778,574.75,64
7779,Salted Produce Carrot Pack #7779,159.00,67
7780,Spicy Meat Pork Loin #7780,1034.75,70
7781,Deluxe Bath Body Wash #7781,288.99,73
7782,Imported Clean All-Purpose Spray #7782,234.75,76
7783,Natural Office Notebook A5 #7783,52.50,79
7784,Organic Tech USB-C Cable #7784,2236.00,82
7785,Premium Pet Bird Seed #7785,65.75,85
7786,Roasted Coffee Latte Powder #7786,534.75,88
7787,Sweet Tea Earl Grey Box #7787,240.99,91
7788,Light Snack Granola Bar #7788,141.25,94
7789,Special Drink Energy Drink #7789,52.99,97
7790,Local Bakery Croissant #7790,207.99,5
7791,Fresh Dairy Skim Milk 1L #7791,122.99,8
7792,Classic Pantry Olive Oil 500ml #7792,301.75,11
7793,Original Frozen Frozen Dumplings #7793,560.99,14
7794,Salted Produce Sweet Onion #7794,43.00,17
7795,Spicy Meat Sausage Pack #7795,212.99,20
7796,Deluxe Bath Toothpaste #7796,239.00,23
7797,Imported Clean Bleach Bottle #7797,74.00,26
7798,Natural Office Sticky Notes #7798,130.75,29
7799,Organic Tech Phone Charger #7799,1899.49,32
7800,Premium Pet Dog Food 1kg #7800,478.50,35
7801,Roasted Coffee Cappuccino Sticks #7801,54.75,38
7802,Sweet Tea Jasmine Pearls #7802,342.50,41
7803,Light Snack Trail Mix #7803,197.25,44
7804,Special Drink Sports Drink #7804,166.50,47
7805,Local Bakery Cinnamon Roll #7805,182.25,50
7806,Fresh Dairy Greek Yogurt #7806,103.25,53
7807,Classic Pantry Soy Sauce 1L #7807,420.49,56
7808,Original Frozen Frozen Pizza #7808,424.00,59
7809,Salted Produce Garlic Bulb #7809,128.99,62
7810,Spicy Meat Lamb Chops #7810,1173.00,65
7811,Deluxe Bath Mouthwash #7811,258.50,68
7812,Imported Clean Floor Wax #7812,305.00,71
7813,Natural Office Highlighter #7813,16.50,74
7814,Organic Tech Earphones #7814,1947.25,77
7815,Premium Pet Cat Food 1kg #7815,682.99,80
7816,Roasted Coffee Espresso Beans #7816,273.00,83
7817,Sweet Tea Hibiscus Leaves #7817,231.49,86
7818,Light Snack Popcorn Bag #7818,193.25,89
7819,Special Drink Juice Box #7819,60.00,92
7820,Local Bakery Banana Bread #7820,146.75,95
7821,Fresh Dairy Cheddar Block #7821,102.25,98
7822,Classic Pantry Brown Sugar 1kg #7822,458.00,6
7823,Original Frozen Ice Cream Tub #7823,479.25,9
7824,Salted Produce Red Apple #7824,149.50,12
7825,Spicy Meat Turkey Slice #7825,587.25,15
7826,Deluxe Bath Deodorant #7826,81.99,18
7827,Imported Clean Glass Cleaner #7827,348.49,21
7828,Natural Office Stapler #7828,93.75,24
7829,Organic Tech Power Bank #7829,1799.99,27
7830,Premium Pet Pet Treats #7830,128.00,30
7831,Roasted Coffee Arabica Grounds #7831,104.25,33
7832,Sweet Tea Green Tea Bags #7832,145.49,36
7833,Light Snack Beef Jerky #7833,111.00,39
7834,Special Drink Coconut Water #7834,130.99,42
7835,Local Bakery Muffin #7835,115.99,45
7836,Fresh Dairy Mozzarella Ball #7836,343.00,48
7837,Classic Pantry Iodized Salt #7837,395.99,51
7838,Original Frozen Frozen Berries #7838,501.75,54
7839,Salted Produce Banana Bunch #7839,58.49,57
7840,Spicy Meat Pork Belly #7840,784.25,60
7841,Deluxe Bath Hand Sanitizer #7841,286.99,63
7842,Imported Clean Trash Bags #7842,344.99,66
7843,Natural Office Tape Roll #7843,166.50,69
7844,Organic Tech HDMI Cable #7844,526.75,72
7845,Premium Pet Cat Litter #7845,659.50,75
7846,Roasted Coffee Cold Brew Concentrate #7846,187.99,78
7847,Sweet Tea Black Tea Loose #7847,441.75,81
7848,Light Snack Potato Chips #7848,76.49,84
7849,Special Drink Lemonade Bottle #7849,160.75,87
7850,Local Bakery Bagel #7850,74.75,90
7851,Fresh Dairy Butter Stick #7851,383.99,93
7852,Classic Pantry Black Pepper #7852,227.25,96
7853,Original Frozen French Fries #7853,95.25,99
7854,Salted Produce Cavendish #7854,37.49,7
7855,Spicy Meat Chicken Breast #7855,1413.75,10
7856,Deluxe Bath Bar Soap #7856,316.99,13
7857,Imported Clean Sponge Pack #7857,127.50,16
7858,Natural Office Eraser #7858,39.25,19
7859,Organic Tech Wireless Mouse #7859,2028.75,22
7860,Premium Pet Dog Toy #7860,76.00,25
7861,Roasted Coffee Instant Sachets #7861,424.99,28
7862,Sweet Tea Chamomile Pouch #7862,134.25,31
7863,Light Snack Tortilla Chips #7863,235.99,34
7864,Special Drink Mineral Water 500ml #7864,118.00,37
7865,Local Bakery Donut #7865,39.25,40
7866,Fresh Dairy Cream Cheese #7866,218.99,43
7867,Classic Pantry Vinegar Bottle #7867,250.75,46
7868,Original Frozen Chicken Nuggets #7868,520.99,49
7869,Salted Produce Green Lettuce #7869,162.75,52
7870,Spicy Meat Ground Beef #7870,1313.75,55
7871,Deluxe Bath Shampoo 200ml #7871,49.00,58
7872,Imported Clean Laundry Pod #7872,245.99,61
7873,Natural Office Marker Pen #7873,103.75,64
7874,Organic Tech Keyboard #7874,2497.49,67
7875,Premium Pet Pet Shampoo #7875,599.75,70
7876,Roasted Coffee Decaf Pods #7876,230.49,73
7877,Sweet Tea Matcha Powder #7877,73.49,76
7878,Light Snack Pretzel Sticks #7878,178.25,79
7879,Special Drink Soda Can 330ml #7879,68.00,82
7880,Local Bakery Sourdough Loaf #7880,146.49,85
7881,Fresh Dairy Whipping Cream #7881,406.50,88
7882,Classic Pantry Tomato Sauce #7882,425.49,91
7883,Original Frozen Fish Fillet #7883,408.75,94
7884,Salted Produce Cherry Tomato #7884,56.50,97
7885,Spicy Meat Bacon Strips #7885,1444.25,5
7886,Deluxe Bath Conditioner 200ml #7886,145.99,8
7887,Imported Clean Dish Soap #7887,181.00,11
7888,Natural Office Ballpen Black #7888,178.25,14
7889,Organic Tech Webcam #7889,318.99,17
7890,Premium Pet Aquarium Pellets #7890,212.99,20
7891,Roasted Coffee Mocha Mix #7891,449.49,23
7892,Sweet Tea Oolong Tin #7892,174.00,26
7893,Light Snack Cheese Crackers #7893,91.99,29
7894,Special Drink Iced Tea Bottle #7894,42.49,32
7895,Local Bakery Baguette #7895,82.99,35
7896,Fresh Dairy Whole Milk 1L #7896,180.75,38
7897,Classic Pantry Pasta 500g #7897,101.75,41
7898,Original Frozen Veggie Mix #7898,581.25,44
7899,Salted Produce Carrot Pack #7899,145.00,47
7900,Spicy Meat Pork Loin #7900,316.75,50
7901,Deluxe Bath Body Wash #7901,129.50,53
7902,Imported Clean All-Purpose Spray #7902,290.25,56
7903,Natural Office Notebook A5 #7903,210.00,59
7904,Organic Tech USB-C Cable #7904,382.50,62
7905,Premium Pet Bird Seed #7905,781.49,65
7906,Roasted Coffee Latte Powder #7906,541.99,68
7907,Sweet Tea Earl Grey Box #7907,315.50,71
7908,Light Snack Granola Bar #7908,174.75,74
7909,Special Drink Energy Drink #7909,151.99,77
7910,Local Bakery Croissant #7910,112.50,80
7911,Fresh Dairy Skim Milk 1L #7911,187.00,83
7912,Classic Pantry Olive Oil 500ml #7912,492.00,86
7913,Original Frozen Frozen Dumplings #7913,213.50,89
7914,Salted Produce Sweet Onion #7914,20.75,92
7915,Spicy Meat Sausage Pack #7915,697.50,95
7916,Deluxe Bath Toothpaste #7916,108.00,98
7917,Imported Clean Bleach Bottle #7917,329.49,6
7918,Natural Office Sticky Notes #7918,183.49,9
7919,Organic Tech Phone Charger #7919,1779.25,12
7920,Premium Pet Dog Food 1kg #7920,301.75,15
7921,Roasted Coffee Cappuccino Sticks #7921,291.25,18
7922,Sweet Tea Jasmine Pearls #7922,467.25,21
7923,Light Snack Trail Mix #7923,159.49,24
7924,Special Drink Sports Drink #7924,61.75,27
7925,Local Bakery Cinnamon Roll #7925,83.99,30
7926,Fresh Dairy Greek Yogurt #7926,415.50,33
7927,Classic Pantry Soy Sauce 1L #7927,260.25,36
7928,Original Frozen Frozen Pizza #7928,553.49,39
7929,Salted Produce Garlic Bulb #7929,120.75,42
7930,Spicy Meat Lamb Chops #7930,1155.50,45
7931,Deluxe Bath Mouthwash #7931,227.00,48
7932,Imported Clean Floor Wax #7932,386.25,51
7933,Natural Office Highlighter #7933,149.00,54
7934,Organic Tech Earphones #7934,923.00,57
7935,Premium Pet Cat Food 1kg #7935,702.00,60
7936,Roasted Coffee Espresso Beans #7936,538.99,63
7937,Sweet Tea Hibiscus Leaves #7937,93.50,66
7938,Light Snack Popcorn Bag #7938,194.75,69
7939,Special Drink Juice Box #7939,21.25,72
7940,Local Bakery Banana Bread #7940,192.75,75
7941,Fresh Dairy Cheddar Block #7941,221.25,78
7942,Classic Pantry Brown Sugar 1kg #7942,348.00,81
7943,Original Frozen Ice Cream Tub #7943,174.00,84
7944,Salted Produce Red Apple #7944,173.99,87
7945,Spicy Meat Turkey Slice #7945,474.75,90
7946,Deluxe Bath Deodorant #7946,270.00,93
7947,Imported Clean Glass Cleaner #7947,71.75,96
7948,Natural Office Stapler #7948,117.50,99
7949,Organic Tech Power Bank #7949,2482.00,7
7950,Premium Pet Pet Treats #7950,174.25,10
7951,Roasted Coffee Arabica Grounds #7951,230.50,13
7952,Sweet Tea Green Tea Bags #7952,40.75,16
7953,Light Snack Beef Jerky #7953,192.49,19
7954,Special Drink Coconut Water #7954,31.50,22
7955,Local Bakery Muffin #7955,93.50,25
7956,Fresh Dairy Mozzarella Ball #7956,93.25,28
7957,Classic Pantry Iodized Salt #7957,401.25,31
7958,Original Frozen Frozen Berries #7958,461.49,34
7959,Salted Produce Banana Bunch #7959,168.49,37
7960,Spicy Meat Pork Belly #7960,687.50,40
7961,Deluxe Bath Hand Sanitizer #7961,253.49,43
7962,Imported Clean Trash Bags #7962,153.00,46
7963,Natural Office Tape Roll #7963,19.75,49
7964,Organic Tech HDMI Cable #7964,2449.00,52
7965,Premium Pet Cat Litter #7965,501.25,55
7966,Roasted Coffee Cold Brew Concentrate #7966,71.50,58
7967,Sweet Tea Black Tea Loose #7967,462.49,61
7968,Light Snack Potato Chips #7968,18.50,64
7969,Special Drink Lemonade Bottle #7969,102.49,67
7970,Local Bakery Bagel #7970,124.00,70
7971,Fresh Dairy Butter Stick #7971,359.50,73
7972,Classic Pantry Black Pepper #7972,320.49,76
7973,Original Frozen French Fries #7973,581.00,79
7974,Salted Produce Cavendish #7974,124.49,82
7975,Spicy Meat Chicken Breast #7975,961.99,85
7976,Deluxe Bath Bar Soap #7976,313.49,88
7977,Imported Clean Sponge Pack #7977,222.75,91
7978,Natural Office Eraser #7978,231.49,94
7979,Organic Tech Wireless Mouse #7979,1561.99,97
7980,Premium Pet Dog Toy #7980,130.49,5
7981,Roasted Coffee Instant Sachets #7981,573.00,8
7982,Sweet Tea Chamomile Pouch #7982,52.50,11
7983,Light Snack Tortilla Chips #7983,128.00,14
7984,Special Drink Mineral Water 500ml #7984,70.99,17
7985,Local Bakery Donut #7985,142.50,20
7986,Fresh Dairy Cream Cheese #7986,378.25,23
7987,Classic Pantry Vinegar Bottle #7987,468.49,26
7988,Original Frozen Chicken Nuggets #7988,598.50,29
7989,Salted Produce Green Lettuce #7989,140.99,32
7990,Spicy Meat Ground Beef #7990,235.50,35
7991,Deluxe Bath Shampoo 200ml #7991,115.75,38
7992,Imported Clean Laundry Pod #7992,136.25,41
7993,Natural Office Marker Pen #7993,127.49,44
7994,Organic Tech Keyboard #7994,1884.75,47
7995,Premium Pet Pet Shampoo #7995,860.49,50
7996,Roasted Coffee Decaf Pods #7996,338.25,53
7997,Sweet Tea Matcha Powder #7997,499.49,56
7998,Light Snack Pretzel Sticks #7998,174.25,59
7999,Special Drink Soda Can 330ml #7999,147.00,62
8000,Local Bakery Sourdough Loaf #8000,142.49,65
8001,Fresh Dairy Whipping Cream #8001,313.49,68
8002,Classic Pantry Tomato Sauce #8002,321.99,71
8003,Original Frozen Fish Fillet #8003,145.49,74
8004,Salted Produce Cherry Tomato #8004,50.75,77
8005,Spicy Meat Bacon Strips #8005,790.00,80
8006,Deluxe Bath Conditioner 200ml #8006,112.49,83
8007,Imported Clean Dish Soap #8007,252.99,86
8008,Natural Office Ballpen Black #8008,106.00,89
8009,Organic Tech Webcam #8009,644.25,92
8010,Premium Pet Aquarium Pellets #8010,791.99,95
8011,Roasted Coffee Mocha Mix #8011,462.00,98
8012,Sweet Tea Oolong Tin #8012,217.99,6
8013,Light Snack Cheese Crackers #8013,135.50,9
8014,Special Drink Iced Tea Bottle #8014,62.49,12
8015,Local Bakery Baguette #8015,49.75,15
8016,Fresh Dairy Whole Milk 1L #8016,107.25,18
8017,Classic Pantry Pasta 500g #8017,246.99,21
8018,Original Frozen Veggie Mix #8018,513.99,24
8019,Salted Produce Carrot Pack #8019,117.49,27
8020,Spicy Meat Pork Loin #8020,260.25,30
8021,Deluxe Bath Body Wash #8021,262.99,33
8022,Imported Clean All-Purpose Spray #8022,144.50,36
8023,Natural Office Notebook A5 #8023,41.49,39
8024,Organic Tech USB-C Cable #8024,437.75,42
8025,Premium Pet Bird Seed #8025,398.00,45
8026,Roasted Coffee Latte Powder #8026,190.50,48
8027,Sweet Tea Earl Grey Box #8027,188.75,51
8028,Light Snack Granola Bar #8028,85.49,54
8029,Special Drink Energy Drink #8029,66.50,57
8030,Local Bakery Croissant #8030,107.25,60
8031,Fresh Dairy Skim Milk 1L #8031,309.49,63
8032,Classic Pantry Olive Oil 500ml #8032,488.49,66
8033,Original Frozen Frozen Dumplings #8033,305.49,69
8034,Salted Produce Sweet Onion #8034,106.00,72
8035,Spicy Meat Sausage Pack #8035,158.50,75
8036,Deluxe Bath Toothpaste #8036,47.75,78
8037,Imported Clean Bleach Bottle #8037,274.49,81
8038,Natural Office Sticky Notes #8038,177.49,84
8039,Organic Tech Phone Charger #8039,492.25,87
8040,Premium Pet Dog Food 1kg #8040,612.99,90
8041,Roasted Coffee Cappuccino Sticks #8041,582.75,93
8042,Sweet Tea Jasmine Pearls #8042,168.75,96
8043,Light Snack Trail Mix #8043,92.50,99
8044,Special Drink Sports Drink #8044,131.25,7
8045,Local Bakery Cinnamon Roll #8045,37.00,10
8046,Fresh Dairy Greek Yogurt #8046,364.75,13
8047,Classic Pantry Soy Sauce 1L #8047,386.75,16
8048,Original Frozen Frozen Pizza #8048,110.25,19
8049,Salted Produce Garlic Bulb #8049,170.49,22
8050,Spicy Meat Lamb Chops #8050,704.75,25
8051,Deluxe Bath Mouthwash #8051,144.75,28
8052,Imported Clean Floor Wax #8052,225.99,31
8053,Natural Office Highlighter #8053,54.50,34
8054,Organic Tech Earphones #8054,1467.75,37
8055,Premium Pet Cat Food 1kg #8055,295.49,40
8056,Roasted Coffee Espresso Beans #8056,577.00,43
8057,Sweet Tea Hibiscus Leaves #8057,229.00,46
8058,Light Snack Popcorn Bag #8058,22.25,49
8059,Special Drink Juice Box #8059,83.75,52
8060,Local Bakery Banana Bread #8060,84.25,55
8061,Fresh Dairy Cheddar Block #8061,218.99,58
8062,Classic Pantry Brown Sugar 1kg #8062,367.99,61
8063,Original Frozen Ice Cream Tub #8063,173.50,64
8064,Salted Produce Red Apple #8064,165.49,67
8065,Spicy Meat Turkey Slice #8065,863.99,70
8066,Deluxe Bath Deodorant #8066,43.50,73
8067,Imported Clean Glass Cleaner #8067,405.75,76
8068,Natural Office Stapler #8068,244.49,79
8069,Organic Tech Power Bank #8069,283.25,82
8070,Premium Pet Pet Treats #8070,692.25,85
8071,Roasted Coffee Arabica Grounds #8071,494.99,88
8072,Sweet Tea Green Tea Bags #8072,407.50,91
8073,Light Snack Beef Jerky #8073,215.00,94
8074,Special Drink Coconut Water #8074,107.00,97
8075,Local Bakery Muffin #8075,154.49,5
8076,Fresh Dairy Mozzarella Ball #8076,395.75,8
8077,Classic Pantry Iodized Salt #8077,487.25,11
8078,Original Frozen Frozen Berries #8078,416.00,14
8079,Salted Produce Banana Bunch #8079,34.50,17
8080,Spicy Meat Pork Belly #8080,235.50,20
8081,Deluxe Bath Hand Sanitizer #8081,44.00,23
8082,Imported Clean Trash Bags #8082,161.50,26
8083,Natural Office Tape Roll #8083,12.00,29
8084,Organic Tech HDMI Cable #8084,1646.99,32
8085,Premium Pet Cat Litter #8085,185.50,35
8086,Roasted Coffee Cold Brew Concentrate #8086,533.25,38
8087,Sweet Tea Black Tea Loose #8087,163.75,41
8088,Light Snack Potato Chips #8088,136.00,44
8089,Special Drink Lemonade Bottle #8089,162.49,47
8090,Local Bakery Bagel #8090,122.99,50
8091,Fresh Dairy Butter Stick #8091,346.00,53
8092,Classic Pantry Black Pepper #8092,452.25,56
8093,Original Frozen French Fries #8093,407.00,59
8094,Salted Produce Cavendish #8094,65.25,62
8095,Spicy Meat Chicken Breast #8095,1370.00,65
8096,Deluxe Bath Bar Soap #8096,330.00,68
8097,Imported Clean Sponge Pack #8097,321.99,71
8098,Natural Office Eraser #8098,55.25,74
8099,Organic Tech Wireless Mouse #8099,1702.99,77
8100,Premium Pet Dog Toy #8100,118.25,80
8101,Roasted Coffee Instant Sachets #8101,334.00,83
8102,Sweet Tea Chamomile Pouch #8102,493.25,86
8103,Light Snack Tortilla Chips #8103,122.00,89
8104,Special Drink Mineral Water 500ml #8104,138.49,92
8105,Local Bakery Donut #8105,140.00,95
8106,Fresh Dairy Cream Cheese #8106,364.25,98
8107,Classic Pantry Vinegar Bottle #8107,113.99,6
8108,Original Frozen Chicken Nuggets #8108,635.49,9
8109,Salted Produce Green Lettuce #8109,32.00,12
8110,Spicy Meat Ground Beef #8110,679.49,15
8111,Deluxe Bath Shampoo 200ml #8111,304.50,18
8112,Imported Clean Laundry Pod #8112,304.75,21
8113,Natural Office Marker Pen #8113,122.49,24
8114,Organic Tech Keyboard #8114,2146.25,27
8115,Premium Pet Pet Shampoo #8115,233.25,30
8116,Roasted Coffee Decaf Pods #8116,513.50,33
8117,Sweet Tea Matcha Powder #8117,229.00,36
8118,Light Snack Pretzel Sticks #8118,156.50,39
8119,Special Drink Soda Can 330ml #8119,145.49,42
8120,Local Bakery Sourdough Loaf #8120,90.25,45
8121,Fresh Dairy Whipping Cream #8121,277.25,48
8122,Classic Pantry Tomato Sauce #8122,115.75,51
8123,Original Frozen Fish Fillet #8123,86.99,54
8124,Salted Produce Cherry Tomato #8124,27.25,57
8125,Spicy Meat Bacon Strips #8125,766.50,60
8126,Deluxe Bath Conditioner 200ml #8126,319.49,63
8127,Imported Clean Dish Soap #8127,296.00,66
8128,Natural Office Ballpen Black #8128,78.49,69
8129,Organic Tech Webcam #8129,955.99,72
8130,Premium Pet Aquarium Pellets #8130,130.49,75
8131,Roasted Coffee Mocha Mix #8131,153.50,78
8132,Sweet Tea Oolong Tin #8132,329.99,81
8133,Light Snack Cheese Crackers #8133,23.49,84
8134,Special Drink Iced Tea Bottle #8134,47.49,87
8135,Local Bakery Baguette #8135,85.75,90
8136,Fresh Dairy Whole Milk 1L #8136,64.99,93
8137,Classic Pantry Pasta 500g #8137,348.25,96
8138,Original Frozen Veggie Mix #8138,200.75,99
8139,Salted Produce Carrot Pack #8139,81.25,7
8140,Spicy Meat Pork Loin #8140,1272.99,10
8141,Deluxe Bath Body Wash #8141,248.25,13
8142,Imported Clean All-Purpose Spray #8142,223.99,16
8143,Natural Office Notebook A5 #8143,215.00,19
8144,Organic Tech USB-C Cable #8144,788.25,22
8145,Premium Pet Bird Seed #8145,914.49,25
8146,Roasted Coffee Latte Powder #8146,239.49,28
8147,Sweet Tea Earl Grey Box #8147,143.00,31
8148,Light Snack Granola Bar #8148,86.75,34
8149,Special Drink Energy Drink #8149,49.00,37
8150,Local Bakery Croissant #8150,178.75,40
8151,Fresh Dairy Skim Milk 1L #8151,394.49,43
8152,Classic Pantry Olive Oil 500ml #8152,280.75,46
8153,Original Frozen Frozen Dumplings #8153,540.99,49
8154,Salted Produce Sweet Onion #8154,151.25,52
8155,Spicy Meat Sausage Pack #8155,1274.99,55
8156,Deluxe Bath Toothpaste #8156,90.75,58
8157,Imported Clean Bleach Bottle #8157,70.50,61
8158,Natural Office Sticky Notes #8158,52.49,64
8159,Organic Tech Phone Charger #8159,2369.50,67
8160,Premium Pet Dog Food 1kg #8160,773.99,70
8161,Roasted Coffee Cappuccino Sticks #8161,515.99,73
8162,Sweet Tea Jasmine Pearls #8162,485.50,76
8163,Light Snack Trail Mix #8163,26.49,79
8164,Special Drink Sports Drink #8164,32.75,82
8165,Local Bakery Cinnamon Roll #8165,191.99,85
8166,Fresh Dairy Greek Yogurt #8166,334.99,88
8167,Classic Pantry Soy Sauce 1L #8167,217.99,91
8168,Original Frozen Frozen Pizza #8168,312.99,94
8169,Salted Produce Garlic Bulb #8169,24.99,97
8170,Spicy Meat Lamb Chops #8170,307.25,5
8171,Deluxe Bath Mouthwash #8171,322.25,8
8172,Imported Clean Floor Wax #8172,81.50,11
8173,Natural Office Highlighter #8173,175.75,14
8174,Organic Tech Earphones #8174,836.50,17
8175,Premium Pet Cat Food 1kg #8175,217.25,20
8176,Roasted Coffee Espresso Beans #8176,255.50,23
8177,Sweet Tea Hibiscus Leaves #8177,351.49,26
8178,Light Snack Popcorn Bag #8178,48.50,29
8179,Special Drink Juice Box #8179,81.00,32
8180,Local Bakery Banana Bread #8180,124.99,35
8181,Fresh Dairy Cheddar Block #8181,282.00,38
8182,Classic Pantry Brown Sugar 1kg #8182,444.50,41
8183,Original Frozen Ice Cream Tub #8183,449.00,44
8184,Salted Produce Red Apple #8184,30.25,47
8185,Spicy Meat Turkey Slice #8185,827.00,50
8186,Deluxe Bath Deodorant #8186,278.00,53
8187,Imported Clean Glass Cleaner #8187,183.25,56
8188,Natural Office Stapler #8188,52.50,59
8189,Organic Tech Power Bank #8189,2076.00,62
8190,Premium Pet Pet Treats #8190,460.50,65
8191,Roasted Coffee Arabica Grounds #8191,193.49,68
8192,Sweet Tea Green Tea Bags #8192,222.50,71
8193,Light Snack Beef Jerky #8193,89.99,74
8194,Special Drink Coconut Water #8194,154.25,77
8195,Local Bakery Muffin #8195,200.25,80
8196,Fresh Dairy Mozzarella Ball #8196,321.99,83
8197,Classic Pantry Iodized Salt #8197,396.75,86
8198,Original Frozen Frozen Berries #8198,141.00,89
8199,Salted Produce Banana Bunch #8199,159.50,92
8200,Spicy Meat Pork Belly #8200,606.00,95
8201,Deluxe Bath Hand Sanitizer #8201,54.75,98
8202,Imported Clean Trash Bags #8202,240.75,6
8203,Natural Office Tape Roll #8203,117.99,9
8204,Organic Tech HDMI Cable #8204,2279.50,12
8205,Premium Pet Cat Litter #8205,643.49,15
8206,Roasted Coffee Cold Brew Concentrate #8206,568.49,18
8207,Sweet Tea Black Tea Loose #8207,139.00,21
8208,Light Snack Potato Chips #8208,143.50,24
8209,Special Drink Lemonade Bottle #8209,68.00,27
8210,Local Bakery Bagel #8210,138.75,30
8211,Fresh Dairy Butter Stick #8211,331.49,33
8212,Classic Pantry Black Pepper #8212,261.49,36
8213,Original Frozen French Fries #8213,387.99,39
8214,Salted Produce Cavendish #8214,152.49,42
8215,Spicy Meat Chicken Breast #8215,1120.25,45
8216,Deluxe Bath Bar Soap #8216,273.99,48
8217,Imported Clean Sponge Pack #8217,368.99,51
8218,Natural Office Eraser #8218,213.75,54
8219,Organic Tech Wireless Mouse #8219,1921.00,57
8220,Premium Pet Dog Toy #8220,540.99,60
8221,Roasted Coffee Instant Sachets #8221,632.50,63
8222,Sweet Tea Chamomile Pouch #8222,158.75,66
8223,Light Snack Tortilla Chips #8223,194.50,69
8224,Special Drink Mineral Water 500ml #8224,44.00,72
8225,Local Bakery Donut #8225,214.75,75
8226,Fresh Dairy Cream Cheese #8226,96.99,78
8227,Classic Pantry Vinegar Bottle #8227,90.99,81
8228,Original Frozen Chicken Nuggets #8228,254.25,84
8229,Salted Produce Green Lettuce #8229,85.75,87
8230,Spicy Meat Ground Beef #8230,542.00,90
8231,Deluxe Bath Shampoo 200ml #8231,206.00,93
8232,Imported Clean Laundry Pod #8232,393.99,96
8233,Natural Office Marker Pen #8233,131.50,99
8234,Organic Tech Keyboard #8234,1206.00,7
8235,Premium Pet Pet Shampoo #8235,460.00,10
8236,Roasted Coffee Decaf Pods #8236,300.25,13
8237,Sweet Tea Matcha Powder #8237,80.25,16
8238,Light Snack Pretzel Sticks #8238,86.25,19
8239,Special Drink Soda Can 330ml #8239,102.25,22
8240,Local Bakery Sourdough Loaf #8240,159.25,25
8241,Fresh Dairy Whipping Cream #8241,45.25,28
8242,Classic Pantry Tomato Sauce #8242,433.25,31
8243,Original Frozen Fish Fillet #8243,363.99,34
8244,Salted Produce Cherry Tomato #8244,176.00,37
8245,Spicy Meat Bacon Strips #8245,945.25,40
8246,Deluxe Bath Conditioner 200ml #8246,287.49,43
8247,Imported Clean Dish Soap #8247,236.49,46
8248,Natural Office Ballpen Black #8248,196.75,49
8249,Organic Tech Webcam #8249,263.75,52
8250,Premium Pet Aquarium Pellets #8250,575.25,55
8251,Roasted Coffee Mocha Mix #8251,129.00,58
8252,Sweet Tea Oolong Tin #8252,50.99,61
8253,Light Snack Cheese Crackers #8253,17.00,64
8254,Special Drink Iced Tea Bottle #8254,77.99,67
8255,Local Bakery Baguette #8255,184.00,70
8256,Fresh Dairy Whole Milk 1L #8256,196.49,73
8257,Classic Pantry Pasta 500g #8257,452.25,76
8258,Original Frozen Veggie Mix #8258,223.50,79
8259,Salted Produce Carrot Pack #8259,97.99,82
8260,Spicy Meat Pork Loin #8260,1362.00,85
8261,Deluxe Bath Body Wash #8261,253.49,88
8262,Imported Clean All-Purpose Spray #8262,358.50,91
8263,Natural Office Notebook A5 #8263,129.75,94
8264,Organic Tech USB-C Cable #8264,1352.25,97
8265,Premium Pet Bird Seed #8265,906.00,5
8266,Roasted Coffee Latte Powder #8266,110.75,8
8267,Sweet Tea Earl Grey Box #8267,120.00,11
8268,Light Snack Granola Bar #8268,183.50,14
8269,Special Drink Energy Drink #8269,48.00,17
8270,Local Bakery Croissant #8270,60.75,20
8271,Fresh Dairy Skim Milk 1L #8271,62.50,23
8272,Classic Pantry Olive Oil 500ml #8272,327.99,26
8273,Original Frozen Frozen Dumplings #8273,632.49,29
8274,Salted Produce Sweet Onion #8274,98.99,32
8275,Spicy Meat Sausage Pack #8275,187.00,35
8276,Deluxe Bath Toothpaste #8276,320.75,38
8277,Imported Clean Bleach Bottle #8277,374.75,41
8278,Natural Office Sticky Notes #8278,112.50,44
8279,Organic Tech Phone Charger #8279,278.25,47
8280,Premium Pet Dog Food 1kg #8280,187.25,50
8281,Roasted Coffee Cappuccino Sticks #8281,533.25,53
8282,Sweet Tea Jasmine Pearls #8282,198.50,56
8283,Light Snack Trail Mix #8283,116.99,59
8284,Special Drink Sports Drink #8284,66.50,62
8285,Local Bakery Cinnamon Roll #8285,189.25,65
8286,Fresh Dairy Greek Yogurt #8286,292.25,68
8287,Classic Pantry Soy Sauce 1L #8287,443.25,71
8288,Original Frozen Frozen Pizza #8288,81.50,74
8289,Salted Produce Garlic Bulb #8289,95.25,77
8290,Spicy Meat Lamb Chops #8290,923.50,80
8291,Deluxe Bath Mouthwash #8291,169.50,83
8292,Imported Clean Floor Wax #8292,103.49,86
8293,Natural Office Highlighter #8293,86.00,89
8294,Organic Tech Earphones #8294,1611.50,92
8295,Premium Pet Cat Food 1kg #8295,442.99,95
8296,Roasted Coffee Espresso Beans #8296,591.00,98
8297,Sweet Tea Hibiscus Leaves #8297,81.00,6
8298,Light Snack Popcorn Bag #8298,101.50,9
8299,Special Drink Juice Box #8299,123.75,12
8300,Local Bakery Banana Bread #8300,185.49,15
8301,Fresh Dairy Cheddar Block #8301,58.75,18
8302,Classic Pantry Brown Sugar 1kg #8302,331.99,21
8303,Original Frozen Ice Cream Tub #8303,347.49,24
8304,Salted Produce Red Apple #8304,153.49,27
8305,Spicy Meat Turkey Slice #8305,631.00,30
8306,Deluxe Bath Deodorant #8306,92.00,33
8307,Imported Clean Glass Cleaner #8307,99.75,36
8308,Natural Office Stapler #8308,159.75,39
8309,Organic Tech Power Bank #8309,2411.75,42
8310,Premium Pet Pet Treats #8310,741.75,45
8311,Roasted Coffee Arabica Grounds #8311,433.75,48
8312,Sweet Tea Green Tea Bags #8312,422.99,51
8313,Light Snack Beef Jerky #8313,190.99,54
8314,Special Drink Coconut Water #8314,93.49,57
8315,Local Bakery Muffin #8315,116.75,60
8316,Fresh Dairy Mozzarella Ball #8316,140.99,63
8317,Classic Pantry Iodized Salt #8317,364.25,66
8318,Original Frozen Frozen Berries #8318,433.50,69
8319,Salted Produce Banana Bunch #8319,158.99,72
8320,Spicy Meat Pork Belly #8320,993.75,75
8321,Deluxe Bath Hand Sanitizer #8321,276.99,78
8322,Imported Clean Trash Bags #8322,62.00,81
8323,Natural Office Tape Roll #8323,53.00,84
8324,Organic Tech HDMI Cable #8324,901.50,87
8325,Premium Pet Cat Litter #8325,201.00,90
8326,Roasted Coffee Cold Brew Concentrate #8326,649.49,93
8327,Sweet Tea Black Tea Loose #8327,76.75,96
8328,Light Snack Potato Chips #8328,194.99,99
8329,Special Drink Lemonade Bottle #8329,159.25,7
8330,Local Bakery Bagel #8330,59.99,10
8331,Fresh Dairy Butter Stick #8331,305.75,13
8332,Classic Pantry Black Pepper #8332,179.99,16
8333,Original Frozen French Fries #8333,277.49,19
8334,Salted Produce Cavendish #8334,39.25,22
8335,Spicy Meat Chicken Breast #8335,1006.49,25
8336,Deluxe Bath Bar Soap #8336,160.00,28
8337,Imported Clean Sponge Pack #8337,360.49,31
8338,Natural Office Eraser #8338,86.49,34
8339,Organic Tech Wireless Mouse #8339,1983.50,37
8340,Premium Pet Dog Toy #8340,73.99,40
8341,Roasted Coffee Instant Sachets #8341,575.75,43
8342,Sweet Tea Chamomile Pouch #8342,289.00,46
8343,Light Snack Tortilla Chips #8343,17.75,49
8344,Special Drink Mineral Water 500ml #8344,45.00,52
8345,Local Bakery Donut #8345,168.00,55
8346,Fresh Dairy Cream Cheese #8346,367.25,58
8347,Classic Pantry Vinegar Bottle #8347,261.99,61
8348,Original Frozen Chicken Nuggets #8348,175.99,64
8349,Salted Produce Green Lettuce #8349,30.99,67
8350,Spicy Meat Ground Beef #8350,356.99,70
8351,Deluxe Bath Shampoo 200ml #8351,111.49,73
8352,Imported Clean Laundry Pod #8352,218.75,76
8353,Natural Office Marker Pen #8353,58.00,79
8354,Organic Tech Keyboard #8354,319.75,82
8355,Premium Pet Pet Shampoo #8355,848.75,85
8356,Roasted Coffee Decaf Pods #8356,270.25,88
8357,Sweet Tea Matcha Powder #8357,74.50,91
8358,Light Snack Pretzel Sticks #8358,142.50,94
8359,Special Drink Soda Can 330ml #8359,132.50,97
8360,Local Bakery Sourdough Loaf #8360,210.00,5
8361,Fresh Dairy Whipping Cream #8361,271.00,8
8362,Classic Pantry Tomato Sauce #8362,47.99,11
8363,Original Frozen Fish Fillet #8363,168.25,14
8364,Salted Produce Cherry Tomato #8364,79.75,17
8365,Spicy Meat Bacon Strips #8365,1021.75,20
8366,Deluxe Bath Conditioner 200ml #8366,208.49,23
8367,Imported Clean Dish Soap #8367,165.25,26
8368,Natural Office Ballpen Black #8368,102.25,29
8369,Organic Tech Webcam #8369,1529.50,32
8370,Premium Pet Aquarium Pellets #8370,565.75,35
8371,Roasted Coffee Mocha Mix #8371,223.25,38
8372,Sweet Tea Oolong Tin #8372,237.99,41
8373,Light Snack Cheese Crackers #8373,150.25,44
8374,Special Drink Iced Tea Bottle #8374,49.25,47
8375,Local Bakery Baguette #8375,106.25,50
8376,Fresh Dairy Whole Milk 1L #8376,49.50,53
8377,Classic Pantry Pasta 500g #8377,90.49,56
8378,Original Frozen Veggie Mix #8378,298.00,59
8379,Salted Produce Carrot Pack #8379,128.25,62
8380,Spicy Meat Pork Loin #8380,1264.49,65
8381,Deluxe Bath Body Wash #8381,286.49,68
8382,Imported Clean All-Purpose Spray #8382,196.75,71
8383,Natural Office Notebook A5 #8383,89.50,74
8384,Organic Tech USB-C Cable #8384,2126.00,77
8385,Premium Pet Bird Seed #8385,329.00,80
8386,Roasted Coffee Latte Powder #8386,455.99,83
8387,Sweet Tea Earl Grey Box #8387,248.25,86
8388,Light Snack Granola Bar #8388,86.25,89
8389,Special Drink Energy Drink #8389,38.99,92
8390,Local Bakery Croissant #8390,209.00,95
8391,Fresh Dairy Skim Milk 1L #8391,41.99,98
8392,Classic Pantry Olive Oil 500ml #8392,232.49,6
8393,Original Frozen Frozen Dumplings #8393,546.75,9
8394,Salted Produce Sweet Onion #8394,27.00,12
8395,Spicy Meat Sausage Pack #8395,1068.99,15
8396,Deluxe Bath Toothpaste #8396,284.99,18
8397,Imported Clean Bleach Bottle #8397,285.25,21
8398,Natural Office Sticky Notes #8398,102.99,24
8399,Organic Tech Phone Charger #8399,1964.50,27
8400,Premium Pet Dog Food 1kg #8400,522.75,30
8401,Roasted Coffee Cappuccino Sticks #8401,460.99,33
8402,Sweet Tea Jasmine Pearls #8402,364.49,36
8403,Light Snack Trail Mix #8403,130.49,39
8404,Special Drink Sports Drink #8404,144.25,42
8405,Local Bakery Cinnamon Roll #8405,120.25,45
8406,Fresh Dairy Greek Yogurt #8406,245.50,48
8407,Classic Pantry Soy Sauce 1L #8407,358.49,51
8408,Original Frozen Frozen Pizza #8408,569.50,54
8409,Salted Produce Garlic Bulb #8409,166.75,57
8410,Spicy Meat Lamb Chops #8410,245.75,60
8411,Deluxe Bath Mouthwash #8411,337.99,63
8412,Imported Clean Floor Wax #8412,361.99,66
8413,Natural Office Highlighter #8413,13.00,69
8414,Organic Tech Earphones #8414,1838.49,72
8415,Premium Pet Cat Food 1kg #8415,584.00,75
8416,Roasted Coffee Espresso Beans #8416,120.99,78
8417,Sweet Tea Hibiscus Leaves #8417,295.00,81
8418,Light Snack Popcorn Bag #8418,38.75,84
8419,Special Drink Juice Box #8419,109.49,87
8420,Local Bakery Banana Bread #8420,211.49,90
8421,Fresh Dairy Cheddar Block #8421,402.25,93
8422,Classic Pantry Brown Sugar 1kg #8422,393.50,96
8423,Original Frozen Ice Cream Tub #8423,142.49,99
8424,Salted Produce Red Apple #8424,81.99,7
8425,Spicy Meat Turkey Slice #8425,196.50,10
8426,Deluxe Bath Deodorant #8426,94.49,13
8427,Imported Clean Glass Cleaner #8427,316.75,16
8428,Natural Office Stapler #8428,147.75,19
8429,Organic Tech Power Bank #8429,1740.75,22
8430,Premium Pet Pet Treats #8430,802.25,25
8431,Roasted Coffee Arabica Grounds #8431,450.50,28
8432,Sweet Tea Green Tea Bags #8432,85.49,31
8433,Light Snack Beef Jerky #8433,96.49,34
8434,Special Drink Coconut Water #8434,57.49,37
8435,Local Bakery Muffin #8435,31.99,40
8436,Fresh Dairy Mozzarella Ball #8436,194.50,43
8437,Classic Pantry Iodized Salt #8437,391.99,46
8438,Original Frozen Frozen Berries #8438,414.00,49
8439,Salted Produce Banana Bunch #8439,81.49,52
8440,Spicy Meat Pork Belly #8440,173.75,55
8441,Deluxe Bath Hand Sanitizer #8441,294.99,58
8442,Imported Clean Trash Bags #8442,79.50,61
8443,Natural Office Tape Roll #8443,38.00,64
8444,Organic Tech HDMI Cable #8444,948.49,67
8445,Premium Pet Cat Litter #8445,47.75,70
8446,Roasted Coffee Cold Brew Concentrate #8446,117.49,73
8447,Sweet Tea Black Tea Loose #8447,217.99,76
8448,Light Snack Potato Chips #8448,27.49,79
8449,Special Drink Lemonade Bottle #8449,170.50,82
8450,Local Bakery Bagel #8450,201.00,85
8451,Fresh Dairy Butter Stick #8451,170.49,88
8452,Classic Pantry Black Pepper #8452,73.49,91
8453,Original Frozen French Fries #8453,155.25,94
8454,Salted Produce Cavendish #8454,104.75,97
8455,Spicy Meat Chicken Breast #8455,788.49,5
8456,Deluxe Bath Bar Soap #8456,202.25,8
8457,Imported Clean Sponge Pack #8457,216.25,11
8458,Natural Office Eraser #8458,226.75,14
8459,Organic Tech Wireless Mouse #8459,823.99,17
8460,Premium Pet Dog Toy #8460,868.25,20
8461,Roasted Coffee Instant Sachets #8461,68.00,23
8462,Sweet Tea Chamomile Pouch #8462,259.00,26
8463,Light Snack Tortilla Chips #8463,183.75,29
8464,Special Drink Mineral Water 500ml #8464,104.50,32
8465,Local Bakery Donut #8465,179.49,35
8466,Fresh Dairy Cream Cheese #8466,133.49,38
8467,Classic Pantry Vinegar Bottle #8467,244.49,41
8468,Original Frozen Chicken Nuggets #8468,531.00,44
8469,Salted Produce Green Lettuce #8469,17.99,47
8470,Spicy Meat Ground Beef #8470,296.00,50
8471,Deluxe Bath Shampoo 200ml #8471,115.50,53
8472,Imported Clean Laundry Pod #8472,241.00,56
8473,Natural Office Marker Pen #8473,37.49,59
8474,Organic Tech Keyboard #8474,234.50,62
8475,Premium Pet Pet Shampoo #8475,723.25,65
8476,Roasted Coffee Decaf Pods #8476,579.75,68
8477,Sweet Tea Matcha Powder #8477,274.75,71
8478,Light Snack Pretzel Sticks #8478,125.50,74
8479,Special Drink Soda Can 330ml #8479,134.50,77
8480,Local Bakery Sourdough Loaf #8480,198.99,80
8481,Fresh Dairy Whipping Cream #8481,263.99,83
8482,Classic Pantry Tomato Sauce #8482,78.25,86
8483,Original Frozen Fish Fillet #8483,425.99,89
8484,Salted Produce Cherry Tomato #8484,81.25,92
8485,Spicy Meat Bacon Strips #8485,1158.99,95
8486,Deluxe Bath Conditioner 200ml #8486,224.00,98
8487,Imported Clean Dish Soap #8487,104.50,6
8488,Natural Office Ballpen Black #8488,133.75,9
8489,Organic Tech Webcam #8489,982.99,12
8490,Premium Pet Aquarium Pellets #8490,129.50,15
8491,Roasted Coffee Mocha Mix #8491,110.99,18
8492,Sweet Tea Oolong Tin #8492,261.75,21
8493,Light Snack Cheese Crackers #8493,149.99,24
8494,Special Drink Iced Tea Bottle #8494,98.00,27
8495,Local Bakery Baguette #8495,158.75,30
8496,Fresh Dairy Whole Milk 1L #8496,284.25,33
8497,Classic Pantry Pasta 500g #8497,468.00,36
8498,Original Frozen Veggie Mix #8498,235.75,39
8499,Salted Produce Carrot Pack #8499,43.50,42
8500,Spicy Meat Pork Loin #8500,1084.99,45
8501,Deluxe Bath Body Wash #8501,310.00,48
8502,Imported Clean All-Purpose Spray #8502,69.50,51
8503,Natural Office Notebook A5 #8503,52.00,54
8504,Organic Tech USB-C Cable #8504,704.00,57
8505,Premium Pet Bird Seed #8505,480.50,60
8506,Roasted Coffee Latte Powder #8506,192.50,63
8507,Sweet Tea Earl Grey Box #8507,74.49,66
8508,Light Snack Granola Bar #8508,77.25,69
8509,Special Drink Energy Drink #8509,131.99,72
8510,Local Bakery Croissant #8510,89.00,75
8511,Fresh Dairy Skim Milk 1L #8511,300.25,78
8512,Classic Pantry Olive Oil 500ml #8512,117.25,81
8513,Original Frozen Frozen Dumplings #8513,213.75,84
8514,Salted Produce Sweet Onion #8514,74.75,87
8515,Spicy Meat Sausage Pack #8515,1030.50,90
8516,Deluxe Bath Toothpaste #8516,127.25,93
8517,Imported Clean Bleach Bottle #8517,359.50,96
8518,Natural Office Sticky Notes #8518,75.49,99
8519,Organic Tech Phone Charger #8519,2277.99,7
8520,Premium Pet Dog Food 1kg #8520,833.00,10
8521,Roasted Coffee Cappuccino Sticks #8521,515.00,13
8522,Sweet Tea Jasmine Pearls #8522,281.00,16
8523,Light Snack Trail Mix #8523,68.75,19
8524,Special Drink Sports Drink #8524,90.00,22
8525,Local Bakery Cinnamon Roll #8525,81.75,25
8526,Fresh Dairy Greek Yogurt #8526,170.00,28
8527,Classic Pantry Soy Sauce 1L #8527,312.50,31
8528,Original Frozen Frozen Pizza #8528,509.75,34
8529,Salted Produce Garlic Bulb #8529,109.00,37
8530,Spicy Meat Lamb Chops #8530,626.49,40
8531,Deluxe Bath Mouthwash #8531,63.99,43
8532,Imported Clean Floor Wax #8532,253.50,46
8533,Natural Office Highlighter #8533,166.00,49
8534,Organic Tech Earphones #8534,372.25,52
8535,Premium Pet Cat Food 1kg #8535,418.49,55
8536,Roasted Coffee Espresso Beans #8536,495.49,58
8537,Sweet Tea Hibiscus Leaves #8537,270.25,61
8538,Light Snack Popcorn Bag #8538,51.49,64
8539,Special Drink Juice Box #8539,65.99,67
8540,Local Bakery Banana Bread #8540,131.00,70
8541,Fresh Dairy Cheddar Block #8541,175.75,73
8542,Classic Pantry Brown Sugar 1kg #8542,466.00,76
8543,Original Frozen Ice Cream Tub #8543,617.00,79
8544,Salted Produce Red Apple #8544,25.25,82
8545,Spicy Meat Turkey Slice #8545,1251.00,85
8546,Deluxe Bath Deodorant #8546,246.99,88
8547,Imported Clean Glass Cleaner #8547,216.50,91
8548,Natural Office Stapler #8548,42.75,94
8549,Organic Tech Power Bank #8549,156.25,97
8550,Premium Pet Pet Treats #8550,328.25,5
8551,Roasted Coffee Arabica Grounds #8551,415.25,8
8552,Sweet Tea Green Tea Bags #8552,420.99,11
8553,Light Snack Beef Jerky #8553,148.49,14
8554,Special Drink Coconut Water #8554,124.49,17
8555,Local Bakery Muffin #8555,126.75,20
8556,Fresh Dairy Mozzarella Ball #8556,309.75,23
8557,Classic Pantry Iodized Salt #8557,196.00,26
8558,Original Frozen Frozen Berries #8558,471.49,29
8559,Salted Produce Banana Bunch #8559,169.00,32
8560,Spicy Meat Pork Belly #8560,945.75,35
8561,Deluxe Bath Hand Sanitizer #8561,288.75,38
8562,Imported Clean Trash Bags #8562,153.25,41
8563,Natural Office Tape Roll #8563,238.99,44
8564,Organic Tech HDMI Cable #8564,1980.00,47
8565,Premium Pet Cat Litter #8565,833.50,50
8566,Roasted Coffee Cold Brew Concentrate #8566,143.25,53
8567,Sweet Tea Black Tea Loose #8567,136.50,56
8568,Light Snack Potato Chips #8568,204.25,59
8569,Special Drink Lemonade Bottle #8569,88.99,62
8570,Local Bakery Bagel #8570,177.50,65
8571,Fresh Dairy Butter Stick #8571,227.25,68
8572,Classic Pantry Black Pepper #8572,298.49,71
8573,Original Frozen French Fries #8573,426.99,74
8574,Salted Produce Cavendish #8574,37.99,77
8575,Spicy Meat Chicken Breast #8575,800.75,80
8576,Deluxe Bath Bar Soap #8576,75.49,83
8577,Imported Clean Sponge Pack #8577,267.50,86
8578,Natural Office Eraser #8578,26.75,89
8579,Organic Tech Wireless Mouse #8579,2124.75,92
8580,Premium Pet Dog Toy #8580,864.49,95
8581,Roasted Coffee Instant Sachets #8581,300.50,98
8582,Sweet Tea Chamomile Pouch #8582,357.25,6
8583,Light Snack Tortilla Chips #8583,41.00,9
8584,Special Drink Mineral Water 500ml #8584,77.49,12
8585,Local Bakery Donut #8585,194.00,15
8586,Fresh Dairy Cream Cheese #8586,324.50,18
8587,Classic Pantry Vinegar Bottle #8587,260.49,21
8588,Original Frozen Chicken Nuggets #8588,91.50,24
8589,Salted Produce Green Lettuce #8589,95.75,27
8590,Spicy Meat Ground Beef #8590,860.49,30
8591,Deluxe Bath Shampoo 200ml #8591,64.75,33
8592,Imported Clean Laundry Pod #8592,71.75,36
8593,Natural Office Marker Pen #8593,188.25,39
8594,Organic Tech Keyboard #8594,1892.50,42
8595,Premium Pet Pet Shampoo #8595,749.50,45
8596,Roasted Coffee Decaf Pods #8596,118.00,48
8597,Sweet Tea Matcha Powder #8597,210.49,51
8598,Light Snack Pretzel Sticks #8598,28.25,54
8599,Special Drink Soda Can 330ml #8599,56.25,57
8600,Local Bakery Sourdough Loaf #8600,109.75,60
8601,Fresh Dairy Whipping Cream #8601,143.50,63
8602,Classic Pantry Tomato Sauce #8602,357.99,66
8603,Original Frozen Fish Fillet #8603,573.25,69
8604,Salted Produce Cherry Tomato #8604,60.99,72
8605,Spicy Meat Bacon Strips #8605,494.25,75
8606,Deluxe Bath Conditioner 200ml #8606,243.00,78
8607,Imported Clean Dish Soap #8607,383.50,81
8608,Natural Office Ballpen Black #8608,103.25,84
8609,Organic Tech Webcam #8609,2107.99,87
8610,Premium Pet Aquarium Pellets #8610,257.49,90
8611,Roasted Coffee Mocha Mix #8611,551.49,93
8612,Sweet Tea Oolong Tin #8612,136.50,96
8613,Light Snack Cheese Crackers #8613,120.99,99
8614,Special Drink Iced Tea Bottle #8614,79.00,7
8615,Local Bakery Baguette #8615,114.00,10
8616,Fresh Dairy Whole Milk 1L #8616,242.75,13
8617,Classic Pantry Pasta 500g #8617,234.00,16
8618,Original Frozen Veggie Mix #8618,452.50,19
8619,Salted Produce Carrot Pack #8619,24.49,22
8620,Spicy Meat Pork Loin #8620,683.00,25
8621,Deluxe Bath Body Wash #8621,51.00,28
8622,Imported Clean All-Purpose Spray #8622,370.00,31
8623,Natural Office Notebook A5 #8623,246.25,34
8624,Organic Tech USB-C Cable #8624,1836.50,37
8625,Premium Pet Bird Seed #8625,77.25,40
8626,Roasted Coffee Latte Powder #8626,322.75,43
8627,Sweet Tea Earl Grey Box #8627,213.49,46
8628,Light Snack Granola Bar #8628,185.99,49
8629,Special Drink Energy Drink #8629,131.25,52
8630,Local Bakery Croissant #8630,118.25,55
8631,Fresh Dairy Skim Milk 1L #8631,326.50,58
8632,Classic Pantry Olive Oil 500ml #8632,40.25,61
8633,Original Frozen Frozen Dumplings #8633,486.75,64
8634,Salted Produce Sweet Onion #8634,111.25,67
8635,Spicy Meat Sausage Pack #8635,897.25,70
8636,Deluxe Bath Toothpaste #8636,220.49,73
8637,Imported Clean Bleach Bottle #8637,271.75,76
8638,Natural Office Sticky Notes #8638,71.00,79
8639,Organic Tech Phone Charger #8639,2323.50,82
8640,Premium Pet Dog Food 1kg #8640,501.75,85
8641,Roasted Coffee Cappuccino Sticks #8641,592.50,88
8642,Sweet Tea Jasmine Pearls #8642,55.49,91
8643,Light Snack Trail Mix #8643,115.50,94
8644,Special Drink Sports Drink #8644,100.25,97
8645,Local Bakery Cinnamon Roll #8645,196.49,5
8646,Fresh Dairy Greek Yogurt #8646,267.25,8
8647,Classic Pantry Soy Sauce 1L #8647,428.99,11
8648,Original Frozen Frozen Pizza #8648,124.00,14
8649,Salted Produce Garlic Bulb #8649,55.25,17
8650,Spicy Meat Lamb Chops #8650,472.99,20
8651,Deluxe Bath Mouthwash #8651,315.50,23
8652,Imported Clean Floor Wax #8652,62.75,26
8653,Natural Office Highlighter #8653,150.49,29
8654,Organic Tech Earphones #8654,1760.49,32
8655,Premium Pet Cat Food 1kg #8655,816.00,35
8656,Roasted Coffee Espresso Beans #8656,629.25,38
8657,Sweet Tea Hibiscus Leaves #8657,80.99,41
8658,Light Snack Popcorn Bag #8658,142.49,44
8659,Special Drink Juice Box #8659,139.99,47
8660,Local Bakery Banana Bread #8660,163.49,50
8661,Fresh Dairy Cheddar Block #8661,54.50,53
8662,Classic Pantry Brown Sugar 1kg #8662,298.99,56
8663,Original Frozen Ice Cream Tub #8663,390.99,59
8664,Salted Produce Red Apple #8664,75.75,62
8665,Spicy Meat Turkey Slice #8665,741.50,65
8666,Deluxe Bath Deodorant #8666,296.99,68
8667,Imported Clean Glass Cleaner #8667,310.75,71
8668,Natural Office Stapler #8668,19.75,74
8669,Organic Tech Power Bank #8669,309.75,77
8670,Premium Pet Pet Treats #8670,595.75,80
8671,Roasted Coffee Arabica Grounds #8671,625.25,83
8672,Sweet Tea Green Tea Bags #8672,284.25,86
8673,Light Snack Beef Jerky #8673,30.99,89
8674,Special Drink Coconut Water #8674,131.50,92
8675,Local Bakery Muffin #8675,72.49,95
8676,Fresh Dairy Mozzarella Ball #8676,161.75,98
8677,Classic Pantry Iodized Salt #8677,335.49,6
8678,Original Frozen Frozen Berries #8678,487.49,9
8679,Salted Produce Banana Bunch #8679,30.25,12
8680,Spicy Meat Pork Belly #8680,542.50,15
8681,Deluxe Bath Hand Sanitizer #8681,79.25,18
8682,Imported Clean Trash Bags #8682,188.50,21
8683,Natural Office Tape Roll #8683,165.99,24
8684,Organic Tech HDMI Cable #8684,1933.50,27
8685,Premium Pet Cat Litter #8685,263.75,30
8686,Roasted Coffee Cold Brew Concentrate #8686,453.99,33
8687,Sweet Tea Black Tea Loose #8687,469.99,36
8688,Light Snack Potato Chips #8688,91.00,39
8689,Special Drink Lemonade Bottle #8689,155.49,42
8690,Local Bakery Bagel #8690,132.00,45
8691,Fresh Dairy Butter Stick #8691,64.99,48
8692,Classic Pantry Black Pepper #8692,403.75,51
8693,Original Frozen French Fries #8693,594.99,54
8694,Salted Produce Cavendish #8694,153.25,57
8695,Spicy Meat Chicken Breast #8695,468.99,60
8696,Deluxe Bath Bar Soap #8696,145.49,63
8697,Imported Clean Sponge Pack #8697,314.49,66
8698,Natural Office Eraser #8698,75.50,69
8699,Organic Tech Wireless Mouse #8699,1108.75,72
8700,Premium Pet Dog Toy #8700,754.50,75
8701,Roasted Coffee Instant Sachets #8701,454.00,78
8702,Sweet Tea Chamomile Pouch #8702,233.99,81
8703,Light Snack Tortilla Chips #8703,108.99,84
8704,Special Drink Mineral Water 500ml #8704,115.25,87
8705,Local Bakery Donut #8705,73.49,90
8706,Fresh Dairy Cream Cheese #8706,205.49,93
8707,Classic Pantry Vinegar Bottle #8707,191.00,96
8708,Original Frozen Chicken Nuggets #8708,241.49,99
8709,Salted Produce Green Lettuce #8709,90.75,7
8710,Spicy Meat Ground Beef #8710,1260.75,10
8711,Deluxe Bath Shampoo 200ml #8711,173.49,13
8712,Imported Clean Laundry Pod #8712,367.50,16
8713,Natural Office Marker Pen #8713,214.00,19
8714,Organic Tech Keyboard #8714,1125.49,22
8715,Premium Pet Pet Shampoo #8715,516.99,25
8716,Roasted Coffee Decaf Pods #8716,216.00,28
8717,Sweet Tea Matcha Powder #8717,130.25,31
8718,Light Snack Pretzel Sticks #8718,114.00,34
8719,Special Drink Soda Can 330ml #8719,88.75,37
8720,Local Bakery Sourdough Loaf #8720,71.75,40
8721,Fresh Dairy Whipping Cream #8721,88.50,43
8722,Classic Pantry Tomato Sauce #8722,413.99,46
8723,Original Frozen Fish Fillet #8723,359.49,49
8724,Salted Produce Cherry Tomato #8724,119.00,52
8725,Spicy Meat Bacon Strips #8725,627.75,55
8726,Deluxe Bath Conditioner 200ml #8726,335.99,58
8727,Imported Clean Dish Soap #8727,340.25,61
8728,Natural Office Ballpen Black #8728,64.50,64
8729,Organic Tech Webcam #8729,298.99,67
8730,Premium Pet Aquarium Pellets #8730,415.49,70
8731,Roasted Coffee Mocha Mix #8731,235.49,73
8732,Sweet Tea Oolong Tin #8732,110.50,76
8733,Light Snack Cheese Crackers #8733,52.25,79
8734,Special Drink Iced Tea Bottle #8734,62.25,82
8735,Local Bakery Baguette #8735,131.75,85
8736,Fresh Dairy Whole Milk 1L #8736,74.50,88
8737,Classic Pantry Pasta 500g #8737,481.00,91
8738,Original Frozen Veggie Mix #8738,404.00,94
8739,Salted Produce Carrot Pack #8739,30.25,97
8740,Spicy Meat Pork Loin #8740,355.25,5
8741,Deluxe Bath Body Wash #8741,180.99,8
8742,Imported Clean All-Purpose Spray #8742,332.50,11
8743,Natural Office Notebook A5 #8743,144.50,14
8744,Organic Tech USB-C Cable #8744,1227.75,17
8745,Premium Pet Bird Seed #8745,576.50,20
8746,Roasted Coffee Latte Powder #8746,629.50,23
8747,Sweet Tea Earl Grey Box #8747,325.50,26
8748,Light Snack Granola Bar #8748,25.25,29
8749,Special Drink Energy Drink #8749,140.50,32
8750,Local Bakery Croissant #8750,110.99,35
8751,Fresh Dairy Skim Milk 1L #8751,180.49,38
8752,Classic Pantry Olive Oil 500ml #8752,138.49,41
8753,Original Frozen Frozen Dumplings #8753,312.49,44
8754,Salted Produce Sweet Onion #8754,80.25,47
8755,Spicy Meat Sausage Pack #8755,400.99,50
8756,Deluxe Bath Toothpaste #8756,139.50,53
8757,Imported Clean Bleach Bottle #8757,185.50,56
8758,Natural Office Sticky Notes #8758,97.75,59
8759,Organic Tech Phone Charger #8759,1965.00,62
8760,Premium Pet Dog Food 1kg #8760,909.75,65
8761,Roasted Coffee Cappuccino Sticks #8761,131.00,68
8762,Sweet Tea Jasmine Pearls #8762,184.25,71
8763,Light Snack Trail Mix #8763,69.25,74
8764,Special Drink Sports Drink #8764,103.50,77
8765,Local Bakery Cinnamon Roll #8765,134.50,80
8766,Fresh Dairy Greek Yogurt #8766,368.75,83
8767,Classic Pantry Soy Sauce 1L #8767,101.75,86
8768,Original Frozen Frozen Pizza #8768,383.75,89
8769,Salted Produce Garlic Bulb #8769,174.25,92
8770,Spicy Meat Lamb Chops #8770,796.49,95
8771,Deluxe Bath Mouthwash #8771,84.49,98
8772,Imported Clean Floor Wax #8772,367.49,6
8773,Natural Office Highlighter #8773,65.25,9
8774,Organic Tech Earphones #8774,1744.49,12
8775,Premium Pet Cat Food 1kg #8775,544.00,15
8776,Roasted Coffee Espresso Beans #8776,71.50,18
8777,Sweet Tea Hibiscus Leaves #8777,425.50,21
8778,Light Snack Popcorn Bag #8778,238.49,24
8779,Special Drink Juice Box #8779,96.00,27
8780,Local Bakery Banana Bread #8780,92.75,30
8781,Fresh Dairy Cheddar Block #8781,161.50,33
8782,Classic Pantry Brown Sugar 1kg #8782,359.00,36
8783,Original Frozen Ice Cream Tub #8783,638.99,39
8784,Salted Produce Red Apple #8784,97.49,42
8785,Spicy Meat Turkey Slice #8785,594.49,45
8786,Deluxe Bath Deodorant #8786,62.50,48
8787,Imported Clean Glass Cleaner #8787,356.75,51
8788,Natural Office Stapler #8788,191.49,54
8789,Organic Tech Power Bank #8789,586.99,57
8790,Premium Pet Pet Treats #8790,489.00,60
8791,Roasted Coffee Arabica Grounds #8791,629.49,63
8792,Sweet Tea Green Tea Bags #8792,281.00,66
8793,Light Snack Beef Jerky #8793,135.00,69
8794,Special Drink Coconut Water #8794,53.50,72
8795,Local Bakery Muffin #8795,128.75,75
8796,Fresh Dairy Mozzarella Ball #8796,282.50,78
8797,Classic Pantry Iodized Salt #8797,492.25,81
8798,Original Frozen Frozen Berries #8798,316.99,84
8799,Salted Produce Banana Bunch #8799,20.25,87
8800,Spicy Meat Pork Belly #8800,1486.00,90
8801,Deluxe Bath Hand Sanitizer #8801,179.50,93
8802,Imported Clean Trash Bags #8802,230.99,96
8803,Natural Office Tape Roll #8803,34.49,99
8804,Organic Tech HDMI Cable #8804,608.00,7
8805,Premium Pet Cat Litter #8805,778.50,10
8806,Roasted Coffee Cold Brew Concentrate #8806,122.99,13
8807,Sweet Tea Black Tea Loose #8807,439.49,16
8808,Light Snack Potato Chips #8808,69.75,19
8809,Special Drink Lemonade Bottle #8809,141.00,22
8810,Local Bakery Bagel #8810,73.75,25
8811,Fresh Dairy Butter Stick #8811,106.75,28
8812,Classic Pantry Black Pepper #8812,355.49,31
8813,Original Frozen French Fries #8813,612.75,34
8814,Salted Produce Cavendish #8814,57.50,37
8815,Spicy Meat Chicken Breast #8815,432.50,40
8816,Deluxe Bath Bar Soap #8816,306.50,43
8817,Imported Clean Sponge Pack #8817,97.25,46
8818,Natural Office Eraser #8818,172.49,49
8819,Organic Tech Wireless Mouse #8819,1124.00,52
8820,Premium Pet Dog Toy #8820,669.25,55
8821,Roasted Coffee Instant Sachets #8821,103.49,58
8822,Sweet Tea Chamomile Pouch #8822,295.00,61
8823,Light Snack Tortilla Chips #8823,96.50,64
8824,Special Drink Mineral Water 500ml #8824,123.25,67
8825,Local Bakery Donut #8825,200.49,70
8826,Fresh Dairy Cream Cheese #8826,358.75,73
8827,Classic Pantry Vinegar Bottle #8827,403.75,76
8828,Original Frozen Chicken Nuggets #8828,368.00,79
8829,Salted Produce Green Lettuce #8829,133.25,82
8830,Spicy Meat Ground Beef #8830,1263.75,85
8831,Deluxe Bath Shampoo 200ml #8831,165.99,88
8832,Imported Clean Laundry Pod #8832,149.99,91
8833,Natural Office Marker Pen #8833,169.99,94
8834,Organic Tech Keyboard #8834,1170.75,97
8835,Premium Pet Pet Shampoo #8835,838.50,5
8836,Roasted Coffee Decaf Pods #8836,543.49,8
8837,Sweet Tea Matcha Powder #8837,156.50,11
8838,Light Snack Pretzel Sticks #8838,151.50,14
8839,Special Drink Soda Can 330ml #8839,100.99,17
8840,Local Bakery Sourdough Loaf #8840,99.00,20
8841,Fresh Dairy Whipping Cream #8841,344.75,23
8842,Classic Pantry Tomato Sauce #8842,344.49,26
8843,Original Frozen Fish Fillet #8843,319.50,29
8844,Salted Produce Cherry Tomato #8844,162.49,32
8845,Spicy Meat Bacon Strips #8845,522.25,35
8846,Deluxe Bath Conditioner 200ml #8846,45.00,38
8847,Imported Clean Dish Soap #8847,152.25,41
8848,Natural Office Ballpen Black #8848,160.75,44
8849,Organic Tech Webcam #8849,815.00,47
8850,Premium Pet Aquarium Pellets #8850,314.75,50
8851,Roasted Coffee Mocha Mix #8851,109.75,53
8852,Sweet Tea Oolong Tin #8852,305.75,56
8853,Light Snack Cheese Crackers #8853,168.50,59
8854,Special Drink Iced Tea Bottle #8854,35.25,62
8855,Local Bakery Baguette #8855,164.75,65
8856,Fresh Dairy Whole Milk 1L #8856,249.50,68
8857,Classic Pantry Pasta 500g #8857,158.25,71
8858,Original Frozen Veggie Mix #8858,391.99,74
8859,Salted Produce Carrot Pack #8859,45.75,77
8860,Spicy Meat Pork Loin #8860,1242.75,80
8861,Deluxe Bath Body Wash #8861,48.25,83
8862,Imported Clean All-Purpose Spray #8862,106.49,86
8863,Natural Office Notebook A5 #8863,90.25,89
8864,Organic Tech USB-C Cable #8864,1877.50,92
8865,Premium Pet Bird Seed #8865,248.75,95
8866,Roasted Coffee Latte Powder #8866,333.99,98
8867,Sweet Tea Earl Grey Box #8867,205.75,6
8868,Light Snack Granola Bar #8868,240.75,9
8869,Special Drink Energy Drink #8869,132.25,12
8870,Local Bakery Croissant #8870,146.75,15
8871,Fresh Dairy Skim Milk 1L #8871,242.25,18
8872,Classic Pantry Olive Oil 500ml #8872,156.25,21
8873,Original Frozen Frozen Dumplings #8873,232.75,24
8874,Salted Produce Sweet Onion #8874,55.25,27
8875,Spicy Meat Sausage Pack #8875,1449.75,30
8876,Deluxe Bath Toothpaste #8876,228.49,33
8877,Imported Clean Bleach Bottle #8877,325.75,36
8878,Natural Office Sticky Notes #8878,36.25,39
8879,Organic Tech Phone Charger #8879,975.75,42
8880,Premium Pet Dog Food 1kg #8880,75.00,45
8881,Roasted Coffee Cappuccino Sticks #8881,614.75,48
8882,Sweet Tea Jasmine Pearls #8882,217.49,51
8883,Light Snack Trail Mix #8883,150.25,54
8884,Special Drink Sports Drink #8884,148.49,57
8885,Local Bakery Cinnamon Roll #8885,90.99,60
8886,Fresh Dairy Greek Yogurt #8886,384.49,63
8887,Classic Pantry Soy Sauce 1L #8887,375.50,66
8888,Original Frozen Frozen Pizza #8888,474.00,69
8889,Salted Produce Garlic Bulb #8889,101.99,72
8890,Spicy Meat Lamb Chops #8890,954.75,75
8891,Deluxe Bath Mouthwash #8891,125.49,78
8892,Imported Clean Floor Wax #8892,214.25,81
8893,Natural Office Highlighter #8893,121.25,84
8894,Organic Tech Earphones #8894,1361.49,87
8895,Premium Pet Cat Food 1kg #8895,363.00,90
8896,Roasted Coffee Espresso Beans #8896,76.99,93
8897,Sweet Tea Hibiscus Leaves #8897,244.49,96
8898,Light Snack Popcorn Bag #8898,90.50,99
8899,Special Drink Juice Box #8899,99.50,7
8900,Local Bakery Banana Bread #8900,181.99,10
8901,Fresh Dairy Cheddar Block #8901,138.25,13
8902,Classic Pantry Brown Sugar 1kg #8902,270.50,16
8903,Original Frozen Ice Cream Tub #8903,282.49,19
8904,Salted Produce Red Apple #8904,156.99,22
8905,Spicy Meat Turkey Slice #8905,545.99,25
8906,Deluxe Bath Deodorant #8906,325.25,28
8907,Imported Clean Glass Cleaner #8907,372.25,31
8908,Natural Office Stapler #8908,114.50,34
8909,Organic Tech Power Bank #8909,2007.25,37
8910,Premium Pet Pet Treats #8910,60.25,40
8911,Roasted Coffee Arabica Grounds #8911,277.25,43
8912,Sweet Tea Green Tea Bags #8912,86.50,46
8913,Light Snack Beef Jerky #8913,214.00,49
8914,Special Drink Coconut Water #8914,62.00,52
8915,Local Bakery Muffin #8915,106.99,55
8916,Fresh Dairy Mozzarella Ball #8916,140.50,58
8917,Classic Pantry Iodized Salt #8917,451.75,61
8918,Original Frozen Frozen Berries #8918,219.99,64
8919,Salted Produce Banana Bunch #8919,159.75,67
8920,Spicy Meat Pork Belly #8920,1071.75,70
8921,Deluxe Bath Hand Sanitizer #8921,81.99,73
8922,Imported Clean Trash Bags #8922,311.99,76
8923,Natural Office Tape Roll #8923,135.25,79
8924,Organic Tech HDMI Cable #8924,2465.00,82
8925,Premium Pet Cat Litter #8925,671.50,85
8926,Roasted Coffee Cold Brew Concentrate #8926,327.25,88
8927,Sweet Tea Black Tea Loose #8927,271.99,91
8928,Light Snack Potato Chips #8928,141.00,94
8929,Special Drink Lemonade Bottle #8929,23.99,97
8930,Local Bakery Bagel #8930,142.99,5
8931,Fresh Dairy Butter Stick #8931,314.00,8
8932,Classic Pantry Black Pepper #8932,41.49,11
8933,Original Frozen French Fries #8933,232.99,14
8934,Salted Produce Cavendish #8934,153.00,17
8935,Spicy Meat Chicken Breast #8935,756.25,20
8936,Deluxe Bath Bar Soap #8936,146.75,23
8937,Imported Clean Sponge Pack #8937,104.49,26
8938,Natural Office Eraser #8938,130.50,29
8939,Organic Tech Wireless Mouse #8939,1828.75,32
8940,Premium Pet Dog Toy #8940,947.25,35
8941,Roasted Coffee Instant Sachets #8941,596.50,38
8942,Sweet Tea Chamomile Pouch #8942,44.75,41
8943,Light Snack Tortilla Chips #8943,118.00,44
8944,Special Drink Mineral Water 500ml #8944,78.99,47
8945,Local Bakery Donut #8945,70.50,50
8946,Fresh Dairy Cream Cheese #8946,354.50,53
8947,Classic Pantry Vinegar Bottle #8947,94.75,56
8948,Original Frozen Chicken Nuggets #8948,512.75,59
8949,Salted Produce Green Lettuce #8949,101.75,62
8950,Spicy Meat Ground Beef #8950,1131.25,65
8951,Deluxe Bath Shampoo 200ml #8951,129.75,68
8952,Imported Clean Laundry Pod #8952,208.00,71
8953,Natural Office Marker Pen #8953,117.99,74
8954,Organic Tech Keyboard #8954,1540.49,77
8955,Premium Pet Pet Shampoo #8955,287.50,80
8956,Roasted Coffee Decaf Pods #8956,366.50,83
8957,Sweet Tea Matcha Powder #8957,131.75,86
8958,Light Snack Pretzel Sticks #8958,244.75,89
8959,Special Drink Soda Can 330ml #8959,133.50,92
8960,Local Bakery Sourdough Loaf #8960,151.25,95
8961,Fresh Dairy Whipping Cream #8961,102.50,98
8962,Classic Pantry Tomato Sauce #8962,415.75,6
8963,Original Frozen Fish Fillet #8963,323.00,9
8964,Salted Produce Cherry Tomato #8964,68.25,12
8965,Spicy Meat Bacon Strips #8965,370.49,15
8966,Deluxe Bath Conditioner 200ml #8966,288.99,18
8967,Imported Clean Dish Soap #8967,309.75,21
8968,Natural Office Ballpen Black #8968,192.99,24
8969,Organic Tech Webcam #8969,937.25,27
8970,Premium Pet Aquarium Pellets #8970,333.99,30
8971,Roasted Coffee Mocha Mix #8971,616.75,33
8972,Sweet Tea Oolong Tin #8972,310.00,36
8973,Light Snack Cheese Crackers #8973,117.49,39
8974,Special Drink Iced Tea Bottle #8974,31.75,42
8975,Local Bakery Baguette #8975,90.50,45
8976,Fresh Dairy Whole Milk 1L #8976,195.50,48
8977,Classic Pantry Pasta 500g #8977,452.50,51
8978,Original Frozen Veggie Mix #8978,528.50,54
8979,Salted Produce Carrot Pack #8979,70.25,57
8980,Spicy Meat Pork Loin #8980,466.25,60
8981,Deluxe Bath Body Wash #8981,105.75,63
8982,Imported Clean All-Purpose Spray #8982,312.99,66
8983,Natural Office Notebook A5 #8983,204.49,69
8984,Organic Tech USB-C Cable #8984,701.49,72
8985,Premium Pet Bird Seed #8985,657.50,75
8986,Roasted Coffee Latte Powder #8986,585.25,78
8987,Sweet Tea Earl Grey Box #8987,48.75,81
8988,Light Snack Granola Bar #8988,63.49,84
8989,Special Drink Energy Drink #8989,44.75,87
8990,Local Bakery Croissant #8990,67.99,90
8991,Fresh Dairy Skim Milk 1L #8991,225.00,93
8992,Classic Pantry Olive Oil 500ml #8992,220.99,96
8993,Original Frozen Frozen Dumplings #8993,637.00,99
8994,Salted Produce Sweet Onion #8994,68.25,7
8995,Spicy Meat Sausage Pack #8995,286.49,10
8996,Deluxe Bath Toothpaste #8996,217.50,13
8997,Imported Clean Bleach Bottle #8997,73.49,16
8998,Natural Office Sticky Notes #8998,122.50,19
8999,Organic Tech Phone Charger #8999,1987.00,22
9000,Premium Pet Dog Food 1kg #9000,414.00,25
9001,Roasted Coffee Cappuccino Sticks #9001,233.99,28
9002,Sweet Tea Jasmine Pearls #9002,303.00,31
9003,Light Snack Trail Mix #9003,69.99,34
9004,Special Drink Sports Drink #9004,165.49,37
9005,Local Bakery Cinnamon Roll #9005,30.00,40
9006,Fresh Dairy Greek Yogurt #9006,388.25,43
9007,Classic Pantry Soy Sauce 1L #9007,110.49,46
9008,Original Frozen Frozen Pizza #9008,254.25,49
9009,Salted Produce Garlic Bulb #9009,19.50,52
9010,Spicy Meat Lamb Chops #9010,981.99,55
9011,Deluxe Bath Mouthwash #9011,251.75,58
9012,Imported Clean Floor Wax #9012,378.75,61
9013,Natural Office Highlighter #9013,29.99,64
9014,Organic Tech Earphones #9014,1491.75,67
9015,Premium Pet Cat Food 1kg #9015,694.50,70
9016,Roasted Coffee Espresso Beans #9016,408.99,73
9017,Sweet Tea Hibiscus Leaves #9017,163.75,76
9018,Light Snack Popcorn Bag #9018,165.75,79
9019,Special Drink Juice Box #9019,51.50,82
9020,Local Bakery Banana Bread #9020,147.49,85
9021,Fresh Dairy Cheddar Block #9021,260.99,88
9022,Classic Pantry Brown Sugar 1kg #9022,268.25,91
9023,Original Frozen Ice Cream Tub #9023,584.49,94
9024,Salted Produce Red Apple #9024,125.50,97
9025,Spicy Meat Turkey Slice #9025,454.75,5
9026,Deluxe Bath Deodorant #9026,55.00,8
9027,Imported Clean Glass Cleaner #9027,233.50,11
9028,Natural Office Stapler #9028,151.25,14
9029,Organic Tech Power Bank #9029,178.50,17
9030,Premium Pet Pet Treats #9030,823.75,20
9031,Roasted Coffee Arabica Grounds #9031,147.25,23
9032,Sweet Tea Green Tea Bags #9032,467.00,26
9033,Light Snack Beef Jerky #9033,245.25,29
9034,Special Drink Coconut Water #9034,21.50,32
9035,Local Bakery Muffin #9035,25.49,35
9036,Fresh Dairy Mozzarella Ball #9036,178.49,38
9037,Classic Pantry Iodized Salt #9037,370.49,41
9038,Original Frozen Frozen Berries #9038,544.00,44
9039,Salted Produce Banana Bunch #9039,38.99,47
9040,Spicy Meat Pork Belly #9040,795.50,50
9041,Deluxe Bath Hand Sanitizer #9041,303.25,53
9042,Imported Clean Trash Bags #9042,381.00,56
9043,Natural Office Tape Roll #9043,203.25,59
9044,Organic Tech HDMI Cable #9044,815.49,62
9045,Premium Pet Cat Litter #9045,772.49,65
9046,Roasted Coffee Cold Brew Concentrate #9046,535.75,68
9047,Sweet Tea Black Tea Loose #9047,490.75,71
9048,Light Snack Potato Chips #9048,248.25,74
9049,Special Drink Lemonade Bottle #9049,83.75,77
9050,Local Bakery Bagel #9050,97.75,80
9051,Fresh Dairy Butter Stick #9051,248.75,83
9052,Classic Pantry Black Pepper #9052,178.49,86
9053,Original Frozen French Fries #9053,597.00,89
9054,Salted Produce Cavendish #9054,104.00,92
9055,Spicy Meat Chicken Breast #9055,734.00,95
9056,Deluxe Bath Bar Soap #9056,143.99,98
9057,Imported Clean Sponge Pack #9057,251.00,6
9058,Natural Office Eraser #9058,187.75,9
9059,Organic Tech Wireless Mouse #9059,606.00,12
9060,Premium Pet Dog Toy #9060,128.50,15
9061,Roasted Coffee Instant Sachets #9061,102.49,18
9062,Sweet Tea Chamomile Pouch #9062,276.50,21
9063,Light Snack Tortilla Chips #9063,159.49,24
9064,Special Drink Mineral Water 500ml #9064,91.75,27
9065,Local Bakery Donut #9065,180.00,30
9066,Fresh Dairy Cream Cheese #9066,113.25,33
9067,Classic Pantry Vinegar Bottle #9067,426.49,36
9068,Original Frozen Chicken Nuggets #9068,615.49,39
9069,Salted Produce Green Lettuce #9069,166.00,42
9070,Spicy Meat Ground Beef #9070,359.25,45
9071,Deluxe Bath Shampoo 200ml #9071,195.25,48
9072,Imported Clean Laundry Pod #9072,193.49,51
9073,Natural Office Marker Pen #9073,168.49,54
9074,Organic Tech Keyboard #9074,1603.00,57
9075,Premium Pet Pet Shampoo #9075,537.99,60
9076,Roasted Coffee Decaf Pods #9076,490.00,63
9077,Sweet Tea Matcha Powder #9077,154.50,66
9078,Light Snack Pretzel Sticks #9078,214.25,69
9079,Special Drink Soda Can 330ml #9079,177.49,72
9080,Local Bakery Sourdough Loaf #9080,76.49,75
9081,Fresh Dairy Whipping Cream #9081,206.75,78
9082,Classic Pantry Tomato Sauce #9082,404.50,81
9083,Original Frozen Fish Fillet #9083,592.75,84
9084,Salted Produce Cherry Tomato #9084,134.99,87
9085,Spicy Meat Bacon Strips #9085,540.75,90
9086,Deluxe Bath Conditioner 200ml #9086,291.49,93
9087,Imported Clean Dish Soap #9087,415.50,96
9088,Natural Office Ballpen Black #9088,38.25,99
9089,Organic Tech Webcam #9089,1449.75,7
9090,Premium Pet Aquarium Pellets #9090,648.00,10
9091,Roasted Coffee Mocha Mix #9091,349.50,13
9092,Sweet Tea Oolong Tin #9092,332.50,16
9093,Light Snack Cheese Crackers #9093,221.50,19
9094,Special Drink Iced Tea Bottle #9094,39.99,22
9095,Local Bakery Baguette #9095,187.75,25
9096,Fresh Dairy Whole Milk 1L #9096,165.00,28
9097,Classic Pantry Pasta 500g #9097,199.00,31
9098,Original Frozen Veggie Mix #9098,586.49,34
9099,Salted Produce Carrot Pack #9099,60.00,37
9100,Spicy Meat Pork Loin #9100,329.50,40
9101,Deluxe Bath Body Wash #9101,345.00,43
9102,Imported Clean All-Purpose Spray #9102,130.25,46
9103,Natural Office Notebook A5 #9103,234.49,49
9104,Organic Tech USB-C Cable #9104,2466.75,52
9105,Premium Pet Bird Seed #9105,203.25,55
9106,Roasted Coffee Latte Powder #9106,429.75,58
9107,Sweet Tea Earl Grey Box #9107,282.50,61
9108,Light Snack Granola Bar #9108,229.49,64
9109,Special Drink Energy Drink #9109,132.99,67
9110,Local Bakery Croissant #9110,78.00,70
9111,Fresh Dairy Skim Milk 1L #9111,140.50,73
9112,Classic Pantry Olive Oil 500ml #9112,310.25,76
9113,Original Frozen Frozen Dumplings #9113,120.99,79
9114,Salted Produce Sweet Onion #9114,150.25,82
9115,Spicy Meat Sausage Pack #9115,148.75,85
9116,Deluxe Bath Toothpaste #9116,310.25,88
9117,Imported Clean Bleach Bottle #9117,209.49,91
9118,Natural Office Sticky Notes #9118,69.50,94
9119,Organic Tech Phone Charger #9119,2496.25,97
9120,Premium Pet Dog Food 1kg #9120,114.00,5
9121,Roasted Coffee Cappuccino Sticks #9121,443.00,8
9122,Sweet Tea Jasmine Pearls #9122,180.49,11
9123,Light Snack Trail Mix #9123,191.00,14
9124,Special Drink Sports Drink #9124,139.50,17
9125,Local Bakery Cinnamon Roll #9125,195.75,20
9126,Fresh Dairy Greek Yogurt #9126,97.99,23
9127,Classic Pantry Soy Sauce 1L #9127,463.99,26
9128,Original Frozen Frozen Pizza #9128,382.99,29
9129,Salted Produce Garlic Bulb #9129,48.25,32
9130,Spicy Meat Lamb Chops #9130,525.75,35
9131,Deluxe Bath Mouthwash #9131,265.50,38
9132,Imported Clean Floor Wax #9132,394.99,41
9133,Natural Office Highlighter #9133,20.75,44
9134,Organic Tech Earphones #9134,514.75,47
9135,Premium Pet Cat Food 1kg #9135,835.25,50
9136,Roasted Coffee Espresso Beans #9136,618.75,53
9137,Sweet Tea Hibiscus Leaves #9137,336.00,56
9138,Light Snack Popcorn Bag #9138,173.25,59
9139,Special Drink Juice Box #9139,148.25,62
9140,Local Bakery Banana Bread #9140,172.49,65
9141,Fresh Dairy Cheddar Block #9141,249.49,68
9142,Classic Pantry Brown Sugar 1kg #9142,422.00,71
9143,Original Frozen Ice Cream Tub #9143,647.75,74
9144,Salted Produce Red Apple #9144,104.25,77
9145,Spicy Meat Turkey Slice #9145,1377.75,80
9146,Deluxe Bath Deodorant #9146,338.49,83
9147,Imported Clean Glass Cleaner #9147,238.50,86
9148,Natural Office Stapler #9148,98.49,89
9149,Organic Tech Power Bank #9149,1704.49,92
9150,Premium Pet Pet Treats #9150,462.50,95
9151,Roasted Coffee Arabica Grounds #9151,223.50,98
9152,Sweet Tea Green Tea Bags #9152,498.75,6
9153,Light Snack Beef Jerky #9153,93.00,9
9154,Special Drink Coconut Water #9154,66.99,12
9155,Local Bakery Muffin #9155,188.49,15
9156,Fresh Dairy Mozzarella Ball #9156,380.25,18
9157,Classic Pantry Iodized Salt #9157,88.25,21
9158,Original Frozen Frozen Berries #9158,279.99,24
9159,Salted Produce Banana Bunch #9159,133.75,27
9160,Spicy Meat Pork Belly #9160,691.49,30
9161,Deluxe Bath Hand Sanitizer #9161,136.49,33
9162,Imported Clean Trash Bags #9162,284.00,36
9163,Natural Office Tape Roll #9163,236.25,39
9164,Organic Tech HDMI Cable #9164,2486.99,42
9165,Premium Pet Cat Litter #9165,875.75,45
9166,Roasted Coffee Cold Brew Concentrate #9166,152.50,48
9167,Sweet Tea Black Tea Loose #9167,371.75,51
9168,Light Snack Potato Chips #9168,112.75,54
9169,Special Drink Lemonade Bottle #9169,173.50,57
9170,Local Bakery Bagel #9170,214.50,60
9171,Fresh Dairy Butter Stick #9171,193.50,63
9172,Classic Pantry Black Pepper #9172,221.75,66
9173,Original Frozen French Fries #9173,587.50,69
9174,Salted Produce Cavendish #9174,62.49,72
9175,Spicy Meat Chicken Breast #9175,503.00,75
9176,Deluxe Bath Bar Soap #9176,190.00,78
9177,Imported Clean Sponge Pack #9177,338.49,81
9178,Natural Office Eraser #9178,12.25,84
9179,Organic Tech Wireless Mouse #9179,1083.50,87
9180,Premium Pet Dog Toy #9180,862.00,90
9181,Roasted Coffee Instant Sachets #9181,352.50,93
9182,Sweet Tea Chamomile Pouch #9182,343.00,96
9183,Light Snack Tortilla Chips #9183,61.75,99
9184,Special Drink Mineral Water 500ml #9184,92.75,7
9185,Local Bakery Donut #9185,35.99,10
9186,Fresh Dairy Cream Cheese #9186,165.00,13
9187,Classic Pantry Vinegar Bottle #9187,119.00,16
9188,Original Frozen Chicken Nuggets #9188,118.50,19
9189,Salted Produce Green Lettuce #9189,101.50,22
9190,Spicy Meat Ground Beef #9190,381.49,25
9191,Deluxe Bath Shampoo 200ml #9191,77.99,28
9192,Imported Clean Laundry Pod #9192,389.25,31
9193,Natural Office Marker Pen #9193,214.00,34
9194,Organic Tech Keyboard #9194,1098.49,37
9195,Premium Pet Pet Shampoo #9195,556.99,40
9196,Roasted Coffee Decaf Pods #9196,493.99,43
9197,Sweet Tea Matcha Powder #9197,204.00,46
9198,Light Snack Pretzel Sticks #9198,206.00,49
9199,Special Drink Soda Can 330ml #9199,87.00,52
9200,Local Bakery Sourdough Loaf #9200,75.25,55
9201,Fresh Dairy Whipping Cream #9201,239.99,58
9202,Classic Pantry Tomato Sauce #9202,86.00,61
9203,Original Frozen Fish Fillet #9203,416.75,64
9204,Salted Produce Cherry Tomato #9204,166.25,67
9205,Spicy Meat Bacon Strips #9205,764.50,70
9206,Deluxe Bath Conditioner 200ml #9206,220.75,73
9207,Imported Clean Dish Soap #9207,328.99,76
9208,Natural Office Ballpen Black #9208,89.50,79
9209,Organic Tech Webcam #9209,856.75,82
9210,Premium Pet Aquarium Pellets #9210,662.99,85
9211,Roasted Coffee Mocha Mix #9211,379.75,88
9212,Sweet Tea Oolong Tin #9212,278.99,91
9213,Light Snack Cheese Crackers #9213,202.99,94
9214,Special Drink Iced Tea Bottle #9214,111.49,97
9215,Local Bakery Baguette #9215,84.99,5
9216,Fresh Dairy Whole Milk 1L #9216,230.50,8
9217,Classic Pantry Pasta 500g #9217,435.50,11
9218,Original Frozen Veggie Mix #9218,274.99,14
9219,Salted Produce Carrot Pack #9219,129.00,17
9220,Spicy Meat Pork Loin #9220,922.49,20
9221,Deluxe Bath Body Wash #9221,228.25,23
9222,Imported Clean All-Purpose Spray #9222,225.25,26
9223,Natural Office Notebook A5 #9223,139.50,29
9224,Organic Tech USB-C Cable #9224,1068.75,32
9225,Premium Pet Bird Seed #9225,145.00,35
9226,Roasted Coffee Latte Powder #9226,649.00,38
9227,Sweet Tea Earl Grey Box #9227,111.75,41
9228,Light Snack Granola Bar #9228,192.49,44
9229,Special Drink Energy Drink #9229,23.25,47
9230,Local Bakery Croissant #9230,144.50,50
9231,Fresh Dairy Skim Milk 1L #9231,267.49,53
9232,Classic Pantry Olive Oil 500ml #9232,327.50,56
9233,Original Frozen Frozen Dumplings #9233,635.25,59
9234,Salted Produce Sweet Onion #9234,46.50,62
9235,Spicy Meat Sausage Pack #9235,734.75,65
9236,Deluxe Bath Toothpaste #9236,290.49,68
9237,Imported Clean Bleach Bottle #9237,247.99,71
9238,Natural Office Sticky Notes #9238,84.99,74
9239,Organic Tech Phone Charger #9239,1679.25,77
9240,Premium Pet Dog Food 1kg #9240,383.99,80
9241,Roasted Coffee Cappuccino Sticks #9241,437.75,83
9242,Sweet Tea Jasmine Pearls #9242,142.99,86
9243,Light Snack Trail Mix #9243,91.75,89
9244,Special Drink Sports Drink #9244,44.00,92
9245,Local Bakery Cinnamon Roll #9245,77.00,95
9246,Fresh Dairy Greek Yogurt #9246,106.50,98
9247,Classic Pantry Soy Sauce 1L #9247,328.50,6
9248,Original Frozen Frozen Pizza #9248,283.75,9
9249,Salted Produce Garlic Bulb #9249,168.50,12
9250,Spicy Meat Lamb Chops #9250,333.50,15
9251,Deluxe Bath Mouthwash #9251,318.25,18
9252,Imported Clean Floor Wax #9252,386.25,21
9253,Natural Office Highlighter #9253,103.25,24
9254,Organic Tech Earphones #9254,1430.50,27
9255,Premium Pet Cat Food 1kg #9255,856.49,30
9256,Roasted Coffee Espresso Beans #9256,136.00,33
9257,Sweet Tea Hibiscus Leaves #9257,481.49,36
9258,Light Snack Popcorn Bag #9258,110.99,39
9259,Special Drink Juice Box #9259,151.50,42
9260,Local Bakery Banana Bread #9260,138.49,45
9261,Fresh Dairy Cheddar Block #9261,192.99,48
9262,Classic Pantry Brown Sugar 1kg #9262,52.25,51
9263,Original Frozen Ice Cream Tub #9263,489.00,54
9264,Salted Produce Red Apple #9264,141.00,57
9265,Spicy Meat Turkey Slice #9265,1259.99,60
9266,Deluxe Bath Deodorant #9266,91.00,63
9267,Imported Clean Glass Cleaner #9267,186.00,66
9268,Natural Office Stapler #9268,112.00,69
9269,Organic Tech Power Bank #9269,1551.50,72
9270,Premium Pet Pet Treats #9270,718.50,75
9271,Roasted Coffee Arabica Grounds #9271,581.99,78
9272,Sweet Tea Green Tea Bags #9272,142.50,81
9273,Light Snack Beef Jerky #9273,184.49,84
9274,Special Drink Coconut Water #9274,43.25,87
9275,Local Bakery Muffin #9275,158.49,90
9276,Fresh Dairy Mozzarella Ball #9276,410.49,93
9277,Classic Pantry Iodized Salt #9277,214.75,96
9278,Original Frozen Frozen Berries #9278,649.50,99
9279,Salted Produce Banana Bunch #9279,148.00,7
9280,Spicy Meat Pork Belly #9280,984.99,10
9281,Deluxe Bath Hand Sanitizer #9281,245.00,13
9282,Imported Clean Trash Bags #9282,381.00,16
9283,Natural Office Tape Roll #9283,191.00,19
9284,Organic Tech HDMI Cable #9284,1088.49,22
9285,Premium Pet Cat Litter #9285,623.99,25
9286,Roasted Coffee Cold Brew Concentrate #9286,441.25,28
9287,Sweet Tea Black Tea Loose #9287,477.00,31
9288,Light Snack Potato Chips #9288,224.75,34
9289,Special Drink Lemonade Bottle #9289,66.49,37
9290,Local Bakery Bagel #9290,37.00,40
9291,Fresh Dairy Butter Stick #9291,276.99,43
9292,Classic Pantry Black Pepper #9292,239.50,46
9293,Original Frozen French Fries #9293,291.99,49
9294,Salted Produce Cavendish #9294,114.00,52
9295,Spicy Meat Chicken Breast #9295,1172.00,55
9296,Deluxe Bath Bar Soap #9296,329.49,58
9297,Imported Clean Sponge Pack #9297,105.49,61
9298,Natural Office Eraser #9298,155.00,64
9299,Organic Tech Wireless Mouse #9299,831.49,67
9300,Premium Pet Dog Toy #9300,709.99,70
9301,Roasted Coffee Instant Sachets #9301,418.00,73
9302,Sweet Tea Chamomile Pouch #9302,378.00,76
9303,Light Snack Tortilla Chips #9303,137.50,79
9304,Special Drink Mineral Water 500ml #9304,27.49,82
9305,Local Bakery Donut #9305,186.49,85
9306,Fresh Dairy Cream Cheese #9306,58.75,88
9307,Classic Pantry Vinegar Bottle #9307,412.25,91
9308,Original Frozen Chicken Nuggets #9308,522.50,94
9309,Salted Produce Green Lettuce #9309,121.00,97
9310,Spicy Meat Ground Beef #9310,1254.50,5
9311,Deluxe Bath Shampoo 200ml #9311,310.25,8
9312,Imported Clean Laundry Pod #9312,170.75,11
9313,Natural Office Marker Pen #9313,67.25,14
9314,Organic Tech Keyboard #9314,614.49,17
9315,Premium Pet Pet Shampoo #9315,43.49,20
9316,Roasted Coffee Decaf Pods #9316,324.75,23
9317,Sweet Tea Matcha Powder #9317,315.25,26
9318,Light Snack Pretzel Sticks #9318,31.75,29
9319,Special Drink Soda Can 330ml #9319,30.49,32
9320,Local Bakery Sourdough Loaf #9320,64.49,35
9321,Fresh Dairy Whipping Cream #9321,251.75,38
9322,Classic Pantry Tomato Sauce #9322,200.25,41
9323,Original Frozen Fish Fillet #9323,424.49,44
9324,Salted Produce Cherry Tomato #9324,96.00,47
9325,Spicy Meat Bacon Strips #9325,364.49,50
9326,Deluxe Bath Conditioner 200ml #9326,62.75,53
9327,Imported Clean Dish Soap #9327,348.50,56
9328,Natural Office Ballpen Black #9328,42.25,59
9329,Organic Tech Webcam #9329,1031.75,62
9330,Premium Pet Aquarium Pellets #9330,755.50,65
9331,Roasted Coffee Mocha Mix #9331,452.49,68
9332,Sweet Tea Oolong Tin #9332,403.99,71
9333,Light Snack Cheese Crackers #9333,110.00,74
9334,Special Drink Iced Tea Bottle #9334,161.00,77
9335,Local Bakery Baguette #9335,57.50,80
9336,Fresh Dairy Whole Milk 1L #9336,321.50,83
9337,Classic Pantry Pasta 500g #9337,288.75,86
9338,Original Frozen Veggie Mix #9338,390.50,89
9339,Salted Produce Carrot Pack #9339,51.50,92
9340,Spicy Meat Pork Loin #9340,952.25,95
9341,Deluxe Bath Body Wash #9341,287.75,98
9342,Imported Clean All-Purpose Spray #9342,271.25,6
9343,Natural Office Notebook A5 #9343,181.99,9
9344,Organic Tech USB-C Cable #9344,1165.25,12
9345,Premium Pet Bird Seed #9345,474.25,15
9346,Roasted Coffee Latte Powder #9346,258.49,18
9347,Sweet Tea Earl Grey Box #9347,176.50,21
9348,Light Snack Granola Bar #9348,246.25,24
9349,Special Drink Energy Drink #9349,36.75,27
9350,Local Bakery Croissant #9350,207.00,30
9351,Fresh Dairy Skim Milk 1L #9351,46.25,33
9352,Classic Pantry Olive Oil 500ml #9352,125.25,36
9353,Original Frozen Frozen Dumplings #9353,291.25,39
9354,Salted Produce Sweet Onion #9354,125.50,42
9355,Spicy Meat Sausage Pack #9355,1491.75,45
9356,Deluxe Bath Toothpaste #9356,90.25,48
9357,Imported Clean Bleach Bottle #9357,240.75,51
9358,Natural Office Sticky Notes #9358,131.25,54
9359,Organic Tech Phone Charger #9359,309.50,57
9360,Premium Pet Dog Food 1kg #9360,173.25,60
9361,Roasted Coffee Cappuccino Sticks #9361,621.25,63
9362,Sweet Tea Jasmine Pearls #9362,360.49,66
9363,Light Snack Trail Mix #9363,65.00,69
9364,Special Drink Sports Drink #9364,154.25,72
9365,Local Bakery Cinnamon Roll #9365,95.50,75
9366,Fresh Dairy Greek Yogurt #9366,307.49,78
9367,Classic Pantry Soy Sauce 1L #9367,429.50,81
9368,Original Frozen Frozen Pizza #9368,519.99,84
9369,Salted Produce Garlic Bulb #9369,148.00,87
9370,Spicy Meat Lamb Chops #9370,573.50,90
9371,Deluxe Bath Mouthwash #9371,141.75,93
9372,Imported Clean Floor Wax #9372,367.99,96
9373,Natural Office Highlighter #9373,200.75,99
9374,Organic Tech Earphones #9374,2448.00,7
9375,Premium Pet Cat Food 1kg #9375,812.50,10
9376,Roasted Coffee Espresso Beans #9376,547.50,13
9377,Sweet Tea Hibiscus Leaves #9377,229.50,16
9378,Light Snack Popcorn Bag #9378,62.50,19
9379,Special Drink Juice Box #9379,165.99,22
9380,Local Bakery Banana Bread #9380,180.25,25
9381,Fresh Dairy Cheddar Block #9381,287.25,28
9382,Classic Pantry Brown Sugar 1kg #9382,88.25,31
9383,Original Frozen Ice Cream Tub #9383,103.75,34
9384,Salted Produce Red Apple #9384,99.00,37
9385,Spicy Meat Turkey Slice #9385,1204.99,40
9386,Deluxe Bath Deodorant #9386,84.00,43
9387,Imported Clean Glass Cleaner #9387,130.49,46
9388,Natural Office Stapler #9388,249.25,49
9389,Organic Tech Power Bank #9389,2320.75,52
9390,Premium Pet Pet Treats #9390,117.25,55
9391,Roasted Coffee Arabica Grounds #9391,541.50,58
9392,Sweet Tea Green Tea Bags #9392,455.25,61
9393,Light Snack Beef Jerky #9393,112.25,64
9394,Special Drink Coconut Water #9394,143.25,67
9395,Local Bakery Muffin #9395,61.50,70
9396,Fresh Dairy Mozzarella Ball #9396,104.50,73
9397,Classic Pantry Iodized Salt #9397,410.99,76
9398,Original Frozen Frozen Berries #9398,436.49,79
9399,Salted Produce Banana Bunch #9399,35.50,82
9400,Spicy Meat Pork Belly #9400,1226.00,85
9401,Deluxe Bath Hand Sanitizer #9401,164.50,88
9402,Imported Clean Trash Bags #9402,171.25,91
9403,Natural Office Tape Roll #9403,83.99,94
9404,Organic Tech HDMI Cable #9404,459.75,97
9405,Premium Pet Cat Litter #9405,822.99,5
9406,Roasted Coffee Cold Brew Concentrate #9406,84.49,8
9407,Sweet Tea Black Tea Loose #9407,193.00,11
9408,Light Snack Potato Chips #9408,221.99,14
9409,Special Drink Lemonade Bottle #9409,106.99,17
9410,Local Bakery Bagel #9410,165.49,20
9411,Fresh Dairy Butter Stick #9411,274.25,23
9412,Classic Pantry Black Pepper #9412,206.25,26
9413,Original Frozen French Fries #9413,456.49,29
9414,Salted Produce Cavendish #9414,175.25,32
9415,Spicy Meat Chicken Breast #9415,746.00,35
9416,Deluxe Bath Bar Soap #9416,209.49,38
9417,Imported Clean Sponge Pack #9417,393.00,41
9418,Natural Office Eraser #9418,234.25,44
9419,Organic Tech Wireless Mouse #9419,2183.99,47
9420,Premium Pet Dog Toy #9420,396.50,50
9421,Roasted Coffee Instant Sachets #9421,640.75,53
9422,Sweet Tea Chamomile Pouch #9422,333.75,56
9423,Light Snack Tortilla Chips #9423,143.25,59
9424,Special Drink Mineral Water 500ml #9424,128.00,62
9425,Local Bakery Donut #9425,48.49,65
9426,Fresh Dairy Cream Cheese #9426,204.49,68
9427,Classic Pantry Vinegar Bottle #9427,172.49,71
9428,Original Frozen Chicken Nuggets #9428,497.99,74
9429,Salted Produce Green Lettuce #9429,170.99,77
9430,Spicy Meat Ground Beef #9430,862.99,80
9431,Deluxe Bath Shampoo 200ml #9431,78.50,83
9432,Imported Clean Laundry Pod #9432,98.99,86
9433,Natural Office Marker Pen #9433,135.00,89
9434,Organic Tech Keyboard #9434,1495.49,92
9435,Premium Pet Pet Shampoo #9435,759.00,95
9436,Roasted Coffee Decaf Pods #9436,584.49,98
9437,Sweet Tea Matcha Powder #9437,126.25,6
9438,Light Snack Pretzel Sticks #9438,23.50,9
9439,Special Drink Soda Can 330ml #9439,136.99,12
9440,Local Bakery Sourdough Loaf #9440,184.00,15
9441,Fresh Dairy Whipping Cream #9441,188.00,18
9442,Classic Pantry Tomato Sauce #9442,59.49,21
9443,Original Frozen Fish Fillet #9443,377.99,24
9444,Salted Produce Cherry Tomato #9444,129.99,27
9445,Spicy Meat Bacon Strips #9445,269.50,30
9446,Deluxe Bath Conditioner 200ml #9446,259.25,33
9447,Imported Clean Dish Soap #9447,192.99,36
9448,Natural Office Ballpen Black #9448,233.50,39
9449,Organic Tech Webcam #9449,2283.75,42
9450,Premium Pet Aquarium Pellets #9450,259.75,45
9451,Roasted Coffee Mocha Mix #9451,166.75,48
9452,Sweet Tea Oolong Tin #9452,424.00,51
9453,Light Snack Cheese Crackers #9453,76.25,54
9454,Special Drink Iced Tea Bottle #9454,103.49,57
9455,Local Bakery Baguette #9455,78.49,60
9456,Fresh Dairy Whole Milk 1L #9456,65.49,63
9457,Classic Pantry Pasta 500g #9457,449.49,66
9458,Original Frozen Veggie Mix #9458,370.00,69
9459,Salted Produce Carrot Pack #9459,24.75,72
9460,Spicy Meat Pork Loin #9460,1312.49,75
9461,Deluxe Bath Body Wash #9461,194.00,78
9462,Imported Clean All-Purpose Spray #9462,365.50,81
9463,Natural Office Notebook A5 #9463,130.00,84
9464,Organic Tech USB-C Cable #9464,390.99,87
9465,Premium Pet Bird Seed #9465,511.49,90
9466,Roasted Coffee Latte Powder #9466,269.00,93
9467,Sweet Tea Earl Grey Box #9467,242.49,96
9468,Light Snack Granola Bar #9468,207.75,99
9469,Special Drink Energy Drink #9469,144.50,7
9470,Local Bakery Croissant #9470,112.00,10
9471,Fresh Dairy Skim Milk 1L #9471,282.25,13
9472,Classic Pantry Olive Oil 500ml #9472,225.50,16
9473,Original Frozen Frozen Dumplings #9473,601.25,19
9474,Salted Produce Sweet Onion #9474,105.49,22
9475,Spicy Meat Sausage Pack #9475,625.75,25
9476,Deluxe Bath Toothpaste #9476,329.75,28
9477,Imported Clean Bleach Bottle #9477,138.50,31
9478,Natural Office Sticky Notes #9478,88.00,34
9479,Organic Tech Phone Charger #9479,351.25,37
9480,Premium Pet Dog Food 1kg #9480,74.50,40
9481,Roasted Coffee Cappuccino Sticks #9481,395.25,43
9482,Sweet Tea Jasmine Pearls #9482,295.50,46
9483,Light Snack Trail Mix #9483,112.00,49
9484,Special Drink Sports Drink #9484,39.25,52
9485,Local Bakery Cinnamon Roll #9485,158.75,55
9486,Fresh Dairy Greek Yogurt #9486,408.99,58
9487,Classic Pantry Soy Sauce 1L #9487,32.00,61
9488,Original Frozen Frozen Pizza #9488,564.50,64
9489,Salted Produce Garlic Bulb #9489,119.00,67
9490,Spicy Meat Lamb Chops #9490,694.00,70
9491,Deluxe Bath Mouthwash #9491,172.00,73
9492,Imported Clean Floor Wax #9492,274.25,76
9493,Natural Office Highlighter #9493,187.99,79
9494,Organic Tech Earphones #9494,2006.25,82
9495,Premium Pet Cat Food 1kg #9495,933.25,85
9496,Roasted Coffee Espresso Beans #9496,56.75,88
9497,Sweet Tea Hibiscus Leaves #9497,418.00,91
9498,Light Snack Popcorn Bag #9498,67.99,94
9499,Special Drink Juice Box #9499,148.00,97
9500,Local Bakery Banana Bread #9500,122.75,5
9501,Fresh Dairy Cheddar Block #9501,170.25,8
9502,Classic Pantry Brown Sugar 1kg #9502,162.50,11
9503,Original Frozen Ice Cream Tub #9503,423.00,14
9504,Salted Produce Red Apple #9504,60.49,17
9505,Spicy Meat Turkey Slice #9505,890.50,20
9506,Deluxe Bath Deodorant #9506,293.50,23
9507,Imported Clean Glass Cleaner #9507,248.25,26
9508,Natural Office Stapler #9508,244.00,29
9509,Organic Tech Power Bank #9509,1556.49,32
9510,Premium Pet Pet Treats #9510,83.00,35
9511,Roasted Coffee Arabica Grounds #9511,285.50,38
9512,Sweet Tea Green Tea Bags #9512,465.00,41
9513,Light Snack Beef Jerky #9513,16.50,44
9514,Special Drink Coconut Water #9514,159.25,47
9515,Local Bakery Muffin #9515,189.99,50
9516,Fresh Dairy Mozzarella Ball #9516,246.50,53
9517,Classic Pantry Iodized Salt #9517,93.75,56
9518,Original Frozen Frozen Berries #9518,258.00,59
9519,Salted Produce Banana Bunch #9519,103.99,62
9520,Spicy Meat Pork Belly #9520,589.50,65
9521,Deluxe Bath Hand Sanitizer #9521,324.00,68
9522,Imported Clean Trash Bags #9522,168.25,71
9523,Natural Office Tape Roll #9523,129.75,74
9524,Organic Tech HDMI Cable #9524,2300.75,77
9525,Premium Pet Cat Litter #9525,857.25,80
9526,Roasted Coffee Cold Brew Concentrate #9526,261.49,83
9527,Sweet Tea Black Tea Loose #9527,175.00,86
9528,Light Snack Potato Chips #9528,133.00,89
9529,Special Drink Lemonade Bottle #9529,40.75,92
9530,Local Bakery Bagel #9530,103.49,95
9531,Fresh Dairy Butter Stick #9531,61.00,98
9532,Classic Pantry Black Pepper #9532,384.49,6
9533,Original Frozen French Fries #9533,240.00,9
9534,Salted Produce Cavendish #9534,63.75,12
9535,Spicy Meat Chicken Breast #9535,566.99,15
9536,Deluxe Bath Bar Soap #9536,266.25,18
9537,Imported Clean Sponge Pack #9537,243.25,21
9538,Natural Office Eraser #9538,208.99,24
9539,Organic Tech Wireless Mouse #9539,1964.25,27
9540,Premium Pet Dog Toy #9540,903.99,30
9541,Roasted Coffee Instant Sachets #9541,557.00,33
9542,Sweet Tea Chamomile Pouch #9542,371.00,36
9543,Light Snack Tortilla Chips #9543,125.99,39
9544,Special Drink Mineral Water 500ml #9544,84.75,42
9545,Local Bakery Donut #9545,84.75,45
9546,Fresh Dairy Cream Cheese #9546,73.75,48
9547,Classic Pantry Vinegar Bottle #9547,390.49,51
9548,Original Frozen Chicken Nuggets #9548,540.00,54
9549,Salted Produce Green Lettuce #9549,170.25,57
9550,Spicy Meat Ground Beef #9550,836.49,60
9551,Deluxe Bath Shampoo 200ml #9551,101.25,63
9552,Imported Clean Laundry Pod #9552,226.75,66
9553,Natural Office Marker Pen #9553,219.49,69
9554,Organic Tech Keyboard #9554,205.49,72
9555,Premium Pet Pet Shampoo #9555,157.49,75
9556,Roasted Coffee Decaf Pods #9556,190.99,78
9557,Sweet Tea Matcha Powder #9557,408.99,81
9558,Light Snack Pretzel Sticks #9558,20.00,84
9559,Special Drink Soda Can 330ml #9559,27.99,87
9560,Local Bakery Sourdough Loaf #9560,174.99,90
9561,Fresh Dairy Whipping Cream #9561,415.00,93
9562,Classic Pantry Tomato Sauce #9562,421.25,96
9563,Original Frozen Fish Fillet #9563,570.75,99
9564,Salted Produce Cherry Tomato #9564,119.99,7
9565,Spicy Meat Bacon Strips #9565,284.99,10
9566,Deluxe Bath Conditioner 200ml #9566,97.25,13
9567,Imported Clean Dish Soap #9567,173.50,16
9568,Natural Office Ballpen Black #9568,101.75,19
9569,Organic Tech Webcam #9569,157.00,22
9570,Premium Pet Aquarium Pellets #9570,314.25,25
9571,Roasted Coffee Mocha Mix #9571,151.99,28
9572,Sweet Tea Oolong Tin #9572,200.49,31
9573,Light Snack Cheese Crackers #9573,33.49,34
9574,Special Drink Iced Tea Bottle #9574,171.50,37
9575,Local Bakery Baguette #9575,149.49,40
9576,Fresh Dairy Whole Milk 1L #9576,186.50,43
9577,Classic Pantry Pasta 500g #9577,267.00,46
9578,Original Frozen Veggie Mix #9578,224.49,49
9579,Salted Produce Carrot Pack #9579,62.49,52
9580,Spicy Meat Pork Loin #9580,221.75,55
9581,Deluxe Bath Body Wash #9581,175.50,58
9582,Imported Clean All-Purpose Spray #9582,81.75,61
9583,Natural Office Notebook A5 #9583,217.00,64
9584,Organic Tech USB-C Cable #9584,348.99,67
9585,Premium Pet Bird Seed #9585,714.99,70
9586,Roasted Coffee Latte Powder #9586,211.99,73
9587,Sweet Tea Earl Grey Box #9587,486.99,76
9588,Light Snack Granola Bar #9588,66.99,79
9589,Special Drink Energy Drink #9589,69.99,82
9590,Local Bakery Croissant #9590,73.00,85
9591,Fresh Dairy Skim Milk 1L #9591,131.25,88
9592,Classic Pantry Olive Oil 500ml #9592,88.50,91
9593,Original Frozen Frozen Dumplings #9593,172.25,94
9594,Salted Produce Sweet Onion #9594,120.49,97
9595,Spicy Meat Sausage Pack #9595,1425.50,5
9596,Deluxe Bath Toothpaste #9596,349.50,8
9597,Imported Clean Bleach Bottle #9597,250.99,11
9598,Natural Office Sticky Notes #9598,169.49,14
9599,Organic Tech Phone Charger #9599,2157.49,17
9600,Premium Pet Dog Food 1kg #9600,699.25,20
9601,Roasted Coffee Cappuccino Sticks #9601,556.75,23
9602,Sweet Tea Jasmine Pearls #9602,457.00,26
9603,Light Snack Trail Mix #9603,233.50,29
9604,Special Drink Sports Drink #9604,107.50,32
9605,Local Bakery Cinnamon Roll #9605,147.75,35
9606,Fresh Dairy Greek Yogurt #9606,372.75,38
9607,Classic Pantry Soy Sauce 1L #9607,92.99,41
9608,Original Frozen Frozen Pizza #9608,285.75,44
9609,Salted Produce Garlic Bulb #9609,70.50,47
9610,Spicy Meat Lamb Chops #9610,211.75,50
9611,Deluxe Bath Mouthwash #9611,108.00,53
9612,Imported Clean Floor Wax #9612,195.49,56
9613,Natural Office Highlighter #9613,60.50,59
9614,Organic Tech Earphones #9614,824.00,62
9615,Premium Pet Cat Food 1kg #9615,400.75,65
9616,Roasted Coffee Espresso Beans #9616,457.99,68
9617,Sweet Tea Hibiscus Leaves #9617,114.75,71
9618,Light Snack Popcorn Bag #9618,171.99,74
9619,Special Drink Juice Box #9619,100.00,77
9620,Local Bakery Banana Bread #9620,137.50,80
9621,Fresh Dairy Cheddar Block #9621,283.00,83
9622,Classic Pantry Brown Sugar 1kg #9622,481.75,86
9623,Original Frozen Ice Cream Tub #9623,346.25,89
9624,Salted Produce Red Apple #9624,174.49,92
9625,Spicy Meat Turkey Slice #9625,1443.50,95
9626,Deluxe Bath Deodorant #9626,53.99,98
9627,Imported Clean Glass Cleaner #9627,303.50,6
9628,Natural Office Stapler #9628,127.50,9
9629,Organic Tech Power Bank #9629,2203.99,12
9630,Premium Pet Pet Treats #9630,598.50,15
9631,Roasted Coffee Arabica Grounds #9631,188.75,18
9632,Sweet Tea Green Tea Bags #9632,150.49,21
9633,Light Snack Beef Jerky #9633,158.50,24
9634,Special Drink Coconut Water #9634,50.49,27
9635,Local Bakery Muffin #9635,217.50,30
9636,Fresh Dairy Mozzarella Ball #9636,249.75,33
9637,Classic Pantry Iodized Salt #9637,196.75,36
9638,Original Frozen Frozen Berries #9638,633.25,39
9639,Salted Produce Banana Bunch #9639,115.50,42
9640,Spicy Meat Pork Belly #9640,1327.49,45
9641,Deluxe Bath Hand Sanitizer #9641,113.50,48
9642,Imported Clean Trash Bags #9642,246.25,51
9643,Natural Office Tape Roll #9643,246.75,54
9644,Organic Tech HDMI Cable #9644,1614.99,57
9645,Premium Pet Cat Litter #9645,167.00,60
9646,Roasted Coffee Cold Brew Concentrate #9646,163.49,63
9647,Sweet Tea Black Tea Loose #9647,195.49,66
9648,Light Snack Potato Chips #9648,52.49,69
9649,Special Drink Lemonade Bottle #9649,168.49,72
9650,Local Bakery Bagel #9650,76.49,75
9651,Fresh Dairy Butter Stick #9651,278.99,78
9652,Classic Pantry Black Pepper #9652,398.25,81
9653,Original Frozen French Fries #9653,577.49,84
9654,Salted Produce Cavendish #9654,24.49,87
9655,Spicy Meat Chicken Breast #9655,567.00,90
9656,Deluxe Bath Bar Soap #9656,328.50,93
9657,Imported Clean Sponge Pack #9657,115.00,96
9658,Natural Office Eraser #9658,63.75,99
9659,Organic Tech Wireless Mouse #9659,336.49,7
9660,Premium Pet Dog Toy #9660,43.75,10
9661,Roasted Coffee Instant Sachets #9661,387.99,13
9662,Sweet Tea Chamomile Pouch #9662,489.99,16
9663,Light Snack Tortilla Chips #9663,31.00,19
9664,Special Drink Mineral Water 500ml #9664,177.49,22
9665,Local Bakery Donut #9665,96.25,25
9666,Fresh Dairy Cream Cheese #9666,93.25,28
9667,Classic Pantry Vinegar Bottle #9667,486.75,31
9668,Original Frozen Chicken Nuggets #9668,519.00,34
9669,Salted Produce Green Lettuce #9669,142.25,37
9670,Spicy Meat Ground Beef #9670,1377.50,40
9671,Deluxe Bath Shampoo 200ml #9671,212.99,43
9672,Imported Clean Laundry Pod #9672,290.99,46
9673,Natural Office Marker Pen #9673,111.25,49
9674,Organic Tech Keyboard #9674,2417.75,52
9675,Premium Pet Pet Shampoo #9675,348.75,55
9676,Roasted Coffee Decaf Pods #9676,139.99,58
9677,Sweet Tea Matcha Powder #9677,277.50,61
9678,Light Snack Pretzel Sticks #9678,182.99,64
9679,Special Drink Soda Can 330ml #9679,113.00,67
9680,Local Bakery Sourdough Loaf #9680,28.25,70
9681,Fresh Dairy Whipping Cream #9681,272.49,73
9682,Classic Pantry Tomato Sauce #9682,307.50,76
9683,Original Frozen Fish Fillet #9683,373.25,79
9684,Salted Produce Cherry Tomato #9684,54.49,82
9685,Spicy Meat Bacon Strips #9685,610.50,85
9686,Deluxe Bath Conditioner 200ml #9686,321.00,88
9687,Imported Clean Dish Soap #9687,299.00,91
9688,Natural Office Ballpen Black #9688,84.99,94
9689,Organic Tech Webcam #9689,1135.99,97
9690,Premium Pet Aquarium Pellets #9690,144.49,5
9691,Roasted Coffee Mocha Mix #9691,156.49,8
9692,Sweet Tea Oolong Tin #9692,48.49,11
9693,Light Snack Cheese Crackers #9693,229.00,14
9694,Special Drink Iced Tea Bottle #9694,22.00,17
9695,Local Bakery Baguette #9695,121.49,20
9696,Fresh Dairy Whole Milk 1L #9696,108.25,23
9697,Classic Pantry Pasta 500g #9697,226.25,26
9698,Original Frozen Veggie Mix #9698,98.25,29
9699,Salted Produce Carrot Pack #9699,57.49,32
9700,Spicy Meat Pork Loin #9700,898.99,35
9701,Deluxe Bath Body Wash #9701,97.99,38
9702,Imported Clean All-Purpose Spray #9702,280.75,41
9703,Natural Office Notebook A5 #9703,203.49,44
9704,Organic Tech USB-C Cable #9704,1101.50,47
9705,Premium Pet Bird Seed #9705,434.25,50
9706,Roasted Coffee Latte Powder #9706,57.50,53
9707,Sweet Tea Earl Grey Box #9707,476.00,56
9708,Light Snack Granola Bar #9708,31.50,59
9709,Special Drink Energy Drink #9709,22.49,62
9710,Local Bakery Croissant #9710,62.75,65
9711,Fresh Dairy Skim Milk 1L #9711,387.00,68
9712,Classic Pantry Olive Oil 500ml #9712,31.99,71
9713,Original Frozen Frozen Dumplings #9713,280.00,74
9714,Salted Produce Sweet Onion #9714,43.25,77
9715,Spicy Meat Sausage Pack #9715,1078.99,80
9716,Deluxe Bath Toothpaste #9716,290.49,83
9717,Imported Clean Bleach Bottle #9717,409.50,86
9718,Natural Office Sticky Notes #9718,186.75,89
9719,Organic Tech Phone Charger #9719,936.00,92
9720,Premium Pet Dog Food 1kg #9720,903.00,95
9721,Roasted Coffee Cappuccino Sticks #9721,279.00,98
9722,Sweet Tea Jasmine Pearls #9722,154.49,6
9723,Light Snack Trail Mix #9723,51.25,9
9724,Special Drink Sports Drink #9724,88.00,12
9725,Local Bakery Cinnamon Roll #9725,160.49,15
9726,Fresh Dairy Greek Yogurt #9726,297.50,18
9727,Classic Pantry Soy Sauce 1L #9727,221.50,21
9728,Original Frozen Frozen Pizza #9728,377.25,24
9729,Salted Produce Garlic Bulb #9729,143.00,27
9730,Spicy Meat Lamb Chops #9730,1478.25,30
9731,Deluxe Bath Mouthwash #9731,249.75,33
9732,Imported Clean Floor Wax #9732,193.75,36
9733,Natural Office Highlighter #9733,137.50,39
9734,Organic Tech Earphones #9734,2210.49,42
9735,Premium Pet Cat Food 1kg #9735,857.75,45
9736,Roasted Coffee Espresso Beans #9736,622.49,48
9737,Sweet Tea Hibiscus Leaves #9737,427.75,51
9738,Light Snack Popcorn Bag #9738,50.50,54
9739,Special Drink Juice Box #9739,93.49,57
9740,Local Bakery Banana Bread #9740,135.00,60
9741,Fresh Dairy Cheddar Block #9741,162.99,63
9742,Classic Pantry Brown Sugar 1kg #9742,419.25,66
9743,Original Frozen Ice Cream Tub #9743,346.49,69
9744,Salted Produce Red Apple #9744,148.50,72
9745,Spicy Meat Turkey Slice #9745,248.25,75
9746,Deluxe Bath Deodorant #9746,186.75,78
9747,Imported Clean Glass Cleaner #9747,211.50,81
9748,Natural Office Stapler #9748,231.49,84
9749,Organic Tech Power Bank #9749,2335.50,87
9750,Premium Pet Pet Treats #9750,913.50,90
9751,Roasted Coffee Arabica Grounds #9751,218.25,93
9752,Sweet Tea Green Tea Bags #9752,387.49,96
9753,Light Snack Beef Jerky #9753,196.25,99
9754,Special Drink Coconut Water #9754,178.25,7
9755,Local Bakery Muffin #9755,68.25,10
9756,Fresh Dairy Mozzarella Ball #9756,121.75,13
9757,Classic Pantry Iodized Salt #9757,110.49,16
9758,Original Frozen Frozen Berries #9758,172.00,19
9759,Salted Produce Banana Bunch #9759,120.99,22
9760,Spicy Meat Pork Belly #9760,158.99,25
9761,Deluxe Bath Hand Sanitizer #9761,194.99,28
9762,Imported Clean Trash Bags #9762,293.49,31
9763,Natural Office Tape Roll #9763,13.99,34
9764,Organic Tech HDMI Cable #9764,2147.50,37
9765,Premium Pet Cat Litter #9765,765.50,40
9766,Roasted Coffee Cold Brew Concentrate #9766,629.50,43
9767,Sweet Tea Black Tea Loose #9767,104.75,46
9768,Light Snack Potato Chips #9768,202.49,49
9769,Special Drink Lemonade Bottle #9769,74.75,52
9770,Local Bakery Bagel #9770,64.99,55
9771,Fresh Dairy Butter Stick #9771,160.25,58
9772,Classic Pantry Black Pepper #9772,288.75,61
9773,Original Frozen French Fries #9773,449.75,64
9774,Salted Produce Cavendish #9774,32.00,67
9775,Spicy Meat Chicken Breast #9775,1122.50,70
9776,Deluxe Bath Bar Soap #9776,160.75,73
9777,Imported Clean Sponge Pack #9777,227.49,76
9778,Natural Office Eraser #9778,65.49,79
9779,Organic Tech Wireless Mouse #9779,1944.49,82
9780,Premium Pet Dog Toy #9780,295.00,85
9781,Roasted Coffee Instant Sachets #9781,121.75,88
9782,Sweet Tea Chamomile Pouch #9782,83.75,91
9783,Light Snack Tortilla Chips #9783,226.75,94
9784,Special Drink Mineral Water 500ml #9784,55.49,97
9785,Local Bakery Donut #9785,151.00,5
9786,Fresh Dairy Cream Cheese #9786,45.75,8
9787,Classic Pantry Vinegar Bottle #9787,258.00,11
9788,Original Frozen Chicken Nuggets #9788,187.99,14
9789,Salted Produce Green Lettuce #9789,119.99,17
9790,Spicy Meat Ground Beef #9790,780.75,20
9791,Deluxe Bath Shampoo 200ml #9791,74.49,23
9792,Imported Clean Laundry Pod #9792,181.25,26
9793,Natural Office Marker Pen #9793,58.99,29
9794,Organic Tech Keyboard #9794,825.75,32
9795,Premium Pet Pet Shampoo #9795,318.49,35
9796,Roasted Coffee Decaf Pods #9796,511.75,38
9797,Sweet Tea Matcha Powder #9797,445.49,41
9798,Light Snack Pretzel Sticks #9798,73.49,44
9799,Special Drink Soda Can 330ml #9799,120.99,47
9800,Local Bakery Sourdough Loaf #9800,122.50,50
9801,Fresh Dairy Whipping Cream #9801,254.25,53
9802,Classic Pantry Tomato Sauce #9802,186.25,56
9803,Original Frozen Fish Fillet #9803,523.25,59
9804,Salted Produce Cherry Tomato #9804,75.25,62
9805,Spicy Meat Bacon Strips #9805,913.49,65
9806,Deluxe Bath Conditioner 200ml #9806,264.75,68
9807,Imported Clean Dish Soap #9807,159.50,71
9808,Natural Office Ballpen Black #9808,181.25,74
9809,Organic Tech Webcam #9809,1553.50,77
9810,Premium Pet Aquarium Pellets #9810,302.75,80
9811,Roasted Coffee Mocha Mix #9811,150.00,83
9812,Sweet Tea Oolong Tin #9812,240.50,86
9813,Light Snack Cheese Crackers #9813,78.50,89
9814,Special Drink Iced Tea Bottle #9814,151.75,92
9815,Local Bakery Baguette #9815,137.00,95
9816,Fresh Dairy Whole Milk 1L #9816,52.25,98
9817,Classic Pantry Pasta 500g #9817,68.49,6
9818,Original Frozen Veggie Mix #9818,219.75,9
9819,Salted Produce Carrot Pack #9819,79.49,12
9820,Spicy Meat Pork Loin #9820,499.49,15
9821,Deluxe Bath Body Wash #9821,73.00,18
9822,Imported Clean All-Purpose Spray #9822,381.75,21
9823,Natural Office Notebook A5 #9823,44.25,24
9824,Organic Tech USB-C Cable #9824,1834.99,27
9825,Premium Pet Bird Seed #9825,149.99,30
9826,Roasted Coffee Latte Powder #9826,285.99,33
9827,Sweet Tea Earl Grey Box #9827,383.25,36
9828,Light Snack Granola Bar #9828,246.75,39
9829,Special Drink Energy Drink #9829,163.99,42
9830,Local Bakery Croissant #9830,180.25,45
9831,Fresh Dairy Skim Milk 1L #9831,374.99,48
9832,Classic Pantry Olive Oil 500ml #9832,67.25,51
9833,Original Frozen Frozen Dumplings #9833,635.75,54
9834,Salted Produce Sweet Onion #9834,117.50,57
9835,Spicy Meat Sausage Pack #9835,359.50,60
9836,Deluxe Bath Toothpaste #9836,314.99,63
9837,Imported Clean Bleach Bottle #9837,338.99,66
9838,Natural Office Sticky Notes #9838,103.50,69
9839,Organic Tech Phone Charger #9839,1936.25,72
9840,Premium Pet Dog Food 1kg #9840,687.75,75
9841,Roasted Coffee Cappuccino Sticks #9841,364.75,78
9842,Sweet Tea Jasmine Pearls #9842,442.25,81
9843,Light Snack Trail Mix #9843,85.00,84
9844,Special Drink Sports Drink #9844,41.99,87
9845,Local Bakery Cinnamon Roll #9845,41.50,90
9846,Fresh Dairy Greek Yogurt #9846,249.75,93
9847,Classic Pantry Soy Sauce 1L #9847,133.49,96
9848,Original Frozen Frozen Pizza #9848,101.50,99
9849,Salted Produce Garlic Bulb #9849,159.00,7
9850,Spicy Meat Lamb Chops #9850,1176.50,10
9851,Deluxe Bath Mouthwash #9851,316.00,13
9852,Imported Clean Floor Wax #9852,205.00,16
9853,Natural Office Highlighter #9853,33.49,19
9854,Organic Tech Earphones #9854,609.00,22
9855,Premium Pet Cat Food 1kg #9855,530.25,25
9856,Roasted Coffee Espresso Beans #9856,397.50,28
9857,Sweet Tea Hibiscus Leaves #9857,152.50,31
9858,Light Snack Popcorn Bag #9858,53.75,34
9859,Special Drink Juice Box #9859,56.49,37
9860,Local Bakery Banana Bread #9860,108.49,40
9861,Fresh Dairy Cheddar Block #9861,70.49,43
9862,Classic Pantry Brown Sugar 1kg #9862,250.49,46
9863,Original Frozen Ice Cream Tub #9863,133.50,49
9864,Salted Produce Red Apple #9864,148.75,52
9865,Spicy Meat Turkey Slice #9865,471.99,55
9866,Deluxe Bath Deodorant #9866,188.49,58
9867,Imported Clean Glass Cleaner #9867,163.99,61
9868,Natural Office Stapler #9868,93.99,64
9869,Organic Tech Power Bank #9869,403.25,67
9870,Premium Pet Pet Treats #9870,160.00,70
9871,Roasted Coffee Arabica Grounds #9871,643.49,73
9872,Sweet Tea Green Tea Bags #9872,57.00,76
9873,Light Snack Beef Jerky #9873,34.25,79
9874,Special Drink Coconut Water #9874,98.25,82
9875,Local Bakery Muffin #9875,92.50,85
9876,Fresh Dairy Mozzarella Ball #9876,45.00,88
9877,Classic Pantry Iodized Salt #9877,299.99,91
9878,Original Frozen Frozen Berries #9878,356.99,94
9879,Salted Produce Banana Bunch #9879,29.99,97
9880,Spicy Meat Pork Belly #9880,652.25,5
9881,Deluxe Bath Hand Sanitizer #9881,186.99,8
9882,Imported Clean Trash Bags #9882,130.49,11
9883,Natural Office Tape Roll #9883,67.25,14
9884,Organic Tech HDMI Cable #9884,1901.49,17
9885,Premium Pet Cat Litter #9885,333.49,20
9886,Roasted Coffee Cold Brew Concentrate #9886,606.49,23
9887,Sweet Tea Black Tea Loose #9887,324.00,26
9888,Light Snack Potato Chips #9888,50.75,29
9889,Special Drink Lemonade Bottle #9889,110.99,32
9890,Local Bakery Bagel #9890,157.50,35
9891,Fresh Dairy Butter Stick #9891,386.50,38
9892,Classic Pantry Black Pepper #9892,235.50,41
9893,Original Frozen French Fries #9893,160.49,44
9894,Salted Produce Cavendish #9894,151.00,47
9895,Spicy Meat Chicken Breast #9895,723.25,50
9896,Deluxe Bath Bar Soap #9896,315.50,53
9897,Imported Clean Sponge Pack #9897,264.99,56
9898,Natural Office Eraser #9898,126.49,59
9899,Organic Tech Wireless Mouse #9899,325.25,62
9900,Premium Pet Dog Toy #9900,924.99,65
9901,Roasted Coffee Instant Sachets #9901,605.25,68
9902,Sweet Tea Chamomile Pouch #9902,153.99,71
9903,Light Snack Tortilla Chips #9903,117.25,74
9904,Special Drink Mineral Water 500ml #9904,104.50,77
9905,Local Bakery Donut #9905,84.99,80
9906,Fresh Dairy Cream Cheese #9906,45.00,83
9907,Classic Pantry Vinegar Bottle #9907,70.99,86
9908,Original Frozen Chicken Nuggets #9908,537.75,89
9909,Salted Produce Green Lettuce #9909,59.25,92
9910,Spicy Meat Ground Beef #9910,135.25,95
9911,Deluxe Bath Shampoo 200ml #9911,78.50,98
9912,Imported Clean Laundry Pod #9912,78.75,6
9913,Natural Office Marker Pen #9913,15.75,9
9914,Organic Tech Keyboard #9914,2396.99,12
9915,Premium Pet Pet Shampoo #9915,227.49,15
9916,Roasted Coffee Decaf Pods #9916,445.99,18
9917,Sweet Tea Matcha Powder #9917,341.50,21
9918,Light Snack Pretzel Sticks #9918,70.50,24
9919,Special Drink Soda Can 330ml #9919,83.49,27
9920,Local Bakery Sourdough Loaf #9920,134.99,30
9921,Fresh Dairy Whipping Cream #9921,395.25,33
9922,Classic Pantry Tomato Sauce #9922,230.49,36
9923,Original Frozen Fish Fillet #9923,385.75,39
9924,Salted Produce Cherry Tomato #9924,166.99,42
9925,Spicy Meat Bacon Strips #9925,794.00,45
9926,Deluxe Bath Conditioner 200ml #9926,267.50,48
9927,Imported Clean Dish Soap #9927,314.50,51
9928,Natural Office Ballpen Black #9928,50.99,54
9929,Organic Tech Webcam #9929,315.50,57
9930,Premium Pet Aquarium Pellets #9930,600.25,60
9931,Roasted Coffee Mocha Mix #9931,646.75,63
9932,Sweet Tea Oolong Tin #9932,297.00,66
9933,Light Snack Cheese Crackers #9933,135.75,69
9934,Special Drink Iced Tea Bottle #9934,103.99,72
9935,Local Bakery Baguette #9935,166.49,75
9936,Fresh Dairy Whole Milk 1L #9936,362.99,78
9937,Classic Pantry Pasta 500g #9937,419.50,81
9938,Original Frozen Veggie Mix #9938,256.00,84
9939,Salted Produce Carrot Pack #9939,153.25,87
9940,Spicy Meat Pork Loin #9940,267.49,90
9941,Deluxe Bath Body Wash #9941,188.99,93
9942,Imported Clean All-Purpose Spray #9942,335.50,96
9943,Natural Office Notebook A5 #9943,46.99,99
9944,Organic Tech USB-C Cable #9944,559.99,7
9945,Premium Pet Bird Seed #9945,893.99,10
9946,Roasted Coffee Latte Powder #9946,534.49,13
9947,Sweet Tea Earl Grey Box #9947,106.25,16
9948,Light Snack Granola Bar #9948,174.99,19
9949,Special Drink Energy Drink #9949,21.25,22
9950,Local Bakery Croissant #9950,65.00,25
9951,Fresh Dairy Skim Milk 1L #9951,320.75,28
9952,Classic Pantry Olive Oil 500ml #9952,274.25,31
9953,Original Frozen Frozen Dumplings #9953,310.00,34
9954,Salted Produce Sweet Onion #9954,119.99,37
9955,Spicy Meat Sausage Pack #9955,888.50,40
9956,Deluxe Bath Toothpaste #9956,215.25,43
9957,Imported Clean Bleach Bottle #9957,116.99,46
9958,Natural Office Sticky Notes #9958,227.50,49
9959,Organic Tech Phone Charger #9959,608.99,52
9960,Premium Pet Dog Food 1kg #9960,500.50,55
9961,Roasted Coffee Cappuccino Sticks #9961,567.25,58
9962,Sweet Tea Jasmine Pearls #9962,262.00,61
9963,Light Snack Trail Mix #9963,78.99,64
9964,Special Drink Sports Drink #9964,107.50,67
9965,Local Bakery Cinnamon Roll #9965,163.50,70
9966,Fresh Dairy Greek Yogurt #9966,249.50,73
9967,Classic Pantry Soy Sauce 1L #9967,64.50,76
9968,Original Frozen Frozen Pizza #9968,200.49,79
9969,Salted Produce Garlic Bulb #9969,34.50,82
9970,Spicy Meat Lamb Chops #9970,1232.25,85
9971,Deluxe Bath Mouthwash #9971,347.49,88
9972,Imported Clean Floor Wax #9972,212.99,91
9973,Natural Office Highlighter #9973,204.00,94
9974,Organic Tech Earphones #9974,1259.99,97
9975,Premium Pet Cat Food 1kg #9975,632.25,5
9976,Roasted Coffee Espresso Beans #9976,577.49,8
9977,Sweet Tea Hibiscus Leaves #9977,108.00,11
9978,Light Snack Popcorn Bag #9978,140.75,14
9979,Special Drink Juice Box #9979,44.50,17
9980,Local Bakery Banana Bread #9980,203.25,20
9981,Fresh Dairy Cheddar Block #9981,206.50,23
9982,Classic Pantry Brown Sugar 1kg #9982,281.99,26
9983,Original Frozen Ice Cream Tub #9983,624.99,29
9984,Salted Produce Red Apple #9984,148.99,32
9985,Spicy Meat Turkey Slice #9985,126.75,35
9986,Deluxe Bath Deodorant #9986,162.00,38
9987,Imported Clean Glass Cleaner #9987,246.75,41
9988,Natural Office Stapler #9988,195.25,44
9989,Organic Tech Power Bank #9989,391.75,47
9990,Premium Pet Pet Treats #9990,655.75,50
9991,Roasted Coffee Arabica Grounds #9991,526.00,53
9992,Sweet Tea Green Tea Bags #9992,294.50,56
9993,Light Snack Beef Jerky #9993,145.49,59
9994,Special Drink Coconut Water #9994,129.00,62
9995,Local Bakery Muffin #9995,139.25,65
9996,Fresh Dairy Mozzarella Ball #9996,43.49,68
9997,Classic Pantry Iodized Salt #9997,283.75,71
9998,Original Frozen Frozen Berries #9998,291.50,74
9999,Salted Produce Banana Bunch #9999,168.00,77
10000,Spicy Meat Pork Belly #10000,1402.00,80